Accession,MM mean abundances (Scaled),MM mean abundances (Scaled-Normalized),MM + Nitrogen mean abundances (Scaled),MM + Nitrogen mean abundances (Scaled-Normalized),MM mean abundances (Raw),MM mean abundances (Raw-Normalized),MM + Nitrogen mean abundances (Raw),MM + Nitrogen mean abundances (Raw-Normalized),length,sequence,max_abundance
AO090003001591,230.0666666666667,0.0585371485493485,69.16666666666666,0.0585371485493485,10477634165.722994,1.0,4066685834.79297,1.0,20,MMVAWWSLFLYGLQVAAPAL,10477634165.722994
AO090003000935,5.7,0.0592846083355953,64.83333333333333,0.0592846083355953,106626244.26879883,0.010224128409742865,1494872390.6549466,0.4179234540632222,27,MEAFNLHNFLSSLYILLPFVILANPVH,1494872390.6549466
AO090103000076,0.6999999999999998,0.43003548338470887,472.8999999999999,0.43003548338470887,1496426.605468753,0.00014380823699042516,1202414801.2812493,0.339312307761118,18,MLRVSAIFMACLLLATAA,1202414801.2812493
AO090026000003,0.8333333333333334,0.41438259178881104,470.1000000000001,0.41438259178881104,1498718.0069986985,0.000144149245615704,1061096209.6380234,0.27691850531898193,24,MAVRIARFLGLSTVAYLALANGID,1061096209.6380234
AO090010000746,105.63333333333333,0.22829465729222578,264.40000000000003,0.22829465729222578,271903161.9645183,0.025871884599284134,863450301.8190104,0.21833079689173415,24,MVSFSSCLRALALGSSVLAVQPVL,863450301.8190104
AO090701001051,28.76666666666667,0.12554991034378335,140.03333333333333,0.12554991034378335,120938302.34741223,0.011471973163783308,721231165.5520836,0.1973610102878831,25,MVSFKYLGATAAYILVLASQITTAL,721231165.5520836
AO090011000119,38.6,0.12543913853285674,140.76666666666665,0.12543913853285674,97994704.60611977,0.009293356477397395,434626476.7747397,0.11936204799807597,22,MRFSAIFTLGLAGTALATPLVE,434626476.7747397
AO090023000944,250.4333333333333,0.0442703120042493,53.73333333333333,0.0442703120042493,263288709.497396,0.025062136005463337,73279696.3489585,0.017628084517868015,20,MMVAWWSLFLYGLQVAAPAL,263288709.497396
AO090701000295,25.099999999999998,0.05776768918262121,64.26666666666667,0.05776768918262121,82563553.3896486,0.007849692023551064,259351714.777995,0.07133803988828308,17,MHLPTLVTLACMAVSAS,259351714.777995
AO090012000708,10.5,0.10720614967048064,117.46666666666665,0.10720614967048064,15649009.788085967,0.0014929277885373444,209315211.84375,0.060199539462601516,17,MKISAAISTALLAVSAA,209315211.84375
AO090005001090,79.66666666666667,0.02002913804103385,23.400000000000002,0.02002913804103385,206882006.49218735,0.019564895185279863,75870984.38541667,0.019066282526305076,18,MYFNYAAATLAALLPLCS,206882006.49218735
AO090023000905,94.09999999999998,0.031470816748523846,37.53333333333333,0.031470816748523846,190629201.02473998,0.018059131689139914,97255104.42252599,0.023556323203788043,17,MFIKYALPALAAAQAVF,190629201.02473998
AO090102000092,19.566666666666666,0.1270193027550166,142.5666666666667,0.1270193027550166,21779157.0872396,0.0020451883932418704,189885554.80729166,0.05118075098805407,23,MKLYLLFFFFLTLHALPGLPRST,189885554.80729166
AO090038000279,50.96666666666667,0.019899895561047015,25.933333333333334,0.019899895561047015,137280920.73535156,0.012766273481619137,91723351.56510411,0.019406615710240355,18,MRTAGLLSLLLAAIPAVT,137280920.73535156
AO090005000409,80.0,0.09895632403682275,121.06666666666666,0.09895632403682275,61981829.87972003,0.005919410309668068,124413629.98567724,0.029343217567402383,18,MKFNAVALTLATAGSLVA,124413629.98567724
AO090009000553,167.1,0.07038614758472235,85.2,0.07038614758472235,94122549.75520833,0.008984741859417817,62263758.625,0.015091310881396614,22,MKFLAISSLVAAVSALPSVPAP,94122549.75520833
AO090005000897,26.73333333333333,0.10351598957415054,117.26666666666665,0.10351598957415054,16619848.833984368,0.001585158350419099,88957779.46875,0.024188577383026905,21,MKFSMVPSLLLPLLAAAAPAA,88957779.46875
AO090010000644,1.0999999999999999,0.41631045592603666,477.6666666666667,0.41631045592603666,156113.7063802087,1.4786918091597387e-05,87286783.00520833,0.022374753913985235,25,MKLIQLSSVLHFTALSSALTLPLNR,87286783.00520833
AO090003000354,8.533333333333333,0.2612393778826545,291.06666666666666,0.2612393778826545,1837025.1614583333,0.00017833145267915815,77713125.86783858,0.02194520916507017,14,MRSLLWASLLSGVL,77713125.86783858
AO090003001036,9.700000000000001,0.00027995752577627604,0.43333333333333335,0.00027995752577627604,77500406.41292314,0.007511323571624416,4384879.594726563,0.0011352550164270058,19,MQSIKRTLLLLGAILPAVL,77500406.41292314
AO090001000635,114.26666666666667,0.07857508756573957,92.56666666666666,0.07857508756573957,70179445.4733073,0.006681706810892897,72255487.88151047,0.01807612957201417,17,MKAAFALAGASLVGSVL,72255487.88151047
AO090701000644,15.9,0.25149658124148144,322.06666666666666,0.25149658124148144,2646924.9446614604,0.00025021810613230327,71076746.76041667,0.01586101460598424,27,MRFLSGFVSVLSSVALLGYAYPTAIDV,71076746.76041667
AO090020000710,0.2333333333333333,0.4633545083096142,498.56666666666666,0.4633545083096142,29655.773111979168,2.3904374479136563e-06,66252881.848958336,0.019336331707981606,21,MKVAIFSTLLPLVLALPAPQT,66252881.848958336
AO090003001484,62.93333333333334,0.11698700396518662,140.76666666666668,0.11698700396518662,21733085.8079427,0.00205267910017552,61531607.697916664,0.014869761984351373,22,MQFKNLALAASIVATAAAAPAA,61531607.697916664
AO090701000246,71.63333333333334,0.16110727992253213,182.33333333333334,0.16110727992253213,17328709.147135433,0.0016667158960311246,55382404.6640625,0.014615961604403973,17,MKVFAPLLSLSLATSVA,55382404.6640625
AO090005001509,34.233333333333334,0.16337144626210645,205.0,0.16337144626210645,6833402.663574219,0.0006506662378835352,55041168.63932294,0.012554486034950253,19,MQLKNSLFLLTALTAGSAV,55041168.63932294
AO090009000144,28.766666666666666,0.014722827957642489,17.0,0.014722827957642489,50879294.12223307,0.00478899669413678,37002504.0094401,0.009525854376616927,33,MHFHKITLGATLAALLSLTTALPTTSYSFPLTT,50879294.12223307
AO090005001044,53.43333333333334,0.0312233986280973,36.23333333333333,0.0312233986280973,50213548.856770836,0.004816514259343873,43172560.13151044,0.011103322325088781,22,MPSTPSLPSMGMLALGAMQLAA,50213548.856770836
AO090009000117,32.3,0.0224404257196163,26.866666666666664,0.0224404257196163,46483102.81852213,0.00441245252998009,49468239.01497397,0.012088330473678263,17,MQLTHLLAFALSLATSE,49468239.01497397
AO090011000343,22.333333333333332,0.2526330938685211,291.73333333333335,0.2526330938685211,2829220.1744791665,0.0002778242437999478,48230328.666666664,0.01248310837789332,22,MKFFSSLALLVSAVAANPILRT,48230328.666666664
AO090003000321,293.56666666666666,0.028798917881221794,32.86666666666667,0.028798917881221794,40900918.143229164,0.003937733310661027,5840854.075195316,0.0015083247026987136,25,MRNNLLFSLNAIAGAVAHPSFPIHK,40900918.143229164
AO090003000346,26.3,0.022760347191490327,27.166666666666668,0.022760347191490327,30553065.2089844,0.0029233129130738817,40743924.385742195,0.009996527793898933,18,MFLQSVLALSLALPSLST,40743924.385742195
AO090102000440,243.76666666666665,0.002037579483041564,2.5,0.002037579483041564,36009439.35026043,0.0034674049110209383,494688.9915364583,0.00011921482907502329,17,MRYQALSLALLGLGKSY,36009439.35026043
AO090166000084,51.26666666666667,0.0011754728300582046,1.5666666666666667,0.0011754728300582046,34344567.432291694,0.0032290662006168383,1330005.5439453132,0.0003264598113328089,19,MRSSFLLAGVFGSLAAPAL,34344567.432291694
AO090003000476,99.0,0.009652669554933244,11.733333333333334,0.009652669554933244,34183888.12369793,0.003257672474270246,5327740.200195313,0.0012479970359667864,20,MHFSSLSLPLTALSLVTPSL,34183888.12369793
AO090001000406,49.76666666666667,0.04265410377296105,50.5,0.04265410377296105,26293011.605143234,0.002468616594023624,33369675.890625,0.008210921025793405,19,MLSVATSIFGLLATVPLAA,33369675.890625
AO090026000662,27.5,0.10524979803543921,119.26666666666667,0.10524979803543921,6237406.9075521035,0.0005854212637346033,32489687.817708332,0.008470258826965974,21,MLGRSVSLATVLLTLSGSFAN,32489687.817708332
AO090023000918,115.76666666666667,0.06866846935765135,86.39999999999999,0.06866846935765135,32020991.206705734,0.0030035242425460545,30615137.333333332,0.007015327963860698,26,MAPLAKTLALAGALFAALASAAPVQK,32020991.206705734
AO090003001507,12.566666666666668,0.22533441718014294,256.06666666666666,0.22533441718014294,1275081.9990234377,0.00012219367739085095,31696635.989583332,0.008658882208172,29,MHLAIKSLFVSLLGASVLASPLPSNALVE,31696635.989583332
AO090102000564,32.43333333333334,0.028055863981766682,34.0,0.028055863981766682,22050653.559407566,0.0020743557946714393,29587501.660807338,0.007036247451082886,18,MAPKSLFYTLFSSLTVAL,29587501.660807338
AO090001000733,2.1,0.31256135112031885,370.76666666666665,0.31256135112031885,133042.92513020834,1.208988162567369e-05,29307143.861979198,0.007410377148416761,19,MRTFAPWILSLLGASAVAS,29307143.861979198
AO090103000216,9.799999999999999,0.36512061371862514,422.76666666666665,0.36512061371862514,523080.032063802,4.9237038885097876e-05,28913200.575520832,0.007050210769499345,17,MLTVCILLQALLCKSVI,28913200.575520832
AO090038000258,17.433333333333334,0.1411962700673064,161.13333333333333,0.1411962700673064,2224461.2630208335,0.00021483573025458448,25575254.8046875,0.006963381899548845,20,MLTKSLFAGAALGLSLSSAV,25575254.8046875
AO090026000516,43.13333333333333,0.20290958254219374,246.76666666666665,0.20290958254219374,3147042.35123698,0.0003011199495234316,23911142.424479168,0.005620782379888969,20,MKFLSTAAALLVCLAPVSTT,23911142.424479168
AO090005000189,60.56666666666666,0.03067659712950119,35.23333333333333,0.03067659712950119,22705884.02050783,0.002157676645885657,16539438.561848966,0.004270400544185482,16,MKGLYLTAALFGASST,22705884.02050783
AO090011000195,3.1666666666666665,0.08695869603703882,96.90000000000002,0.08695869603703882,581158.1419270834,5.5645188990554977e-05,21852804.984375,0.006328922661429928,26,MHFHRLLVLAAGLLTTATSAPTELFK,21852804.984375
AO090011000808,55.199999999999996,0.25110072401644884,280.2333333333333,0.25110072401644884,3097661.1487630233,0.00029465407724519347,19413509.760416668,0.005202934676225104,20,MLLTQSLFFAFACWQATPAL,19413509.760416668
AO090005000064,60.833333333333336,0.007864221954416759,10.100000000000001,0.007864221954416759,19201527.4153646,0.0018081469513021502,4178321.4225260434,0.0009270674071148521,23,MFSTMTPSLSKLVALSLFLGTAL,19201527.4153646
AO090701001162,11.5,0.29706770008497957,333.2,0.29706770008497957,518694.7633463543,4.837769139926524e-05,18621442.041666668,0.004874958497494628,15,MRLLLPFIVLPLAAL,18621442.041666668
AO090010000729,5.233333333333333,0.2727513431148429,322.26666666666665,0.2727513431148429,250466.76692708334,2.2673276150729238e-05,18561351.0078125,0.004646237892267534,15,MRLFGITLVSAALAA,18561351.0078125
AO090011000357,92.66666666666667,0.13456733467163268,168.03333333333333,0.13456733467163268,7955655.529947919,0.0007434431170610891,18341687.9609375,0.004251746744000767,26,MVSKVFGRLLTTGLVLANSVSASTEA,18341687.9609375
AO090012000482,61.9,0.09281804989397778,112.39999999999999,0.09281804989397778,7800713.962076823,0.0007375736616042683,18235923.065104168,0.0043858916652504245,18,MKLTIASSVLLGLIAAVE,18235923.065104168
AO090011000565,89.19999999999999,0.04024979662674649,47.73333333333333,0.04024979662674649,16724892.222656267,0.0015817773099723955,11260981.733072916,0.00281381950433587,25,MLFTTILASTLALSMGVSAAPRPAP,16724892.222656267
AO090001000383,53.93333333333334,0.13146542445150206,151.03333333333333,0.13146542445150206,4756153.1238606805,0.00045126820226866737,16472627.436197931,0.004299110775163506,17,MVALQALSLGLLASQAL,16472627.436197931
AO090011000235,21.900000000000002,0.018511311613787378,21.333333333333332,0.018511311613787378,13864348.360677093,0.0012902735026603218,16421028.430338563,0.004204360277292048,21,MFFSRGALSLAVLSLLSSSAA,16421028.430338563
AO090701000525,50.43333333333334,0.17011670284547128,208.73333333333335,0.17011670284547128,3198905.1770833363,0.00029676724533089847,16342699.9921875,0.003873556175068803,45,MLVANRRPTKGHSTQNRHSLKHRPGATMYWAILHILAVALPTTAF,16342699.9921875
AO090206000073,6.533333333333334,0.3218257625682946,365.0,0.3218257625682946,243334.34521484366,2.2274260069825346e-05,16065337.833333334,0.004270031130196986,17,MKIRAALALSATASGVL,16065337.833333334
AO090120000454,29.099999999999998,0.0,0.13333333333333333,0.0,15510387.483072935,0.0014941364875237435,99728.31315104167,2.0133343021749624e-05,19,MRVSLTTIFSSLLCTVLVS,15510387.483072935
AO090701000071,102.66666666666667,0.024543093431034613,30.5,0.024543093431034613,15301950.3046875,0.0014606357591449978,5925473.384114583,0.0014165806002793366,32,MKPVFFTNTLYLLLPVLASAAPAPIIGRDIHS,15301950.3046875
AO090001000083,23.633333333333336,0.2550279824916159,280.7333333333333,0.2550279824916159,1020805.8333333334,9.780948317495367e-05,14549990.333333334,0.004308141947028984,17,MQFRSVIALVAFATAVT,14549990.333333334
AO090701001053,157.26666666666668,0.06094636290884212,73.8,0.06094636290884212,14518420.430989599,0.0013665936991786552,8397148.818359382,0.0021274205988441462,19,MAQSYPLLFLWLLVLSAVS,14518420.430989599
AO090011000053,5.900000000000001,0.2191494895450601,249.93333333333337,0.2191494895450601,262994.603841146,2.471672066236416e-05,14495274.46875,0.0036436494609081572,27,MRLAPITVGLAACANLVSGMAFTAPAR,14495274.46875
AO090009000313,25.099999999999998,0.24839302925643278,297.93333333333334,0.24839302925643278,969074.4049479166,9.145213846293307e-05,14310840.864583334,0.003611932667252607,22,MRFNAAVASALVSSATLMGYAH,14310840.864583334
AO090003000257,1.0,0.3886644282749863,463.5666666666666,0.3886644282749863,26397.4584960938,1.855623169462533e-06,14005605.113281267,0.003432422280360199,38,MARLSSRNGAAKPFTAWTTIFYLLLVFIAPLAFFGTAH,14005605.113281267
AO090009000579,153.5,0.08259784911913187,98.60000000000001,0.08259784911913187,13803191.920572935,0.001306395537012086,11282049.158854166,0.002757835063012046,21,MFGQVTGLSLLTGLLATASVK,13803191.920572935
AO090010000704,0.4,0.12463810392237103,150.56666666666666,0.12463810392237103,29867.103515625,2.3449698678668896e-06,13291627.080729166,0.0035360736175859427,27,MYLSKIISISFLAALAGAAATPSNLEA,13291627.080729166
AO090012000372,142.4333333333333,0.11691484093685818,145.63333333333335,0.11691484093685818,9956914.739583334,0.0009351429553225163,13082581.24609375,0.0029955645793407633,35,MSNQHCRGTSSITQFSAMAYSTIILLCAALAQAVQ,13082581.24609375
AO090701000389,53.96666666666667,0.0945114350886667,114.39999999999999,0.0945114350886667,4822557.423828127,0.0004523535941169238,12905444.846354166,0.0030644947700792027,25,MKGSAIATALTLGASTALAAPSIKA,12905444.846354166
AO090012000590,111.40000000000002,0.07279875691237654,90.46666666666665,0.07279875691237654,11486876.958333334,0.0010967858370640208,12352241.328125,0.0028577003895517475,18,MRSWVPFVAALAALSPAT,12352241.328125
AO090003000693,4.0,0.3624209646439016,426.0333333333333,0.3624209646439016,86491.34749348949,8.167528445952141e-06,12313480.270833334,0.003038101666470106,16,MKSTLVTASVLLGCAS,12313480.270833334
AO090113000063,9.666666666666666,0.25491170428256105,360.6333333333334,0.25491170428256105,223156.4580078124,2.150637593805401e-05,12284356.984375,0.0023388253862197997,21,MPIKSFASRLALSLAICGTAM,12284356.984375
AO090103000153,53.96666666666667,0.07351373708803823,90.39999999999999,0.07351373708803823,5707820.224609376,0.0005364784743209587,12261466.243489584,0.002856184445053383,16,MANLIFSLFFCSAVTL,12261466.243489584
AO090113000062,35.13333333333333,0.12132597603908662,154.76666666666668,0.12132597603908662,2001948.1380208333,0.0001925044447111762,12059407.044270834,0.00267075569399994,17,MQLYKVFAVLAALQPAL,12059407.044270834
AO090026000298,53.833333333333336,0.06773707694205396,81.46666666666665,0.06773707694205396,6176595.765625,0.0005831558570358264,11816425.330729166,0.0028918692482863156,20,MKLLSVSATYLAIPMALLVS,11816425.330729166
AO090009000471,27.633333333333336,0.01780480793008881,20.633333333333333,0.01780480793008881,10694607.302083327,0.0010174674476777813,10176133.964518247,0.0025722787837441944,24,MAKMALGYRLPLLVSLLALFQFAL,10694607.302083327
AO090020000650,84.06666666666666,0.07396546972648754,88.5,0.07396546972648754,8094396.52669271,0.0007556657785712774,10581503.53515625,0.0025487429645381344,19,MKGSWMLAAATAALTSTAF,10581503.53515625
AO090020000207,35.699999999999996,0.011541180619982655,13.666666666666666,0.011541180619982655,10541803.723958327,0.0010078793244898316,5209932.563151044,0.001281062108831195,18,MKWKSLALGLLATAQSAA,10541803.723958327
AO090020000162,85.76666666666665,0.18741631975404424,219.9333333333333,0.18741631975404424,3123739.3834635434,0.000293850160619066,10030212.901041666,0.0024794729964575015,16,MRSTLWSLLGLTGLAY,10030212.901041666
AO090009000493,25.7,0.11935379972105221,137.03333333333333,0.11935379972105221,1505135.5600585935,0.00014174462615482386,9931108.48307292,0.002533559690136309,27,MKGLDRGLALVSTLALLFVQAVAVPLS,9931108.48307292
AO090701000473,49.63333333333333,0.14172367545253553,171.63333333333333,0.14172367545253553,2221854.5950520835,0.00020677761955523232,9539161.625,0.0022860108402275223,14,MKVALLTLAAGLAN,9539161.625
AO090026000408,3.2,0.3447190540230028,408.90000000000003,0.3447190540230028,64332.8701171875,5.4858938032442995e-06,9487544.890625,0.0024712883304530624,18,MQLPVSLGLLTVLISSVT,9487544.890625
AO090023000474,65.36666666666666,0.03205934929576163,37.96666666666667,0.03205934929576163,9477178.026692709,0.0008931582482949148,6864784.48828125,0.0017201195791695194,20,MPSMYTRLFAALCALATTAN,9477178.026692709
AO090020000517,32.86666666666667,0.048138170395292175,57.46666666666667,0.048138170395292175,4133574.928710937,0.0003937486571432896,9164584.081380202,0.00229315214529149,20,MRGILGLSLLPLLAAASPVA,9164584.081380202
AO090023000915,66.63333333333334,0.03421187289883648,39.666666666666664,0.03421187289883648,9093682.552083334,0.0008629967841177577,6737359.557291667,0.0017597121747791305,20,MLFAKSALFLSFLALGNIAA,9093682.552083334
AO090026000766,58.833333333333336,0.09348978574431399,110.5,0.09348978574431399,3768575.7610677104,0.000353993476860135,8901123.2578125,0.0021772555233028953,22,MASSVSKTLLVLLAAHLLGVAA,8901123.2578125
AO090023000371,14.866666666666667,0.04436638783763696,51.6,0.04436638783763696,1994107.2421875,0.00018800060790885047,8477313.4375,0.002228081579013578,20,MLFGVALLFLGAVAANPVIP,8477313.4375
AO090120000174,69.16666666666667,0.0567956834556212,68.53333333333335,0.0567956834556212,6754240.0625,0.0006316698151241272,8188744.807291667,0.002024378428959571,16,MKLSILSLASLAPLVS,8188744.807291667
AO090038000471,0.8,0.4096768746352078,493.1333333333334,0.4096768746352078,9716.515625,6.041530078925091e-07,7997447.473958333,0.0019325094215723075,18,MHLKKLLTSAAALSGSVF,7997447.473958333
AO090005000582,19.7,0.2580567410997335,314.43333333333334,0.2580567410997335,408297.279296875,3.7315922527513823e-05,7955559.233072917,0.0019046181091163245,17,MRGAFLAAAAAVAGTAM,7955559.233072917
AO090009000060,152.5,0.017726236751930496,22.733333333333334,0.017726236751930496,7948902.875,0.0007517767481095002,1571249.1158854167,0.0003460707910483841,17,MKLHSLLPLAALLTPSL,7948902.875
AO090023000056,107.66666666666667,0.05759685305594201,77.46666666666668,0.05759685305594201,7898309.546875,0.0007417702704842826,7693134.5859375,0.0015790538447406743,15,MFRSALFLLLAPLAL,7898309.546875
AO090005000639,2.1333333333333333,0.34227678972488595,414.7333333333333,0.34227678972488595,29470.367350260418,2.5128967114979115e-06,7881861.0078125,0.0018910624706907743,27,MRISQICTVLSTVTSAVAVGVNPLPAP,7881861.0078125
AO090001000617,82.13333333333334,0.003639796520681768,4.633333333333334,0.003639796520681768,7871258.669270833,0.0007525866498116377,580705.2584635416,0.00013587832175289283,18,MATLIVSLLLTLLAREVL,7871258.669270833
AO090020000514,116.46666666666665,0.03944227775387147,45.23333333333333,0.03944227775387147,7865103.9296875,0.0007420585551201408,3746679.7291666665,0.0009644132464628824,17,MRIFSALSSLLLAGAAL,7865103.9296875
AO090023000439,102.83333333333333,0.027720936865749973,31.400000000000002,0.027720936865749973,7257618.328125,0.0006966099595534211,2791667.6640625,0.0007565546613483338,15,MYRFLPLFFLPLAAL,7257618.328125
AO090012000110,91.76666666666667,0.19857457932862763,235.79999999999998,0.19857457932862763,2094459.20638021,0.00020460689629645348,7141527.299479167,0.001754260838041338,19,MRLQLPEVAIATLLLGEVG,7141527.299479167
AO090701000220,78.7,0.031792236680291304,40.233333333333334,0.031792236680291304,6769382.358723977,0.0006330385432417372,4427495.579427083,0.0010025698425280508,18,MPLLKSVINAAGLVGAVA,6769382.358723977
AO090012000725,2.2,0.42552258739090537,466.7,0.42552258739090537,29803.515625,2.158683746649619e-06,6746117.658854167,0.0018898714477555954,17,MRFLSIAGAALFASSAV,6746117.658854167
AO090038000364,26.166666666666668,0.1177582777836439,137.96666666666667,0.1177582777836439,886419.4837239584,8.381995232982664e-05,6004390.127604167,0.0014664864341182259,18,MKISGFTSVALGLAAFAE,6004390.127604167
AO090023000811,3.8666666666666667,0.3006688896640451,371.90000000000003,0.3006688896640451,46234.9431966146,3.98617222225437e-06,5802274.578125,0.0013570625797748941,22,MNFRNLFLSFFFLLAVGLALVH,5802274.578125
AO090120000279,62.63333333333333,0.061981691247669383,70.46666666666667,0.061981691247669383,4198698.70703125,0.00039298016504041706,5735555.541666667,0.0014864509712448678,19,MVRIVSSLLLASLASTFAW,5735555.541666667
AO090038000420,35.199999999999996,0.0008953617049933805,0.9666666666666667,0.0008953617049933805,5697715.388020833,0.0005480982400831999,205511.302734375,5.0615467764135256e-05,22,MKFQTLCSLATLGLAFANPIQN,5697715.388020833
AO090003001320,53.699999999999996,0.1456257573538051,168.43333333333337,0.1456257573538051,1389407.328125,0.00013175111527118845,5578450.3125,0.001368416054116903,16,MQLKALSLLALTPLAA,5578450.3125
AO090005000652,71.3,0.052382036961270716,58.46666666666667,0.052382036961270716,5422178.609375,0.0005178434820764465,5546179.08984375,0.0014841458755123571,18,MVLLSSLAVVATVASLAT,5546179.08984375
AO090011000745,84.3,0.008429761319631498,9.0,0.008429761319631498,5324866.869791667,0.0005049270976903592,700246.9830729166,0.00018525382653067043,18,MILLSYLLTYLLCALTCS,5324866.869791667
AO090020000351,6.3,0.40859161654930004,471.3666666666666,0.40859161654930004,63982.32421875,5.199809913348766e-06,5227879.401041667,0.0013553579982176836,18,MMRAATAIASLLLVGSVV,5227879.401041667
AO090003000876,23.2,0.25186849842535347,304.1333333333333,0.25186849842535347,274356.521809896,2.5564841348326475e-05,4582035.16015625,0.0011134263478165022,21,MVSLTHIFSKALLTLLVGQSA,4582035.16015625
AO090023000872,24.633333333333336,0.08927299478669064,109.89999999999999,0.08927299478669064,794154.4309895849,7.235087013063922e-05,4350282.923177087,0.0010075360435314628,18,MRFLRCLLATSSLYASVT,4350282.923177087
AO090003001498,34.56666666666667,0.002493293330588522,3.3333333333333335,0.002493293330588522,4338718.839192707,0.0004055807342579777,556015.8696289071,0.00011767204665873275,22,MVSSSSLGRFAVLVTSLVGSAV,4338718.839192707
AO090001000495,45.366666666666674,0.24515882019037213,305.6666666666667,0.24515882019037213,476531.5880533853,4.431540149805799e-05,4182365.0286458335,0.0009427946344926001,33,MVSFTKLIAAGLLASAAVAVPHGHQHSHVHVTK,4182365.0286458335
AO090010000202,120.3,0.035237964745483956,46.900000000000006,0.035237964745483956,4107191.7890625,0.0003883074864286216,2132992.0527343764,0.0004597797985808326,29,MQQLLQSTAALLAFQAVVGDAAPTSSSSA,4107191.7890625
AO090120000068,0.0,0.4182783224512104,481.7,0.4182783224512104,0.0,0.0,3976449.109375,0.0010421252671255108,14,MRALSLASLIGIAS,3976449.109375
AO090003001209,164.93333333333334,0.16633392687553142,191.70000000000002,0.16633392687553142,2666673.3177083335,0.00025334630279207906,3929073.2552083335,0.0009855538051182448,18,MAGLKSFLASSWLLPVAC,3929073.2552083335
AO090005000560,0.0,0.3980371582865521,494.46666666666664,0.3980371582865521,0.0,0.0,3911425.9375,0.0008979077984619177,21,MSLPSFLKWSAMAALMAQLCT,3911425.9375
AO090701000717,67.0,0.0500480887999949,61.20000000000001,0.0500480887999949,3362770.1848958335,0.0003142041115683789,3900846.4401041665,0.000915893824390425,27,MKYQRLASLGLAALSVTGSVSASPLIR,3900846.4401041665
AO090011000051,19.5,0.05934467480266253,67.2,0.05934467480266253,789644.0442708334,7.545012559630577e-05,3602149.1614583335,0.0008740085199308478,15,MLLPYYLLAAAATVM,3602149.1614583335
AO090038000337,37.86666666666667,0.008871974404976828,9.633333333333335,0.008871974404976828,3516301.560221357,0.00033546972764711934,1108809.2096354167,0.00029875471183925256,17,MASSVLWSILIATPLAL,3516301.560221357
AO090102000438,146.29999999999998,0.00032665703618445403,0.6000000000000001,0.00032665703618445403,3508640.7317708335,0.0003390599698265366,21187.22412109375,1.677483399700367e-06,17,MRVQAFIFVLLGLGKSY,3508640.7317708335
AO090103000384,53.833333333333336,0.013054434684782035,15.666666666666666,0.013054434684782035,3495748.5,0.0003297465313374338,1266049.9583333333,0.00031601207801192137,19,MKTTALSFALLAAATTMVS,3495748.5
AO090005000347,62.833333333333336,0.09030888862294843,108.66666666666667,0.09030888862294843,1545399.4765625,0.00014623317170201194,3426469.7109375,0.0008278122483779228,23,MPSLSTLKLGAFLGLAAIAPSIE,3426469.7109375
AO090120000344,4.0,0.22156062355718406,297.96666666666664,0.22156062355718406,35139.45849609375,2.8149965268977063e-06,3403850.4134114604,0.000698437398609831,19,MARLSYLLVSCLSVVSAAS,3403850.4134114604
AO090120000474,231.29999999999998,0.02891728514927359,37.300000000000004,0.02891728514927359,3369560.33203125,0.0003135845715125724,696416.1666666666,0.00014948961960253203,32,MVILSKVAAVAVGLSTVASALPTGPSHSPHAR,3369560.33203125
AO090012000706,428.8666666666666,0.00332415157077857,4.1000000000000005,0.00332415157077857,3315100.80078125,0.00031654020722764707,39902.810546875,6.891573168236698e-06,19,MWFSSTAWLLPLALAGSVQ,3315100.80078125
AO090005001515,6.3999999999999995,0.3171398316447493,370.2,0.3171398316447493,46693.302734375,3.986179197956276e-06,3300326.5625,0.0008403415486697678,18,MRFSIFSTLLVSLATLST,3300326.5625
AO090001000221,0.0,0.2531163925266811,293.26666666666665,0.2531163925266811,0.0,0.0,3165011.1770833335,0.0008021760577401786,18,MSIAKIAGVVLGSAALVA,3165011.1770833335
AO090701000344,72.56666666666666,0.010939386351884567,13.633333333333333,0.010939386351884567,2992419.5690104165,0.000282375944456614,717316.6015625003,0.00016804544086601703,27,MQLLNTITTGLLLSSSCLAAASPATWQ,2992419.5690104165
AO090011000131,43.23333333333333,0.04815903643108028,58.666666666666664,0.04815903643108028,1716937.5286458333,0.00016159630648271807,2967467.6979166665,0.0007110656944063846,28,MIERYLIVSQSLRMLSFFCVVASAALAA,2967467.6979166665
AO090011000300,78.39999999999999,0.031184034757694823,37.13333333333333,0.031184034757694823,2876074.5234375,0.0002697642526252088,1718732.8515625,0.0004221032273740576,18,MLTRQSLVALLGGLSLAA,2876074.5234375
AO090003000833,16.333333333333332,0.037783572482465534,45.23333333333333,0.037783572482465534,787938.2809244794,7.407362352067955e-05,2751794.41796875,0.0006815982371733664,19,MKPSQLSLLVLLFQASSIQ,2751794.41796875
AO090701000540,14.0,0.015960693400423127,19.066666666666666,0.015960693400423127,1672305.5794270833,0.00015729048581300314,2751449.3268229165,0.0007271976582639998,21,MQLTKSLLVFALYMFGTQHVL,2751449.3268229165
AO090038000415,0.0,0.4597774749441217,500.0,0.4597774749441217,0.0,0.0,2648440.1666666665,0.0007202541152205359,20,MRPIPQIIYLIVLLASQLVT,2648440.1666666665
AO090001000098,6.966666666666666,0.23454152156639382,253.0,0.23454152156639382,55569.984375,5.05822626258851e-06,2522001.8333333335,0.0007086129557753799,19,MRFFGGVIATFVVCSSLAD,2522001.8333333335
AO090011000052,18.599999999999998,0.0016287187451913328,2.0666666666666664,0.0016287187451913328,2465020.7023112,0.00023883883004514224,343881.5458984377,9.179962669691488e-05,15,MRFLPCIATLAATAS,2465020.7023112
AO090020000698,23.799999999999997,0.24365473047197264,300.90000000000003,0.24365473047197264,150309.03125,1.3903382138586458e-05,2370313.1184895835,0.0006031460330843749,20,MILKSALTAVVLCLAVEGAA,2370313.1184895835
AO090102000089,6.366666666666667,0.013859169536591907,17.233333333333334,0.013859169536591907,690942.0473632814,6.46837139838219e-05,2366362.169596353,0.0005745865087312592,16,MNLLLLALTLLTTLTS,2366362.169596353
AO090113000146,116.53333333333335,0.021667503795998095,26.366666666666664,0.021667503795998095,2360801.359375,0.00022422865440815436,700611.1549479166,0.00016067583992935953,31,MVLATMATMARFKATILSSVLLPLLLSSHGA,2360801.359375
AO090009000356,135.03333333333333,0.09812806850161125,112.59999999999998,0.09812806850161125,2062819.6419270833,0.0002001000595890529,2314339.4114583335,0.0005533738075694986,18,MKLGWIEVAALAAASVVS,2314339.4114583335
AO090023000609,72.3,0.004621467069874743,4.966666666666667,0.004621467069874743,2294460.7682291665,0.00021692038549728468,193042.58463541666,4.8589654137853326e-05,24,MMKDTLSFARLALLLFGFVVIPTQ,2294460.7682291665
AO090102000501,4.166666666666667,0.08288765921386614,110.03333333333332,0.08288765921386614,69899.7317708335,5.917096550935732e-06,2288855.3372395835,0.00047345776570600196,18,MFSKAFLSAALLGAAAVE,2288855.3372395835
AO090701000305,16.433333333333334,0.03525813581357511,40.06666666666666,0.03525813581357511,778708.2786458334,7.14842231535231e-05,2253315.8229166665,0.0005771476803136747,25,MALQLSRSPVYSLIILSILWIEGIA,2253315.8229166665
AO090003000045,52.0,0.015719495228632318,16.066666666666666,0.015719495228632318,2151415.1770833335,0.00020523601382620347,843917.9036458334,0.00021718714801599115,18,MKLYYISVILMTCLSTAL,2151415.1770833335
AO090001000070,134.6,0.0645940872458136,79.6,0.0645940872458136,2094775.3020833333,0.00019793059867474912,1602968.6875,0.0003779642461130221,16,MRFLLPFAIGLTPLAS,2094775.3020833333
AO090003001523,24.133333333333336,0.07923261200781025,97.3,0.07923261200781025,405295.1595052083,3.792471270778817e-05,2046648.3645833333,0.0005022349159191315,28,MFSTILTSVLALASSVTARSVETRSLTP,2046648.3645833333
AO090010000586,15.199999999999998,0.04249675394930741,51.13333333333333,0.04249675394930741,401533.7568359377,3.7823111289724005e-05,1730220.1041666667,0.0004208454488261523,19,MLRLKMEVVAALAAWAIAS,1730220.1041666667
AO090102000494,27.7,0.27367049624129064,332.93333333333334,0.27367049624129064,103907.22786458333,9.6237923996964e-06,1697031.05794271,0.0003886782851148203,23,MRQTMRLDVGLVTCLAAFSGLAE,1697031.05794271
AO090003000239,16.666666666666668,0.030736829471446774,32.266666666666666,0.030736829471446774,752059.2799479166,6.98455448069455e-05,1676368.5221354167,0.0004900709236417322,24,MHLKPIQTLLPTLLLFLHLPTPAL,1676368.5221354167
AO090001000492,123.90000000000002,0.028154842898145665,36.06666666666666,0.028154842898145665,1544116.3255208333,0.0001454177127310365,588903.4778645834,0.00012883069646901798,15,MLFSYLLATLPLLAN,1544116.3255208333
AO090026000804,101.06666666666666,0.038186179692708995,46.166666666666664,0.038186179692708995,1543299.183593753,0.00014658525904824273,912368.5625,0.00021637259290147918,20,MWSSQLLPWATGLGLISTVL,1543299.183593753
AO090102000586,92.53333333333335,0.12466522149806075,143.49999999999997,0.12466522149806075,778309.6888020834,7.351083424563537e-05,1532324.8463541667,0.00037395503876744095,21,MVFSKSVAVAAAVSAVFPLVH,1532324.8463541667
AO090005001347,18.53333333333333,0.022082344937180493,26.599999999999998,0.022082344937180493,878582.5169270849,8.234114538371318e-05,1514138.8020833333,0.0004111273491969776,49,MNPGLSSFMPDIFIDFIPTSLQLSSIQLSSFYIPMKLPILLTALPWTAA,1514138.8020833333
AO090009000205,64.93333333333334,0.039287345485544335,46.20000000000001,0.039287345485544335,1485607.3229166667,0.00014158102868563413,1350607.8541666667,0.000341538269667165,25,MKSFTMKSALAASALLIAAYLPAVN,1485607.3229166667
AO090005000231,46.26666666666666,0.0020087575156489987,2.6666666666666665,0.0020087575156489987,1471121.154296875,0.0001373157220003147,100650.458984375,2.3733288105408415e-05,15,MKFISVIALLAPTVL,1471121.154296875
AO090113000195,5.066666666666667,0.1807684783278417,206.96666666666667,0.1807684783278417,29885.1884765625,2.2967454724108395e-06,1356028.4440104167,0.00035160793168499894,23,MKFSIVALVLAATSAIATPIVTK,1356028.4440104167
AO090001000511,42.699999999999996,0.06236737856625693,72.63333333333334,0.06236737856625693,648121.1588541666,5.976442608542746e-05,1337045.2529296877,0.00032721902819063007,20,MRVPVINAAVLLLSSAIPVL,1337045.2529296877
AO090001000071,70.86666666666666,0.0014287187451913327,1.7666666666666666,0.0014287187451913327,1287119.3346354167,0.00012367547465563246,39929.673177083336,7.303353530815166e-06,17,MQLPQAIAILTLVASAS,1287119.3346354167
AO090023000079,18.5,0.35589027540574514,397.8333333333333,0.35589027540574514,40124.66796875,3.58298510944467e-06,1185717.625,0.0002982687248078795,20,MIKTILCALAILAAIAPLTT,1185717.625
AO090011000715,22.866666666666664,0.09863485827413526,128.16666666666666,0.09863485827413526,163529.85026041666,1.44969292884004e-05,1143894.5260416667,0.00024234849581171526,26,MRIGNLIVAASAASLVHAYPTRDIKK,1143894.5260416667
AO090023000602,7.25,0.30488001140320603,376.26666666666665,0.30488001140320603,16943.35400390625,1.1555760327009283e-06,1108181.1041666667,0.00025322367610904365,15,MKYSKLLLLLVSVVQ,1108181.1041666667
AO090701001161,21.833333333333332,0.27372001314947464,315.56666666666666,0.27372001314947464,55940.98828125,4.961033840707724e-06,1034735.640625,0.0002612897555595929,17,MRVATSVAFASLLAMAQ,1034735.640625
AO090005000253,0.95,0.025296890741848887,28.63333333333333,0.025296890741848887,26070.1201171875,2.0040520111375913e-06,943655.2226562494,0.0002464298740716226,17,MKFHLWAVALASALCVQ,943655.2226562494
AO090010000417,8.200000000000001,0.07337889877594905,77.39999999999999,0.07337889877594905,83825.38671875,7.478908101665975e-06,938655.67578125,0.0002622737376344961,19,MIYWTTLVLGLLLQLLSVS,938655.67578125
AO090009000291,0.0,0.41165683281410875,431.93333333333334,0.41165683281410875,0.0,0.0,931292.0416666666,0.00026286391347569315,20,MRLSESATVAFGLFCAATAS,931292.0416666666
AO090005000918,44.06666666666666,0.12078944759858957,136.4,0.12078944759858957,238618.71875,2.2378149742798248e-05,916069.0625,0.0002424595553174669,33,MARWPLAWTANVPSTSRLFHFLLITFVFSLSVR,916069.0625
AO090138000055,21.7,0.06472287587758548,79.13333333333334,0.06472287587758548,202178.76302083334,1.819686265373982e-05,902173.3020833334,0.0002071568940567298,28,MSTRSPFPLSFTMLSFLAALSLPLALVN,902173.3020833334
AO090701001230,16.333333333333332,0.009634682367668767,11.466666666666667,0.009634682367668767,874623.1897786449,8.307982590802537e-05,794159.371419271,0.00019486459111726172,16,MKIQLFWFLTTTSLVF,874623.1897786449
AO090120000052,18.7,0.3826971674096198,474.3666666666666,0.3826971674096198,25155.326171875,2.0326486050579073e-06,862741.2135416666,0.00019602062844617326,17,MKLRNLAPWALLLTAVH,862741.2135416666
AO090003001244,55.06666666666667,0.16175567805290572,199.1,0.16175567805290572,186458.82617187515,1.6915928768727687e-05,835733.4192708334,0.0001918342028907279,20,MLGFGLLALLPFAAAGTVLP,835733.4192708334
AO090138000136,152.0666666666667,0.00214316701852932,2.65,0.00214316701852932,834228.1927083334,8.051238129932728e-05,21187.22412109375,1.677483399700367e-06,17,MRLQAFILVLLGLGKSY,834228.1927083334
AO090011000362,45.699999999999996,0.010723545081666437,12.799999999999999,0.010723545081666437,775238.7473958334,7.338888377172443e-05,280579.9505208333,6.473929417700202e-05,27,MASLHTTIMLFLAHVLLLLGLPAGMVG,775238.7473958334
AO090124000065,0.0,0.4163605657403681,483.4666666666667,0.4163605657403681,0.0,0.0,770197.2291666666,0.00019176033453163896,24,MASKSASSLMTLYLTLASFCLGKT,770197.2291666666
AO090038000540,215.6,0.06028023777869636,66.15,0.06028023777869636,751581.7916666666,7.102609043491618e-05,316609.8046875,6.51469932491293e-05,20,MQLQTLAGFLLLCSPSLAAP,751581.7916666666
AO090011000062,26.333333333333332,0.29521624573275923,358.26666666666665,0.29521624573275923,41805.591471354164,3.588420303567456e-06,745000.6328125,0.00017399471102062398,16,MKFLITTAALLFSLVS,745000.6328125
AO090701000313,19.0,0.2798025203360448,419.75,0.2798025203360448,24966.521484375,1.7283027575382835e-06,705230.951171875,0.00012264433411635314,24,MSFIQLVHFFGLLTLAAGKPILIP,705230.951171875
AO090012000143,6.133333333333333,0.005465759149043941,6.050000000000001,0.005465759149043941,602246.2421875,5.502808120907539e-05,641397.515625,0.00019778110050463652,17,MKFFAVAALFATAAMAA,641397.515625
AO090038000315,8.4,0.012423364073473367,14.6,0.012423364073473367,287910.796875,2.6406148289992974e-05,640968.2369791666,0.0001476567622285941,22,MKATTIGTLLLAAGTALAVPGK,640968.2369791666
AO090003000058,0.0,0.4108552557042077,474.1333333333334,0.4108552557042077,0.0,0.0,640427.1875,0.00016471573376356113,19,MKSIYSLVLCTALTAASPH,640427.1875
AO090020000482,43.56666666666667,0.04218878687068087,48.93333333333334,0.04218878687068087,456807.8151041667,4.30825952826725e-05,639922.75,0.00016481252939550968,18,MHRNMALLLLTLFSWRAF,639922.75
AO090011000430,44.73333333333333,0.03402709387745586,42.266666666666666,0.03402709387745586,490689.9270833333,4.613797761948642e-05,600423.23828125,0.00013895621413874894,26,MKLSFLSLLSAAAGVAVAAPTESTKD,600423.23828125
AO090003001326,0.0,0.6760767000126631,750.0,0.6760767000126631,0.0,0.0,551549.09375,0.00017067198280537198,20,MRTAQLLALSGLMLMSNVAM,551549.09375
AO090102000152,62.800000000000004,0.13626936026046796,163.33333333333331,0.13626936026046796,153057.60026041666,1.4637106761653184e-05,530969.3489583334,0.0001272478744213605,22,MTRSSAALIVALAACWNAQGSA,530969.3489583334
AO090003000829,0.0,0.35513574420243543,454.6666666666667,0.35513574420243543,0.0,0.0,523650.8450520833,0.00011060259345395557,21,MWQPSSALLLVASLLTALPVN,523650.8450520833
AO090103000108,0.0,0.4055659816755835,476.90000000000003,0.4055659816755835,0.0,0.0,457038.53125,0.00011364522222467016,27,MHASLALLLLPLGALSLPFEDSVQTVE,457038.53125
AO090003001448,61.56666666666666,0.06832869521300612,76.0,0.06832869521300612,296516.7083333333,2.7880326722047905e-05,452272.8072916667,0.00011840674027909646,19,MKTLTTLTISLVAITTTAV,452272.8072916667
AO090012000680,40.3,0.300154509077378,371.6666666666667,0.300154509077378,42105.8671875,3.253309474928875e-06,448200.1197916667,9.970131963451603e-05,21,MKLNAILLGAALASAAPSLDL,448200.1197916667
AO090011000446,0.0,0.41403747157583015,484.8999999999999,0.41403747157583015,0.0,0.0,446362.0729166667,0.00011112983815346417,30,MDEFFFRSGTMNTFRTFGLLALLAIFSVAQ,446362.0729166667
AO090701001255,79.53333333333335,0.015735925216444895,17.2,0.015735925216444895,442294.7057291667,4.132539262590368e-05,126631.11783854167,2.4971612989513538e-05,21,MQIYSIVAAATLSLAGTAHAW,442294.7057291667
AO090005001280,97.10000000000001,0.19473998994480857,246.83333333333334,0.19473998994480857,119571.775390625,1.1041885688272177e-05,397285.2473958333,8.816536085853486e-05,26,MMFTKTITLAALASLAAALPTANPVK,397285.2473958333
AO090001000294,45.6,0.05213027274881709,63.633333333333326,0.05213027274881709,228171.01302083334,2.0695346921070295e-05,396517.4375,8.854447106630685e-05,22,MRSSLLMGALCAAGAMANPLDK,396517.4375
AO090001000075,110.19999999999999,0.2548016001623276,310.59999999999997,0.2548016001623276,101320.115234375,9.68433278168721e-06,390936.1770833333,9.004690672927991e-05,19,MPRLLPISAATLALAQLTY,390936.1770833333
AO090020000285,56.333333333333336,0.01578347421132755,19.7,0.01578347421132755,388929.2526041667,3.69409268797043e-05,176256.57942708334,4.080218355908189e-05,19,MTRTIINLSILGLLSVPAL,388929.2526041667
AO090102000335,0.0,0.25753305593082076,279.9,0.25753305593082076,0.0,0.0,373842.6979166667,9.994913472465823e-05,21,MQSRSVLICVLLALDILNFTV,373842.6979166667
AO090103000218,0.0,0.3221672803517819,396.2,0.3221672803517819,0.0,0.0,343808.921875,7.632445554471784e-05,24,MSPPLFSKWPFIISLMVYAVRPAW,343808.921875
AO090003001496,15.933333333333335,0.015584012551834678,20.0,0.015584012551834678,220036.27473958334,1.9347960878278457e-05,326602.984375,7.06999210019847e-05,17,MRLSYAISLLPLAASVG,326602.984375
AO090001000726,19.6,0.1561036989281329,189.9333333333333,0.1561036989281329,29154.9296875,2.1009745476740578e-06,323269.2838541667,7.24583732635277e-05,21,MRVPISHFTLIALGLSPVHVL,323269.2838541667
AO090138000042,40.63333333333333,0.014834582388762946,22.35,0.014834582388762946,316360.5651041667,2.9748732717131733e-05,232905.0078125,4.868939297843101e-05,16,MKFSVAAFASLLSVVS,316360.5651041667
AO090138000019,64.7,0.0,0.0,0.0,293209.0755208333,2.795810409450032e-05,0.0,0.0,17,MRVSITLLISTFVISAY,293209.0755208333
AO090003001406,33.233333333333334,0.00273369782637685,4.3,0.00273369782637685,287174.7434895833,2.6873554047285144e-05,55135.896484375,7.851015799857048e-06,14,MLLGTLLSLAAVVA,287174.7434895833
AO090023000637,54.65,0.21241017190165526,251.36666666666667,0.21241017190165526,53645.63330078125,4.425995166753507e-06,282099.875,6.73420412521314e-05,15,MKNFATVAALAAGAN,282099.875
AO090009000416,89.80000000000001,0.15221098894829735,192.06666666666663,0.15221098894829735,97121.88802083333,8.799345506559572e-06,274377.3203125,5.723883765052109e-05,15,MKSFIASLFAASLAY,274377.3203125
AO090005001311,32.46666666666666,0.016488784693286258,21.566666666666666,0.016488784693286258,266006.61328125,2.384014437539712e-05,221157.74739583334,4.415921594698875e-05,18,MSLFNVLALLMAFVCSVT,266006.61328125
AO090003001514,31.25,0.13787602668551044,164.63333333333335,0.13787602668551044,37295.466796875,3.0585352180695915e-06,241637.625,5.494342669812807e-05,30,MYRFLVSLLGLVAGTTYAAPVPEVSSMNAV,241637.625
AO090701001002,53.26666666666667,0.017634515713206206,26.55,0.017634515713206206,232371.18880208334,2.1626791659608767e-05,147059.6806640625,3.250079618103853e-05,24,MIFSDWVMQLSAAALFLALPKSVA,232371.18880208334
AO090003000825,41.23333333333334,0.0026465671499576473,3.533333333333333,0.0026465671499576473,227968.5625,2.1399828281839186e-05,25317.468098958332,2.8453700594921687e-06,19,MHVLSTLTQALSLWAPLAA,227968.5625
AO090701000294,0.0,0.14322919224981034,161.03333333333333,0.14322919224981034,0.0,0.0,226262.46354166666,5.5619701067228336e-05,20,MIMKSSFMPLVALSSAISAW,226262.46354166666
AO090124000056,0.0,0.06231412863255958,66.2,0.06231412863255958,0.0,0.0,223805.703125,6.102403131684291e-05,64,MWNMTLLAIGLFFLRRTGSIRNYPQFYSLFEFPIRTRSKKMQIHQLVLFSFVGLAASAPVAEDK,223805.703125
AO090009000036,32.9,0.0253416340137685,34.36666666666667,0.0253416340137685,177425.009765625,1.608919077891327e-05,219881.24934895834,5.6184647414036257e-05,21,MKWSALVPLSVSALAVLPSTG,219881.24934895834
AO090005000108,0.0,0.37464763562910824,429.5666666666666,0.37464763562910824,0.0,0.0,218113.27604166666,5.303254589119651e-05,17,MHLSSFSLLALGAATAN,218113.27604166666
AO090011000174,0.0,0.3109747452188913,364.9666666666667,0.3109747452188913,0.0,0.0,215902.13541666666,4.93053919821632e-05,18,MQLLPVALLLGALAAPTA,215902.13541666666
AO090001000544,53.46666666666667,0.0,0.0,0.0,215669.275716146,2.029517529538069e-05,0.0,0.0,29,MAAFPAYLALLSYLVPGALSHPEAKTLTS,215669.275716146
AO090009000570,11.5,0.07435322436427381,84.16666666666667,0.07435322436427381,23995.195963541668,1.8703378039334883e-06,214177.00520833334,5.326004711970341e-05,27,MLFFTVFTFFLTLLSTVLSQPIDDILP,214177.00520833334
AO090001000143,80.03333333333333,0.140811089028521,161.03333333333333,0.140811089028521,81203.14453125,7.344176802790805e-06,204655.20833333334,4.915532643835278e-05,20,MFSLARLGTVAGLFLLAQAA,204655.20833333334
AO090003000823,63.0,0.043500910427319885,47.93333333333334,0.043500910427319885,200474.892903646,1.8709164407609105e-05,191035.59375,4.605041566064661e-05,27,MPSNKHPILSYILLPLLLALSTIQIVQ,200474.892903646
AO090701000510,34.13333333333333,0.04381155236946343,52.56666666666666,0.04381155236946343,106189.14908854167,9.590356445861239e-06,199078.9609375,4.964174978777465e-05,19,MRFQSLAAAILLSLSITIH,199078.9609375
AO090120000008,0.0,0.47081003403139254,500.0,0.47081003403139254,0.0,0.0,195230.42708333334,5.0212376253855844e-05,18,MRTAASTGLFLGLASMAS,195230.42708333334
AO090701000002,0.0,0.40444317767659926,500.0,0.40444317767659926,0.0,0.0,192132.9140625,4.181916647306788e-05,19,MQKSWLVLLVACLGLQGTT,192132.9140625
AO090005001084,0.0,0.43635588216812454,500.0,0.43635588216812454,0.0,0.0,184026.64583333334,4.447975277960888e-05,13,MLGSLLLLAPLAG,184026.64583333334
AO090020000640,43.199999999999996,0.18822407216370193,217.4,0.18822407216370193,28493.131510416668,2.3113583081581787e-06,179020.453125,4.347860406277564e-05,19,MKLSTASALVTSQAAYAAS,179020.453125
AO090010000622,72.86666666666666,0.05134263706751143,61.73333333333333,0.05134263706751143,168283.451171875,1.5353257944857595e-05,176900.19205729166,4.0505755028341646e-05,23,MRGLSWQQLGGAVLLLLQGQVAL,176900.19205729166
AO090020000279,0.0,0.09223346634878471,105.5,0.09223346634878471,0.0,0.0,173314.89583333334,4.355606178353634e-05,20,MKVQHLSSPFLLFLLPAIAT,173314.89583333334
AO090005000042,0.0,0.027899176902621253,31.650000000000002,0.027899176902621253,0.0,0.0,162682.6875,4.761887975001316e-05,23,MKASFISRLLSLTAFAISSNLSY,162682.6875
AO090038000214,0.0,0.035309489669793595,40.833333333333336,0.035309489669793595,0.0,0.0,159077.38541666666,3.820529645605554e-05,19,MMLSVLGIVPVLLSLSTND,159077.38541666666
AO090009000148,0.0,0.21605426501311287,324.15,0.21605426501311287,0.0,0.0,144007.263671875,2.6920084417871016e-05,19,MMRGASLLPVALAALSCVD,144007.263671875
AO090023000382,118.4,0.05830597866122886,69.6,0.05830597866122886,133893.12890625,1.1963348449935898e-05,92131.0625,2.0283385953040112e-05,16,MILLGLIVCSLLGVAT,133893.12890625
AO090023000052,6.65,0.023362220974925033,27.5,0.023362220974925033,26750.2607421875,2.0279040325475538e-06,129447.93619791667,2.9406002902086814e-05,19,MKLANLALSATAGLSLKAT,129447.93619791667
AO090001000135,18.366666666666667,0.0,0.0,0.0,124727.407389323,1.1382884580103592e-05,0.0,0.0,18,MRFISVSSLLLALAPALN,124727.407389323
AO090023000615,96.13333333333333,0.09702587198776806,115.83333333333333,0.09702587198776806,79906.2734375,7.17862578097925e-06,123118.8203125,2.6220374028658797e-05,36,MLSGFFWSALAMFYSRIRSVASTAAVTSLFTATVAQ,123118.8203125
AO090005000029,0.0,0.028598253121990328,38.53333333333334,0.028598253121990328,0.0,0.0,111126.93424479167,3.303070133558155e-05,23,MHLRNIVIALAATAVASPVDLQD,111126.93424479167
AO090166000085,0.0,0.34897601858627797,429.6666666666667,0.34897601858627797,0.0,0.0,106345.53125,2.1778301476510484e-05,26,MARTQWPSLGVAALQILSFSLVNQAL,106345.53125
AO090038000111,243.0333333333333,0.0,0.0,0.0,104392.82421875,9.730516667124179e-06,0.0,0.0,23,MRFFQTLVALPLIAGAVASPLDA,104392.82421875
AO090124000015,42.6,0.1490382599682969,171.63333333333335,0.1490382599682969,23060.166015625,1.5586810610082944e-06,103931.6953125,2.2326370574409557e-05,19,MLSPVRLLPLIGSLLSLVS,103931.6953125
AO090026000119,36.0,0.20922158490285356,231.5666666666667,0.20922158490285356,13031.376953125,8.030933310362437e-07,100941.50520833333,2.302136668756936e-05,17,MSSSLKFLGVFLPALAV,100941.50520833333
AO090005000610,0.0,0.09981490280132033,113.93333333333334,0.09981490280132033,0.0,0.0,96287.1015625,2.2318983326030247e-05,21,MRAFESVFAAIACLAHIGMTD,96287.1015625
AO090103000463,87.46666666666665,0.019601577988176203,29.5,0.019601577988176203,86174.96875,7.796072042794584e-06,38362.96484375,5.491780168294396e-06,18,MHSSLLPMLAAMLLSPVS,86174.96875
AO090001000073,0.0,0.004667213406231942,7.1,0.004667213406231942,0.0,0.0,80916.5693359375,1.2038511936938602e-05,35,MKNIFVATLGLFAAVSSALPYTTPVNDNPISALQA,80916.5693359375
AO090011000364,76.93333333333334,0.0818775836778237,123.0,0.0818775836778237,32377.429036458332,2.6871554733361294e-06,77128.75,1.1672338128366031e-05,18,MKQTGTILALAGLVSMAH,77128.75
AO090166000081,94.0,0.0,0.0,0.0,75021.48046875,6.8138788451394245e-06,0.0,0.0,19,MHSSLTFLTLALCLFAWAN,75021.48046875
AO090023000525,71.3,0.027238118303870126,33.43333333333333,0.027238118303870126,71747.99869791667,6.401850610751851e-06,42247.501302083336,7.174998191675214e-06,16,MKGLAFVCGLLATSVS,71747.99869791667
AO090011000036,65.03333333333335,0.015829955423900952,19.2,0.015829955423900952,70831.70833333333,6.486271941883263e-06,27910.686197916668,3.3911998041100236e-06,17,MRGLLLAGALGLPLAVL,70831.70833333333
AO090012000922,14.666666666666666,0.0,0.0,0.0,67574.23958333333,6.017634885976738e-06,0.0,0.0,19,MRATLFTTILAGSLPLLAA,67574.23958333333
AO090020000095,14.5,0.0,0.0,0.0,64767.09765625,5.974252620863366e-06,0.0,0.0,26,MHQFLTLAALLATTALAADRTPALVA,64767.09765625
AO090005000217,53.6,0.0641151956439154,67.85,0.0641151956439154,39358.859375,3.6017053248847268e-06,60948.716796875,1.483958101642173e-05,23,MRLITRWIPLANALASTMPVQVV,60948.716796875
AO090701000512,6.933333333333334,0.00323968737176438,3.8,0.00323968737176438,57494.91796875,4.963602677208669e-06,42461.4345703125,6.29779083066976e-06,21,MRTSLSTTVCLGLLLPAAPTL,57494.91796875
AO090010000562,80.63333333333334,0.045944274796603714,57.833333333333336,0.045944274796603714,52449.932291666664,4.616710066095327e-06,48272.276692708336,8.586533570901316e-06,16,MILGLIASLGQAAVAA,52449.932291666664
AO090003001268,15.3,0.026592376851969104,21.2,0.026592376851969104,26164.35546875,2.2282955697425068e-06,48116.21484375,9.96654234629383e-06,19,MRFTPSSAALLLGAIGAAT,48116.21484375
AO090023000113,32.13333333333333,0.04719687174494868,57.73333333333333,0.04719687174494868,20678.607421875,1.562957148659001e-06,47964.82421875,8.33263881966578e-06,20,MKFISVVALLAPVVLAAPQA,47964.82421875
AO090003001305,101.93333333333332,0.08106666666666666,121.6,0.08106666666666666,28105.479817708332,2.314674277531782e-06,36794.41796875,7.83180661335839e-06,18,MQRYISLSVSLSLLSGAN,36794.41796875
AO090005001467,45.050000000000004,0.039227636139712425,46.5,0.039227636139712425,23263.39892578125,1.8224587005912614e-06,31955.80078125,4.622812669986781e-06,25,MRANNLLLLAGLASSVAAYPADVES,31955.80078125
AO090026000145,51.0,0.06557279639461427,73.36666666666666,0.06557279639461427,16132.1923828125,1.2547882508264214e-06,29544.269856770832,5.329867510658553e-06,18,MKGLLFVLSAIFGITLAA,29544.269856770832
AO090012000164,19.0,0.0,0.0,0.0,28565.224609375,2.0485043880193634e-06,0.0,0.0,27,MKFQSLCMSLFCAATLAAALPVEPSAE,28565.224609375
AO090701000885,30.166666666666668,0.02875280659307658,33.66666666666667,0.02875280659307658,18154.256184895832,1.3066453901229926e-06,25059.973307291668,2.8785762040717017e-06,25,MKVTKKVLDQSLCCTALLALVGGAA,25059.973307291668
AO090010000493,30.85,0.0,0.0,0.0,20113.23046875,1.4886980616145757e-06,0.0,0.0,23,MRVTTLSTALFALASTAVSAPTA,20113.23046875
AO090701000844,0.0,0.0,0.0,0.0,0.0,0.0,0.0,0.0,24,MHILTPPRLCTALTVLTSLIISSF,0.0
AO090120000056,0.0,0.0,0.0,0.0,0.0,0.0,0.0,0.0,68,MPMPCRTQRYKYCFTVIVCLPYLHLTNFGYLKTNIIPHFSNPNHNSNMQLKSLFVVMAGLMAFAAAAP,0.0
AO090009000017,0.0,0.0,0.0,0.0,0.0,0.0,0.0,0.0,20,MMTKLWMIFGCMAAAFSTAT,0.0
AO090023000365,0.0,0.0,0.0,0.0,0.0,0.0,0.0,0.0,18,MRDFLSLLGLASIIASSS,0.0
AO090026000198,0.0,0.0,0.0,0.0,0.0,0.0,0.0,0.0,18,MRFGYALAGILISIAGAN,0.0
