Protein_ID,Localizations,Signals,Cytoplasm,Nucleus,Extracellular,Cell membrane,Mitochondrion,Plastid,Endoplasmic reticulum,Lysosome/Vacuole,Golgi apparatus,Peroxisome
AO090103000076-T,Cytoplasm,,0.5343999862670898,0.13339999318122864,0.041099999099969864,0.4778999984264374,0.07840000092983246,0.005499999970197678,0.058400001376867294,0.12950000166893005,0.08049999922513962,0.0
AO090113000063-T,Cytoplasm,,0.6159999966621399,0.16110000014305115,0.01549999974668026,0.48330000042915344,0.1534000039100647,0.002199999988079071,0.1518000066280365,0.2529999911785126,0.13899999856948853,9.999999747378752e-05
AO090701000295-T,Cytoplasm,,0.6200000047683716,0.14270000159740448,0.03920000046491623,0.40119999647140503,0.16899999976158142,0.00279999990016222,0.17599999904632568,0.26809999346733093,0.17399999499320984,9.999999747378752e-05
AO090003000935-T,Cytoplasm,,0.5943999886512756,0.12300000339746475,0.03359999880194664,0.510699987411499,0.1039000004529953,0.005100000184029341,0.1307000070810318,0.2134000062942505,0.09560000151395798,9.999999747378752e-05
AO090020000710-T,Cytoplasm,,0.5982000231742859,0.13689999282360077,0.025200000032782555,0.44269999861717224,0.1339000016450882,0.002199999988079071,0.11620000004768372,0.2021999955177307,0.12060000002384186,9.999999747378752e-05
AO090026000003-T,Cytoplasm,,0.6407999992370605,0.15410000085830688,0.015200000256299973,0.4343999922275543,0.1282999962568283,0.0015999999595806003,0.15569999814033508,0.259799987077713,0.13410000503063202,9.999999747378752e-05
AO090003001507-T,Cytoplasm,,0.661300003528595,0.13030000030994415,0.03269999846816063,0.43230000138282776,0.1412000060081482,0.0032999999821186066,0.1485999971628189,0.26969999074935913,0.1550000011920929,0.00019999999494757503
AO090011000195-T,Cytoplasm,,0.6141999959945679,0.1031000018119812,0.0934000015258789,0.40059998631477356,0.11460000276565552,0.0032999999821186066,0.16050000488758087,0.16009999811649323,0.1331000030040741,9.999999747378752e-05
AO090020000162-T,Cytoplasm,,0.6474000215530396,0.15469999611377716,0.03020000085234642,0.40619999170303345,0.16259999573230743,0.0024999999441206455,0.16779999434947968,0.23190000653266907,0.13230000436306,0.00019999999494757503
AO090010000704-T,Cytoplasm,Nuclear localization signal,0.641700029373169,0.12809999287128448,0.1120000034570694,0.42089998722076416,0.14920000731945038,0.0024999999441206455,0.19850000739097595,0.12939999997615814,0.23000000417232513,0.0003000000142492354
AO090003001484-T,Cytoplasm,,0.646399974822998,0.1298999935388565,0.029400000348687172,0.37630000710487366,0.12620000541210175,0.00279999990016222,0.1404999941587448,0.2904999852180481,0.1437000036239624,0.00019999999494757503
AO090113000195-T,Cytoplasm,,0.6467999815940857,0.16329999268054962,0.016499999910593033,0.428600013256073,0.14110000431537628,0.00139999995008111,0.2126999944448471,0.2305999994277954,0.12250000238418579,9.999999747378752e-05
AO090011000808-T,Cytoplasm,,0.6283000111579895,0.12309999763965607,0.03700000047683716,0.4027999937534332,0.11050000041723251,0.002300000051036477,0.22709999978542328,0.22769999504089355,0.16529999673366547,9.999999747378752e-05
AO090102000092-T,Cytoplasm,,0.6029000282287598,0.13940000534057617,0.02879999950528145,0.4684999883174896,0.12520000338554382,0.0017000000225380063,0.18050000071525574,0.23880000412464142,0.13179999589920044,9.999999747378752e-05
AO090113000062-T,Cytoplasm,,0.5809000134468079,0.14489999413490295,0.020800000056624413,0.4490000009536743,0.1387999951839447,0.0019000000320374966,0.12880000472068787,0.18870000541210175,0.11879999935626984,0.0
AO090020000698-T,Cytoplasm,,0.6538000106811523,0.11829999834299088,0.030700000002980232,0.4239000082015991,0.15080000460147858,0.0031999999191612005,0.1615000069141388,0.2694999873638153,0.18129999935626984,0.0003000000142492354
AO090003000354-T,Cytoplasm,,0.6110000014305115,0.14820000529289246,0.01119999960064888,0.5110999941825867,0.1363999992609024,0.00139999995008111,0.14399999380111694,0.2809999883174896,0.1151999980211258,9.999999747378752e-05
AO090012000708-T,Cytoplasm,,0.5979999899864197,0.1371999979019165,0.052000001072883606,0.4262999892234802,0.1273999959230423,0.002899999963119626,0.16369999945163727,0.17000000178813934,0.1835000067949295,0.00019999999494757503
AO090103000153-T,Cytoplasm,,0.6367999911308289,0.15299999713897705,0.01769999973475933,0.4830000102519989,0.1111999973654747,0.0017999999690800905,0.20430000126361847,0.23070000112056732,0.14429999887943268,9.999999747378752e-05
AO090701000525-T,Cytoplasm,,0.6068000197410583,0.15049999952316284,0.018400000408291817,0.4666000008583069,0.1256999969482422,0.001500000013038516,0.20010000467300415,0.2660999894142151,0.1500999927520752,9.999999747378752e-05
AO090001000406-T,Cytoplasm,,0.6151999831199646,0.16459999978542328,0.012900000438094139,0.44940000772476196,0.1273999959230423,0.002099999925121665,0.13369999825954437,0.2671000063419342,0.12950000166893005,9.999999747378752e-05
AO090010000644-T,Cytoplasm,,0.6726999878883362,0.1168999969959259,0.052299998700618744,0.4120999872684479,0.14749999344348907,0.003100000089034438,0.1987999975681305,0.27950000762939453,0.16210000216960907,9.999999747378752e-05
AO090005000560-T,Cytoplasm,,0.6442999839782715,0.1370999962091446,0.03269999846816063,0.4108000099658966,0.13699999451637268,0.00279999990016222,0.1428000032901764,0.28290000557899475,0.16359999775886536,0.00019999999494757503
AO090001000383-T,Cytoplasm,,0.5828999876976013,0.18050000071525574,0.013000000268220901,0.4260999858379364,0.11760000139474869,0.001500000013038516,0.1460999995470047,0.26269999146461487,0.1257999986410141,9.999999747378752e-05
AO090003000833-T,Cytoplasm,,0.6302000284194946,0.15889999270439148,0.024800000712275505,0.4731000065803528,0.13030000030994415,0.0015999999595806003,0.19830000400543213,0.22669999301433563,0.14390000700950623,9.999999747378752e-05
AO090010000729-T,Cytoplasm,,0.6304000020027161,0.1363999992609024,0.023099999874830246,0.39899998903274536,0.12919999659061432,0.0017000000225380063,0.20839999616146088,0.2549999952316284,0.14329999685287476,9.999999747378752e-05
AO090701000540-T,Cytoplasm,,0.6590999960899353,0.11349999904632568,0.04390000179409981,0.4302000105381012,0.1923000067472458,0.004399999976158142,0.14669999480247498,0.2558000087738037,0.15919999778270721,0.00019999999494757503
AO090038000415-T,Cytoplasm,,0.6460000276565552,0.14489999413490295,0.029500000178813934,0.4275999963283539,0.16179999709129333,0.003700000001117587,0.1670999974012375,0.2890999913215637,0.15160000324249268,0.00019999999494757503
AO090011000119-T,Cytoplasm,,0.6011000275611877,0.15060000121593475,0.01590000092983246,0.40700000524520874,0.10429999977350235,0.00139999995008111,0.11050000041723251,0.25189998745918274,0.08529999852180481,9.999999747378752e-05
AO090020000207-T,Cytoplasm,,0.6309999823570251,0.14790000021457672,0.027499999850988388,0.4368000030517578,0.14810000360012054,0.00139999995008111,0.18490000069141388,0.23659999668598175,0.13269999623298645,9.999999747378752e-05
AO090701000644-T,Cytoplasm,,0.6222000122070312,0.16590000689029694,0.017400000244379044,0.414000004529953,0.13699999451637268,0.0019000000320374966,0.1606999933719635,0.3046000003814697,0.1446000039577484,0.00019999999494757503
AO090010000746-T,Cytoplasm,,0.6013000011444092,0.1875,0.01679999940097332,0.5112000107765198,0.14319999516010284,0.0017999999690800905,0.19210000336170197,0.25850000977516174,0.1396999955177307,9.999999747378752e-05
AO090103000216-T,Cytoplasm,,0.5771999955177307,0.18709999322891235,0.011599999852478504,0.4675000011920929,0.14270000159740448,0.0015999999595806003,0.14630000293254852,0.28209999203681946,0.13660000264644623,9.999999747378752e-05
AO090005000189-T,Cytoplasm,,0.6169999837875366,0.156700000166893,0.030799999833106995,0.41589999198913574,0.1460999995470047,0.002099999925121665,0.15889999270439148,0.25360000133514404,0.12489999830722809,9.999999747378752e-05
AO090005001044-T,Cytoplasm,,0.574999988079071,0.1606999933719635,0.01899999938905239,0.4514000117778778,0.12520000338554382,0.0019000000320374966,0.17419999837875366,0.22689999639987946,0.11680000275373459,9.999999747378752e-05
AO090001000098-T,Cytoplasm,,0.5764999985694885,0.17870000004768372,0.037300001829862595,0.4068000018596649,0.14900000393390656,0.0032999999821186066,0.10970000177621841,0.14380000531673431,0.1143999993801117,0.0003000000142492354
AO090001000143-T,Cytoplasm,,0.6274999976158142,0.1720999926328659,0.016300000250339508,0.3961000144481659,0.14229999482631683,0.0020000000949949026,0.19830000400543213,0.23739999532699585,0.16779999434947968,9.999999747378752e-05
AO090012000590-T,Cytoplasm,,0.6263999938964844,0.14790000021457672,0.029100000858306885,0.5056999921798706,0.13989999890327454,0.0019000000320374966,0.17000000178813934,0.2425999939441681,0.17180000245571136,0.00019999999494757503
AO090023000371-T,Cytoplasm,,0.6033999919891357,0.16500000655651093,0.01899999938905239,0.47870001196861267,0.16840000450611115,0.0017000000225380063,0.13920000195503235,0.24789999425411224,0.13230000436306,9.999999747378752e-05
AO090026000766-T,Cytoplasm,,0.6725999712944031,0.1388999968767166,0.023800000548362732,0.4763999879360199,0.16359999775886536,0.002199999988079071,0.13850000500679016,0.24210000038146973,0.14350000023841858,9.999999747378752e-05
AO090009000144-T,Cytoplasm,,0.5658000111579895,0.12780000269412994,0.04569999873638153,0.5422999858856201,0.11110000312328339,0.003000000026077032,0.125900000333786,0.24320000410079956,0.1834000051021576,0.00019999999494757503
AO090138000055-T,Cytoplasm,,0.6353999972343445,0.1679999977350235,0.028300000354647636,0.4611000120639801,0.14640000462532043,0.002199999988079071,0.19189999997615814,0.2290000021457672,0.1177000030875206,9.999999747378752e-05
AO090011000036-T,Cytoplasm,,0.6710000038146973,0.14139999449253082,0.02070000022649765,0.4505000114440918,0.14139999449253082,0.0019000000320374966,0.18070000410079956,0.22840000689029694,0.13289999961853027,9.999999747378752e-05
AO090003000346-T,Cytoplasm,,0.630299985408783,0.14920000731945038,0.019899999722838402,0.4860000014305115,0.13930000364780426,0.0017999999690800905,0.1687999963760376,0.21649999916553497,0.1526000052690506,9.999999747378752e-05
AO090005000347-T,Cytoplasm,,0.6291999816894531,0.13539999723434448,0.03620000183582306,0.44269999861717224,0.13490000367164612,0.0019000000320374966,0.1632000058889389,0.26899999380111694,0.1145000010728836,0.00019999999494757503
AO090005000217-T,Cytoplasm,,0.6304000020027161,0.13379999995231628,0.03350000083446503,0.4097000062465668,0.18369999527931213,0.0020000000949949026,0.18490000069141388,0.2653999924659729,0.1298999935388565,0.00019999999494757503
AO090011000343-T,Cytoplasm,,0.620199978351593,0.10760000348091125,0.0568000003695488,0.4074000120162964,0.10819999873638153,0.0031999999191612005,0.14219999313354492,0.2467000037431717,0.17569999396800995,9.999999747378752e-05
AO090003001448-T,Cytoplasm,,0.6216999888420105,0.14560000598430634,0.018200000748038292,0.3756999969482422,0.11559999734163284,0.002899999963119626,0.16439999639987946,0.2572999894618988,0.13979999721050262,9.999999747378752e-05
AO090011000051-T,Cytoplasm,,0.6847000122070312,0.11320000141859055,0.08669999986886978,0.3977999985218048,0.19460000097751617,0.004000000189989805,0.18129999935626984,0.1949000060558319,0.16050000488758087,0.0005000000237487257
AO090001000221-T,Cytoplasm,,0.607200026512146,0.1687999963760376,0.008999999612569809,0.4672999978065491,0.13950000703334808,0.00139999995008111,0.1445000022649765,0.3034000098705292,0.12530000507831573,9.999999747378752e-05
AO090020000514-T,Cytoplasm,,0.6159999966621399,0.1306000053882599,0.027000000700354576,0.4047999978065491,0.14710000157356262,0.0020000000949949026,0.148499995470047,0.35100001096725464,0.1770000010728836,0.00019999999494757503
AO090009000471-T,Cytoplasm,,0.6370000243186951,0.1639000028371811,0.01640000008046627,0.41679999232292175,0.12770000100135803,0.0019000000320374966,0.1826999932527542,0.25540000200271606,0.14399999380111694,9.999999747378752e-05
AO090011000357-T,Cytoplasm,,0.6826000213623047,0.11460000276565552,0.029200000688433647,0.4478999972343445,0.19779999554157257,0.003000000026077032,0.14720000326633453,0.25850000977516174,0.1404000073671341,9.999999747378752e-05
AO090003001268-T,Cytoplasm,,0.5946999788284302,0.17730000615119934,0.013399999588727951,0.41449999809265137,0.12229999899864197,0.00139999995008111,0.16850000619888306,0.27390000224113464,0.14390000700950623,9.999999747378752e-05
AO090003000876-T,Cytoplasm,,0.6359000205993652,0.14020000398159027,0.04859999939799309,0.46149998903274536,0.1746000051498413,0.002400000113993883,0.15189999341964722,0.2506999969482422,0.14350000023841858,0.00019999999494757503
AO090701000313-T,Cytoplasm,,0.6331999897956848,0.1615999937057495,0.012199999764561653,0.4336000084877014,0.1428000032901764,0.0019000000320374966,0.1826999932527542,0.2614000141620636,0.16050000488758087,9.999999747378752e-05
AO090005001090-T,Cytoplasm,,0.5482000112533569,0.1737000048160553,0.017500000074505806,0.4844000041484833,0.1509999930858612,0.0012000000569969416,0.13979999721050262,0.24889999628067017,0.10760000348091125,9.999999747378752e-05
AO090009000579-T,Cytoplasm,,0.6539999842643738,0.14669999480247498,0.01940000057220459,0.427700012922287,0.14830000698566437,0.0017000000225380063,0.1582999974489212,0.2671000063419342,0.12470000237226486,0.00019999999494757503
AO090701000246-T,Cytoplasm,,0.6133999824523926,0.14350000023841858,0.026900000870227814,0.41589999198913574,0.12790000438690186,0.001500000013038516,0.1761000007390976,0.2587999999523163,0.1525000035762787,0.00019999999494757503
AO090020000351-T,Cytoplasm,,0.6144999861717224,0.15469999611377716,0.02329999953508377,0.46059998869895935,0.13210000097751617,0.0020000000949949026,0.15729999542236328,0.2401999980211258,0.11829999834299088,9.999999747378752e-05
AO090005000064-T,Cytoplasm,,0.6115999817848206,0.1606999933719635,0.019099999219179153,0.48489999771118164,0.1501999944448471,0.0020000000949949026,0.21480000019073486,0.23510000109672546,0.1459999978542328,9.999999747378752e-05
AO090009000553-T,Cytoplasm,,0.5666999816894531,0.12600000202655792,0.02590000070631504,0.45840001106262207,0.1120000034570694,0.001500000013038516,0.12559999525547028,0.2768000066280365,0.15850000083446503,9.999999747378752e-05
AO090124000065-T,Cytoplasm,,0.6273999810218811,0.16089999675750732,0.025699999183416367,0.43130001425743103,0.12409999966621399,0.002099999925121665,0.21089999377727509,0.2362000048160553,0.1517000049352646,0.00019999999494757503
AO090005000897-T,Cytoplasm,,0.5722000002861023,0.10289999842643738,0.09799999743700027,0.4442000091075897,0.10570000112056732,0.005200000014156103,0.09960000216960907,0.2281000018119812,0.14100000262260437,0.00019999999494757503
AO090026000662-T,Cytoplasm,,0.6208000183105469,0.12210000306367874,0.04360000044107437,0.42500001192092896,0.15410000085830688,0.002099999925121665,0.15569999814033508,0.2046000063419342,0.11760000139474869,0.00019999999494757503
AO090003000239-T,Cytoplasm,Nuclear localization signal,0.5358999967575073,0.17599999904632568,0.017000000923871994,0.5167999863624573,0.093299999833107,0.0020000000949949026,0.14229999482631683,0.24320000410079956,0.1316000074148178,9.999999747378752e-05
AO090038000364-T,Cytoplasm,,0.6277999877929688,0.12960000336170197,0.028200000524520874,0.40450000762939453,0.13740000128746033,0.0027000000700354576,0.11900000274181366,0.31299999356269836,0.12250000238418579,0.00019999999494757503
AO090124000015-T,Cytoplasm,,0.5871999859809875,0.17059999704360962,0.017899999395012856,0.508400022983551,0.12330000102519989,0.001500000013038516,0.1949000060558319,0.25,0.14669999480247498,9.999999747378752e-05
AO090011000235-T,Cytoplasm,,0.5971999764442444,0.15289999544620514,0.013199999928474426,0.4643000066280365,0.1386999934911728,0.0020000000949949026,0.11699999868869781,0.3075999915599823,0.11940000206232071,9.999999747378752e-05
AO090026000804-T,Cytoplasm,,0.6100000143051147,0.14219999313354492,0.02280000038444996,0.4374000132083893,0.147599995136261,0.0020000000949949026,0.23549999296665192,0.27889999747276306,0.13449999690055847,9.999999747378752e-05
AO090020000650-T,Cytoplasm,,0.6225000023841858,0.15610000491142273,0.017899999395012856,0.439300000667572,0.13109999895095825,0.00139999995008111,0.1673000007867813,0.26429998874664307,0.12939999997615814,9.999999747378752e-05
AO090701000473-T,Cytoplasm,,0.6007999777793884,0.16419999301433563,0.016100000590085983,0.4851999878883362,0.1316000074148178,0.0017999999690800905,0.16040000319480896,0.2806999981403351,0.147599995136261,9.999999747378752e-05
AO090005000253-T,Cytoplasm,,0.6473000049591064,0.10869999974966049,0.03669999912381172,0.383899986743927,0.15219999849796295,0.007199999876320362,0.07479999959468842,0.3093000054359436,0.12359999865293503,0.00019999999494757503
AO090009000356-T,Cytoplasm,,0.6625000238418579,0.1306000053882599,0.03759999945759773,0.40220001339912415,0.16210000216960907,0.002300000051036477,0.1468999981880188,0.24250000715255737,0.13120000064373016,9.999999747378752e-05
AO090012000725-T,Cytoplasm,,0.6122000217437744,0.1290999948978424,0.042399998754262924,0.3781999945640564,0.17229999601840973,0.003000000026077032,0.16419999301433563,0.26460000872612,0.12250000238418579,9.999999747378752e-05
AO090005001347-T,Cytoplasm,,0.6265000104904175,0.14579999446868896,0.01889999955892563,0.4700999855995178,0.14350000023841858,0.002199999988079071,0.12399999797344208,0.2671000063419342,0.12620000541210175,9.999999747378752e-05
AO090001000492-T,Cytoplasm,,0.6176000237464905,0.1615000069141388,0.019600000232458115,0.46239998936653137,0.14390000700950623,0.0019000000320374966,0.16200000047683716,0.24950000643730164,0.13819999992847443,9.999999747378752e-05
AO090026000119-T,Cytoplasm,,0.5817999839782715,0.13619999587535858,0.0430000014603138,0.4172999858856201,0.1378999948501587,0.002099999925121665,0.18050000071525574,0.20000000298023224,0.1469999998807907,9.999999747378752e-05
AO090011000300-T,Cytoplasm,,0.6047999858856201,0.1559000015258789,0.01979999989271164,0.48570001125335693,0.13410000503063202,0.002300000051036477,0.15569999814033508,0.25060001015663147,0.12860000133514404,9.999999747378752e-05
AO090011000131-T,Cytoplasm,,0.6376000046730042,0.14820000529289246,0.03519999980926514,0.5033000111579895,0.1673000007867813,0.0035000001080334187,0.16580000519752502,0.2459000051021576,0.17479999363422394,0.00019999999494757503
AO090138000042-T,Cytoplasm,,0.5774000287055969,0.17880000174045563,0.022299999371170998,0.34220001101493835,0.09730000048875809,0.0019000000320374966,0.12729999423027039,0.19910000264644623,0.10279999673366547,9.999999747378752e-05
AO090012000372-T,Cytoplasm,Nuclear localization signal,0.6215999722480774,0.17910000681877136,0.016899999231100082,0.5001999735832214,0.14139999449253082,0.002400000113993883,0.1923000067472458,0.2506999969482422,0.1615999937057495,9.999999747378752e-05
AO090003000823-T,Cytoplasm,,0.6243000030517578,0.15950000286102295,0.03099999949336052,0.459199994802475,0.14839999377727509,0.0017000000225380063,0.17739999294281006,0.24390000104904175,0.16519999504089355,0.00019999999494757503
AO090102000440-T,Cytoplasm,,0.6069999933242798,0.155799999833107,0.10760000348091125,0.387800008058548,0.19470000267028809,0.003599999938160181,0.18019999563694,0.1096000000834465,0.12020000070333481,0.0005000000237487257
AO090001000083-T,Cytoplasm,,0.5929999947547913,0.1679999977350235,0.10610000044107437,0.44190001487731934,0.18389999866485596,0.004600000102072954,0.1265999972820282,0.1274999976158142,0.13770000636577606,0.0003000000142492354
AO090003001523-T,Cytoplasm,,0.6182000041007996,0.12549999356269836,0.024299999698996544,0.38100001215934753,0.11140000075101852,0.002300000051036477,0.1656000018119812,0.287200003862381,0.17479999363422394,9.999999747378752e-05
AO090206000073-T,Cytoplasm,,0.6498000025749207,0.11410000175237656,0.0414000004529953,0.41130000352859497,0.14810000360012054,0.002099999925121665,0.19380000233650208,0.2922999858856201,0.11900000274181366,0.00019999999494757503
AO090038000279-T,Cytoplasm,,0.6122000217437744,0.1412999927997589,0.021800000220537186,0.40950000286102295,0.14100000262260437,0.00279999990016222,0.17630000412464142,0.2770000100135803,0.12380000203847885,0.00019999999494757503
AO090011000174-T,Cytoplasm,,0.5837000012397766,0.14830000698566437,0.0284000001847744,0.48840001225471497,0.1225999966263771,0.003100000089034438,0.1534000039100647,0.2824000120162964,0.1623000055551529,9.999999747378752e-05
AO090023000079-T,Cytoplasm,,0.5867000222206116,0.12489999830722809,0.15620000660419464,0.44530001282691956,0.2076999992132187,0.00800000037997961,0.12479999661445618,0.12240000069141388,0.11100000143051147,0.00019999999494757503
AO090003000321-T,Cytoplasm,,0.6082000136375427,0.18170000612735748,0.019700000062584877,0.4650999903678894,0.15039999783039093,0.0015999999595806003,0.1746000051498413,0.22630000114440918,0.13750000298023224,9.999999747378752e-05
AO090005000409-T,Cytoplasm,,0.619700014591217,0.13930000364780426,0.02019999921321869,0.4611000120639801,0.15440000593662262,0.002099999925121665,0.14710000157356262,0.28189998865127563,0.13830000162124634,9.999999747378752e-05
AO090102000564-T,Cytoplasm,,0.6161999702453613,0.1590999960899353,0.02319999970495701,0.4641000032424927,0.1396999955177307,0.001500000013038516,0.21699999272823334,0.2554999887943268,0.1673000007867813,9.999999747378752e-05
AO090010000586-T,Cytoplasm,,0.6886000037193298,0.11599999666213989,0.026000000536441803,0.42829999327659607,0.17790000140666962,0.00279999990016222,0.17910000681877136,0.25099998712539673,0.15379999577999115,9.999999747378752e-05
AO090023000615-T,Cytoplasm,,0.6661999821662903,0.13750000298023224,0.02850000001490116,0.4634000062942505,0.15209999680519104,0.003000000026077032,0.17659999430179596,0.24690000712871552,0.14079999923706055,0.00019999999494757503
AO090038000540-T,Cytoplasm,,0.6139000058174133,0.14480000734329224,0.021299999207258224,0.4885999858379364,0.14980000257492065,0.0017999999690800905,0.1728000044822693,0.28049999475479126,0.1657000035047531,9.999999747378752e-05
AO090102000152-T,Cytoplasm,,0.632099986076355,0.16339999437332153,0.02459999918937683,0.5350000262260437,0.16339999437332153,0.0017000000225380063,0.14489999413490295,0.23819999396800995,0.1477999985218048,9.999999747378752e-05
AO090026000298-T,Cytoplasm,,0.6204000115394592,0.09480000287294388,0.08980000019073486,0.4383000135421753,0.12890000641345978,0.0024999999441206455,0.19789999723434448,0.2199999988079071,0.20669999718666077,9.999999747378752e-05
AO090012000482-T,Cytoplasm,,0.637499988079071,0.14650000631809235,0.01899999938905239,0.43790000677108765,0.13330000638961792,0.0020000000949949026,0.15410000085830688,0.26829999685287476,0.12800000607967377,9.999999747378752e-05
AO090701000885-T,Cytoplasm,,0.6075000166893005,0.18469999730587006,0.019999999552965164,0.46160000562667847,0.148499995470047,0.0019000000320374966,0.14509999752044678,0.23399999737739563,0.12309999763965607,9.999999747378752e-05
AO090120000008-T,Cytoplasm,,0.6240000128746033,0.15230000019073486,0.018300000578165054,0.45980000495910645,0.14499999582767487,0.0015999999595806003,0.16859999299049377,0.24279999732971191,0.13940000534057617,9.999999747378752e-05
AO090005001509-T,Cytoplasm,,0.608299970626831,0.15620000660419464,0.01860000006854534,0.41440001130104065,0.11819999665021896,0.0017000000225380063,0.14949999749660492,0.26820001006126404,0.13199999928474426,9.999999747378752e-05
AO090009000117-T,Cytoplasm,,0.5950999855995178,0.14579999446868896,0.02759999968111515,0.45419999957084656,0.13439999520778656,0.002199999988079071,0.14249999821186066,0.27300000190734863,0.12890000641345978,9.999999747378752e-05
AO090009000493-T,Cytoplasm,,0.6638000011444092,0.11490000039339066,0.05249999836087227,0.4952999949455261,0.16760000586509705,0.0032999999821186066,0.11289999634027481,0.20669999718666077,0.11270000040531158,0.00019999999494757503
AO090012000143-T,Cytoplasm,,0.5602999925613403,0.15060000121593475,0.027499999850988388,0.36719998717308044,0.11420000344514847,0.0017000000225380063,0.1454000025987625,0.19920000433921814,0.1193000003695488,9.999999747378752e-05
AO090701000071-T,Cytoplasm,,0.617900013923645,0.13009999692440033,0.03099999949336052,0.4027000069618225,0.12399999797344208,0.0017999999690800905,0.22290000319480896,0.20499999821186066,0.1046999990940094,9.999999747378752e-05
AO090038000471-T,Cytoplasm,,0.6406000256538391,0.14920000731945038,0.02329999953508377,0.499099999666214,0.1559000015258789,0.0017999999690800905,0.13120000064373016,0.2321999967098236,0.12389999628067017,9.999999747378752e-05
AO090001000733-T,Cytoplasm,,0.6276000142097473,0.14229999482631683,0.02930000051856041,0.3970000147819519,0.15559999644756317,0.003000000026077032,0.1467999964952469,0.2337000072002411,0.10980000346899033,9.999999747378752e-05
AO090103000463-T,Cytoplasm,,0.5916000008583069,0.1860000044107437,0.025499999523162842,0.3887999951839447,0.13740000128746033,0.00139999995008111,0.1818999946117401,0.2492000013589859,0.12470000237226486,0.00019999999494757503
AO090020000640-T,Cytoplasm,,0.6506999731063843,0.13369999825954437,0.022299999371170998,0.4661000072956085,0.156700000166893,0.002199999988079071,0.16449999809265137,0.28870001435279846,0.1225999966263771,9.999999747378752e-05
AO090038000258-T,Cytoplasm,,0.6909000277519226,0.1234000027179718,0.08860000222921371,0.5139999985694885,0.20100000500679016,0.0032999999821186066,0.17419999837875366,0.18119999766349792,0.11490000039339066,0.0003000000142492354
AO090026000408-T,Cytoplasm,,0.6725999712944031,0.16769999265670776,0.13779999315738678,0.3887999951839447,0.1981000006198883,0.00570000009611249,0.1785999983549118,0.07699999958276749,0.15760000050067902,0.0005000000237487257
AO090005000042-T,Cytoplasm,,0.6858999729156494,0.13910000026226044,0.050200000405311584,0.3716999888420105,0.181099995970726,0.001500000013038516,0.20360000431537628,0.20090000331401825,0.13369999825954437,0.0006000000284984708
AO090701000294-T,Cytoplasm,,0.6575000286102295,0.14380000531673431,0.07919999957084656,0.4650000035762787,0.16609999537467957,0.00559999980032444,0.12229999899864197,0.10930000245571136,0.1324000060558319,0.0003000000142492354
AO090012000110-T,Cytoplasm,,0.6431000232696533,0.11420000344514847,0.043699998408555984,0.3978999853134155,0.15459999442100525,0.0032999999821186066,0.1695999950170517,0.30410000681877136,0.1354999989271164,0.00019999999494757503
AO090023000602-T,Cytoplasm,,0.6251999735832214,0.17649999260902405,0.02239999920129776,0.41990000009536743,0.15770000219345093,0.0015999999595806003,0.14910000562667847,0.26019999384880066,0.12349999696016312,9.999999747378752e-05
AO090010000562-T,Cytoplasm,,0.6305000185966492,0.1777999997138977,0.0142000000923872,0.47940000891685486,0.16040000319480896,0.0017999999690800905,0.20110000669956207,0.2451000064611435,0.16200000047683716,9.999999747378752e-05
AO090026000516-T,Cytoplasm,,0.583899974822998,0.10289999842643738,0.06960000097751617,0.4595000147819519,0.11569999903440475,0.002199999988079071,0.18549999594688416,0.20730000734329224,0.15459999442100525,0.00019999999494757503
AO090011000565-T,Cytoplasm,,0.5735999941825867,0.1615000069141388,0.05380000174045563,0.373199999332428,0.10289999842643738,0.002099999925121665,0.12460000067949295,0.1688999980688095,0.12809999287128448,9.999999747378752e-05
AO090103000218-T,Cytoplasm,,0.6082000136375427,0.14499999582767487,0.027000000700354576,0.4178999960422516,0.14419999718666077,0.002300000051036477,0.1785999983549118,0.23680000007152557,0.12269999831914902,9.999999747378752e-05
AO090011000053-T,Cytoplasm,,0.574999988079071,0.1324000060558319,0.04610000178217888,0.4447999894618988,0.15160000324249268,0.002099999925121665,0.1687999963760376,0.22930000722408295,0.1282999962568283,9.999999747378752e-05
AO090003001326-T,Cytoplasm,,0.5619999766349792,0.14880000054836273,0.03020000085234642,0.46299999952316284,0.12470000237226486,0.0019000000320374966,0.12489999830722809,0.19709999859333038,0.10909999907016754,9.999999747378752e-05
AO090005000610-T,Cytoplasm,,0.5978999733924866,0.14239999651908875,0.020999999716877937,0.382099986076355,0.10999999940395355,0.002400000113993883,0.19830000400543213,0.27090001106262207,0.12049999833106995,9.999999747378752e-05
AO090001000617-T,Cytoplasm,Nuclear localization signal,0.6144000291824341,0.16169999539852142,0.027000000700354576,0.4537000060081482,0.1404999941587448,0.00139999995008111,0.2087000012397766,0.21089999377727509,0.17520000040531158,9.999999747378752e-05
AO090003000257-T,Cytoplasm,,0.6658999919891357,0.1298000067472458,0.027000000700354576,0.45080000162124634,0.15649999678134918,0.001500000013038516,0.12219999730587006,0.2290000021457672,0.10369999706745148,9.999999747378752e-05
AO090005000652-T,Cytoplasm,,0.5644999742507935,0.13120000064373016,0.03669999912381172,0.4251999855041504,0.12919999659061432,0.0020000000949949026,0.20110000669956207,0.25,0.12849999964237213,9.999999747378752e-05
AO090003001036-T,Cytoplasm,,0.6098999977111816,0.15209999680519104,0.020099999383091927,0.43689998984336853,0.11630000174045563,0.002199999988079071,0.14949999749660492,0.24709999561309814,0.11789999902248383,9.999999747378752e-05
AO090102000494-T,Cytoplasm,,0.6216999888420105,0.1273999959230423,0.023399999365210533,0.5138000249862671,0.17219999432563782,0.002099999925121665,0.18310000002384186,0.29510000348091125,0.1404999941587448,0.00019999999494757503
AO090009000313-T,Cytoplasm,,0.667900025844574,0.12600000202655792,0.025499999523162842,0.46860000491142273,0.1559000015258789,0.001500000013038516,0.14069999754428864,0.25119999051094055,0.12359999865293503,9.999999747378752e-05
AO090701000717-T,Cytoplasm,,0.6241999864578247,0.12870000302791595,0.029100000858306885,0.45879998803138733,0.15240000188350677,0.0026000000070780516,0.1096000000834465,0.20659999549388885,0.12290000170469284,0.00019999999494757503
AO090701000510-T,Cytoplasm,,0.6046000123023987,0.17759999632835388,0.01549999974668026,0.3718999922275543,0.11869999766349792,0.0017000000225380063,0.15449999272823334,0.21660000085830688,0.12479999661445618,9.999999747378752e-05
AO090023000637-T,Cytoplasm,,0.6025999784469604,0.1639000028371811,0.01810000091791153,0.4327999949455261,0.12200000137090683,0.002099999925121665,0.1615000069141388,0.24969999492168427,0.13300000131130219,9.999999747378752e-05
AO090023000872-T,Cytoplasm,,0.6118000149726868,0.17499999701976776,0.012799999676644802,0.4478999972343445,0.13379999995231628,0.0015999999595806003,0.20329999923706055,0.24390000104904175,0.1445000022649765,9.999999747378752e-05
AO090001000511-T,Cytoplasm,,0.6158999800682068,0.17270000278949738,0.013199999928474426,0.4697999954223633,0.13650000095367432,0.0017999999690800905,0.20190000534057617,0.24549999833106995,0.13220000267028809,9.999999747378752e-05
AO090023000056-T,Cytoplasm,,0.6399000287055969,0.12999999523162842,0.020099999383091927,0.45019999146461487,0.14190000295639038,0.0017999999690800905,0.16500000655651093,0.2946999967098236,0.14630000293254852,9.999999747378752e-05
AO090005000639-T,Cytoplasm,,0.6215999722480774,0.1476999968290329,0.024000000208616257,0.4343999922275543,0.16019999980926514,0.002300000051036477,0.17080000042915344,0.2948000133037567,0.1632000058889389,9.999999747378752e-05
AO090701000305-T,Cytoplasm,,0.6373999714851379,0.14550000429153442,0.04410000145435333,0.3693000078201294,0.15219999849796295,0.0020000000949949026,0.22939999401569366,0.24619999527931213,0.12479999661445618,0.00019999999494757503
AO090023000918-T,Cytoplasm,,0.5940999984741211,0.14390000700950623,0.04859999939799309,0.44519999623298645,0.14640000462532043,0.0020000000949949026,0.10339999943971634,0.2442999929189682,0.12639999389648438,0.00019999999494757503
AO090701000512-T,Cytoplasm,,0.5871000289916992,0.14090000092983246,0.01889999955892563,0.413100004196167,0.07109999656677246,0.0020000000949949026,0.16009999811649323,0.18950000405311584,0.11259999871253967,9.999999747378752e-05
AO090120000052-T,Cytoplasm,,0.6366999745368958,0.18170000612735748,0.02319999970495701,0.4323999881744385,0.164900004863739,0.0017000000225380063,0.18690000474452972,0.24740000069141388,0.1348000019788742,9.999999747378752e-05
AO090023000811-T,Cytoplasm,,0.6177999973297119,0.13770000636577606,0.030400000512599945,0.3682999908924103,0.1339000016450882,0.0020000000949949026,0.17630000412464142,0.18449999392032623,0.11309999972581863,9.999999747378752e-05
AO090120000474-T,Cytoplasm,,0.5952000021934509,0.15919999778270721,0.014600000344216824,0.37770000100135803,0.11580000072717667,0.0026000000070780516,0.17640000581741333,0.28450000286102295,0.11400000005960464,0.0
AO090120000344-T,Cytoplasm,,0.6674000024795532,0.1388999968767166,0.0272000003606081,0.3962000012397766,0.15520000457763672,0.0015999999595806003,0.16050000488758087,0.24310000240802765,0.12409999966621399,9.999999747378752e-05
AO090701000389-T,Cytoplasm,,0.6269999742507935,0.12120000272989273,0.04280000180006027,0.4325999915599823,0.12710000574588776,0.0017999999690800905,0.147599995136261,0.26350000500679016,0.12049999833106995,9.999999747378752e-05
AO090001000635-T,Cytoplasm,,0.623199999332428,0.14980000257492065,0.02590000070631504,0.4555000066757202,0.16120000183582306,0.001500000013038516,0.17990000545978546,0.26030001044273376,0.11729999631643295,9.999999747378752e-05
AO090003001514-T,Cytoplasm,,0.6358000040054321,0.15809999406337738,0.018699999898672104,0.41350001096725464,0.12430000305175781,0.002099999925121665,0.18490000069141388,0.23999999463558197,0.13940000534057617,9.999999747378752e-05
AO090038000337-T,Cytoplasm,,0.6176999807357788,0.155799999833107,0.016200000420212746,0.460099995136261,0.13459999859333038,0.002300000051036477,0.14079999923706055,0.29159998893737793,0.12150000035762787,9.999999747378752e-05
AO090003001305-T,Cytoplasm,,0.6632999777793884,0.14229999482631683,0.029999999329447746,0.43209999799728394,0.14550000429153442,0.00279999990016222,0.14339999854564667,0.23260000348091125,0.1234000027179718,0.00019999999494757503
AO090005001084-T,Cytoplasm,,0.6265000104904175,0.13899999856948853,0.03700000047683716,0.44920000433921814,0.1867000013589859,0.0027000000700354576,0.15000000596046448,0.28700000047683716,0.1324000060558319,0.00019999999494757503
AO090038000315-T,Cytoplasm,,0.6072999835014343,0.10360000282526016,0.065700002014637,0.4399999976158142,0.13819999992847443,0.003100000089034438,0.1468999981880188,0.22619999945163727,0.1436000019311905,9.999999747378752e-05
AO090023000525-T,Cytoplasm,,0.6083999872207642,0.15710000693798065,0.0210999995470047,0.477400004863739,0.1632000058889389,0.0015999999595806003,0.14659999310970306,0.2290000021457672,0.11219999939203262,0.0
AO090011000715-T,Cytoplasm,,0.6331999897956848,0.14830000698566437,0.01510000042617321,0.47189998626708984,0.1678999960422516,0.0020000000949949026,0.14920000731945038,0.3005000054836273,0.14990000426769257,9.999999747378752e-05
AO090023000905-T,Cytoplasm,,0.6294000148773193,0.147599995136261,0.02759999968111515,0.40560001134872437,0.12030000239610672,0.001500000013038516,0.1647000014781952,0.2484000027179718,0.12520000338554382,9.999999747378752e-05
AO090005001515-T,Cytoplasm,,0.599399983882904,0.1362999975681305,0.11429999768733978,0.5054000020027161,0.1542000025510788,0.003800000064074993,0.11020000278949738,0.13050000369548798,0.16210000216960907,0.0003000000142492354
AO090011000362-T,Cytoplasm,,0.5978999733924866,0.16179999709129333,0.01590000092983246,0.5016999840736389,0.15379999577999115,0.00139999995008111,0.17589999735355377,0.25119999051094055,0.1404000073671341,9.999999747378752e-05
AO090001000070-T,Cytoplasm,,0.5774000287055969,0.14300000667572021,0.02810000069439411,0.45100000500679016,0.12189999967813492,0.0015999999595806003,0.1581999957561493,0.2662000060081482,0.15639999508857727,9.999999747378752e-05
AO090003001209-T,Cytoplasm,,0.6229000091552734,0.16249999403953552,0.031300000846385956,0.4763000011444092,0.18690000474452972,0.002300000051036477,0.1670999974012375,0.2442999929189682,0.1492999941110611,0.00019999999494757503
AO090102000335-T,Cytoplasm,,0.661300003528595,0.14589999616146088,0.01979999989271164,0.4009999930858612,0.14390000700950623,0.001500000013038516,0.19439999759197235,0.23409999907016754,0.13040000200271606,9.999999747378752e-05
AO090023000474-T,Cytoplasm,,0.654699981212616,0.1354999989271164,0.01600000075995922,0.42820000648498535,0.148499995470047,0.00139999995008111,0.15279999375343323,0.26030001044273376,0.10459999740123749,9.999999747378752e-05
AO090113000146-T,Cytoplasm,,0.6586999893188477,0.1404999941587448,0.042399998754262924,0.4138999879360199,0.16220000386238098,0.0031999999191612005,0.18119999766349792,0.2750000059604645,0.1477999985218048,0.00019999999494757503
AO090009000291-T,Cytoplasm,,0.6247000098228455,0.15970000624656677,0.013799999840557575,0.4318999946117401,0.13989999890327454,0.0019000000320374966,0.1671999990940094,0.24979999661445618,0.1151999980211258,9.999999747378752e-05
AO090003000058-T,Cytoplasm,,0.5965999960899353,0.16779999434947968,0.013299999758601189,0.4447999894618988,0.1307000070810318,0.0017000000225380063,0.18619999289512634,0.2759999930858612,0.12150000035762787,9.999999747378752e-05
AO090005000029-T,Cytoplasm,,0.5996000170707703,0.12120000272989273,0.046799998730421066,0.4481000006198883,0.17820000648498535,0.003599999938160181,0.13840000331401825,0.20260000228881836,0.1096000000834465,9.999999747378752e-05
AO090120000279-T,Cytoplasm,,0.6299999952316284,0.14180000126361847,0.021299999207258224,0.45190000534057617,0.12929999828338623,0.0012000000569969416,0.24050000309944153,0.23810000717639923,0.12430000305175781,9.999999747378752e-05
AO090003001244-T,Cytoplasm,,0.657800018787384,0.149399995803833,0.019700000062584877,0.48030000925064087,0.16050000488758087,0.001500000013038516,0.18780000507831573,0.2825999855995178,0.133200004696846,9.999999747378752e-05
AO090023000052-T,Cytoplasm,,0.5878999829292297,0.1679999977350235,0.020999999716877937,0.4196999967098236,0.13259999454021454,0.0013000000035390258,0.18019999563694,0.24500000476837158,0.13259999454021454,9.999999747378752e-05
AO090003000045-T,Cytoplasm,,0.6096000075340271,0.13760000467300415,0.029899999499320984,0.4449000060558319,0.14800000190734863,0.002300000051036477,0.164000004529953,0.22529999911785126,0.17270000278949738,9.999999747378752e-05
AO090020000285-T,Cytoplasm,,0.6496000289916992,0.121799997985363,0.039000000804662704,0.5123000144958496,0.16380000114440918,0.003700000001117587,0.13650000095367432,0.22460000216960907,0.14030000567436218,0.0003000000142492354
AO090012000706-T,Cytoplasm,,0.6202999949455261,0.13510000705718994,0.02239999920129776,0.46059998869895935,0.15919999778270721,0.002199999988079071,0.19670000672340393,0.2775000035762787,0.15889999270439148,9.999999747378752e-05
AO090011000430-T,Cytoplasm,,0.5899999737739563,0.11659999936819077,0.04259999841451645,0.4359000027179718,0.11490000039339066,0.002099999925121665,0.19699999690055847,0.2231999933719635,0.17059999704360962,9.999999747378752e-05
AO090012000680-T,Cytoplasm,,0.6528000235557556,0.13449999690055847,0.04410000145435333,0.3946000039577484,0.12380000203847885,0.0017999999690800905,0.19449999928474426,0.2581999897956848,0.17309999465942383,0.00019999999494757503
AO090003000476-T,Cytoplasm,,0.6352999806404114,0.17900000512599945,0.024000000208616257,0.4032999873161316,0.14329999685287476,0.0019000000320374966,0.20149999856948853,0.24699999392032623,0.1420000046491623,0.00019999999494757503
AO090003001498-T,Cytoplasm,,0.6101999878883362,0.15940000116825104,0.019099999219179153,0.4756999909877777,0.13439999520778656,0.0013000000035390258,0.19910000264644623,0.26919999718666077,0.15279999375343323,9.999999747378752e-05
AO090023000382-T,Cytoplasm,,0.6226999759674072,0.1656000018119812,0.028699999675154686,0.45239999890327454,0.16990000009536743,0.0019000000320374966,0.1574999988079071,0.22139999270439148,0.1378999948501587,0.00019999999494757503
AO090166000084-T,Cytoplasm,,0.6360999941825867,0.13420000672340393,0.037700001150369644,0.4544999897480011,0.16580000519752502,0.002400000113993883,0.16210000216960907,0.26089999079704285,0.11630000174045563,0.00019999999494757503
AO090038000214-T,Cytoplasm,,0.6269000172615051,0.14890000224113464,0.0272000003606081,0.43650001287460327,0.16220000386238098,0.0019000000320374966,0.21170000731945038,0.2581999897956848,0.13199999928474426,0.00019999999494757503
AO090001000075-T,Cytoplasm,,0.6107000112533569,0.14090000092983246,0.0421999990940094,0.37630000710487366,0.1256999969482422,0.00139999995008111,0.23340000212192535,0.22280000150203705,0.12110000103712082,0.00019999999494757503
AO090120000068-T,Cytoplasm,,0.6133999824523926,0.1467999964952469,0.030300000682473183,0.41269999742507935,0.12809999287128448,0.002400000113993883,0.15289999544620514,0.24969999492168427,0.13940000534057617,9.999999747378752e-05
AO090011000062-T,Cytoplasm,,0.6579999923706055,0.1428000032901764,0.0272000003606081,0.45399999618530273,0.1597999930381775,0.0017000000225380063,0.17080000042915344,0.22439999878406525,0.12020000070333481,9.999999747378752e-05
AO090003000693-T,Cytoplasm,,0.6384999752044678,0.131400004029274,0.04230000078678131,0.4000000059604645,0.16990000009536743,0.003100000089034438,0.17229999601840973,0.26499998569488525,0.11550000309944153,9.999999747378752e-05
AO090009000416-T,Cytoplasm,,0.6383000016212463,0.10239999741315842,0.05810000002384186,0.48260000348091125,0.14100000262260437,0.004399999976158142,0.13650000095367432,0.27810001373291016,0.13989999890327454,0.0003000000142492354
AO090009000060-T,Cytoplasm,,0.5800999999046326,0.1551000028848648,0.03689999878406525,0.4259999990463257,0.15489999949932098,0.0017000000225380063,0.15880000591278076,0.22220000624656677,0.15780000388622284,9.999999747378752e-05
AO090120000174-T,Cytoplasm,,0.6100000143051147,0.1362999975681305,0.05490000173449516,0.4505999982357025,0.133200004696846,0.002099999925121665,0.15039999783039093,0.19820000231266022,0.13580000400543213,9.999999747378752e-05
AO090011000364-T,Cytoplasm,,0.6098999977111816,0.15080000460147858,0.01720000058412552,0.4388999938964844,0.1412000060081482,0.0017999999690800905,0.14650000631809235,0.27239999175071716,0.14740000665187836,9.999999747378752e-05
AO090003000829-T,Cytoplasm,,0.6583999991416931,0.13580000400543213,0.022099999710917473,0.43650001287460327,0.15729999542236328,0.0017999999690800905,0.17409999668598175,0.2720000147819519,0.12939999997615814,9.999999747378752e-05
AO090701000344-T,Cytoplasm,,0.5953999757766724,0.18310000002384186,0.010999999940395355,0.41920000314712524,0.11259999871253967,0.001500000013038516,0.13279999792575836,0.26750001311302185,0.12160000205039978,9.999999747378752e-05
AO090102000501-T,Cytoplasm,,0.5842999815940857,0.147599995136261,0.023099999874830246,0.4968000054359436,0.1307000070810318,0.002199999988079071,0.13899999856948853,0.25769999623298645,0.1274999976158142,9.999999747378752e-05
AO090009000148-T,Cytoplasm,,0.5982999801635742,0.13519999384880066,0.0272000003606081,0.42969998717308044,0.1509999930858612,0.0020000000949949026,0.1543000042438507,0.2702000141143799,0.12470000237226486,9.999999747378752e-05
AO090005000918-T,Cytoplasm,,0.5982000231742859,0.15309999883174896,0.019999999552965164,0.5045999884605408,0.14059999585151672,0.0017999999690800905,0.1956000030040741,0.27160000801086426,0.14069999754428864,9.999999747378752e-05
AO090003000825-T,Cytoplasm,,0.6435999870300293,0.15049999952316284,0.039500001817941666,0.4438999891281128,0.19439999759197235,0.002400000113993883,0.17880000174045563,0.260699987411499,0.15790000557899475,0.00039999998989515007
AO090701000002-T,Cytoplasm,,0.6100000143051147,0.13580000400543213,0.031700000166893005,0.39660000801086426,0.13760000467300415,0.0015999999595806003,0.22059999406337738,0.25060001015663147,0.11339999735355377,0.00019999999494757503
AO090102000586-T,Cytoplasm,,0.5692999958992004,0.17270000278949738,0.023900000378489494,0.4708000123500824,0.14550000429153442,0.0019000000320374966,0.1768999993801117,0.23989999294281006,0.1446000039577484,9.999999747378752e-05
AO090001000495-T,Cytoplasm,,0.5741000175476074,0.18790000677108765,0.010300000198185444,0.3779999911785126,0.1339000016450882,0.0013000000035390258,0.1347000002861023,0.26460000872612,0.12610000371932983,0.0
AO090023000944-T,Cytoplasm,,0.6220999956130981,0.16189999878406525,0.014600000344216824,0.4717999994754791,0.15029999613761902,0.0015999999595806003,0.20190000534057617,0.2743000090122223,0.15309999883174896,9.999999747378752e-05
AO090005000582-T,Cytoplasm,,0.6144000291824341,0.13689999282360077,0.030700000002980232,0.47780001163482666,0.13359999656677246,0.0032999999821186066,0.10750000178813934,0.3192000091075897,0.1282999962568283,0.00019999999494757503
AO090020000482-T,Cytoplasm,,0.6448000073432922,0.147599995136261,0.013100000098347664,0.4260999858379364,0.125900000333786,0.0013000000035390258,0.16869999468326569,0.24410000443458557,0.11720000207424164,0.00019999999494757503
AO090011000446-T,Cytoplasm,,0.6654000282287598,0.14749999344348907,0.02850000001490116,0.5213000178337097,0.14650000631809235,0.0024999999441206455,0.17710000276565552,0.23240000009536743,0.14419999718666077,9.999999747378752e-05
AO090023000915-T,Cytoplasm,,0.628600001335144,0.11640000343322754,0.04270000010728836,0.37059998512268066,0.13410000503063202,0.002300000051036477,0.18440000712871552,0.22059999406337738,0.1648000031709671,0.00019999999494757503
AO090103000384-T,Cytoplasm,,0.5751000046730042,0.13930000364780426,0.029899999499320984,0.40059998631477356,0.09920000284910202,0.0020000000949949026,0.09910000115633011,0.1720999926328659,0.07090000063180923,9.999999747378752e-05
AO090001000294-T,Cytoplasm,,0.6237999796867371,0.1454000025987625,0.02590000070631504,0.40459999442100525,0.13819999992847443,0.0020000000949949026,0.1444000005722046,0.257099986076355,0.1453000009059906,0.00019999999494757503
AO090009000570-T,Cytoplasm,,0.5903000235557556,0.10360000282526016,0.06710000336170197,0.4453999996185303,0.120899997651577,0.0019000000320374966,0.18709999322891235,0.2071000039577484,0.1429000049829483,9.999999747378752e-05
AO090701000220-T,Cytoplasm,,0.6212999820709229,0.14509999752044678,0.022600000724196434,0.45680001378059387,0.13459999859333038,0.001500000013038516,0.18610000610351562,0.22499999403953552,0.14319999516010284,9.999999747378752e-05
AO090020000279-T,Cytoplasm,,0.6236000061035156,0.15160000324249268,0.021800000220537186,0.4560999870300293,0.11890000104904175,0.0013000000035390258,0.16990000009536743,0.24539999663829803,0.12860000133514404,9.999999747378752e-05
AO090023000113-T,Cytoplasm,,0.5813999772071838,0.1527000069618225,0.06719999760389328,0.4399000108242035,0.18799999356269836,0.0034000000450760126,0.12800000607967377,0.1476999968290329,0.1615999937057495,0.00019999999494757503
AO090009000205-T,Cytoplasm,,0.6703000068664551,0.1225999966263771,0.023900000378489494,0.43459999561309814,0.16850000619888306,0.0031999999191612005,0.1574999988079071,0.257999986410141,0.125,0.00019999999494757503
AO090010000202-T,Cytoplasm,,0.6193000078201294,0.1639000028371811,0.025800000876188278,0.4535999894142151,0.15129999816417694,0.0015999999595806003,0.2110999971628189,0.24230000376701355,0.12300000339746475,9.999999747378752e-05
AO090005001311-T,Cytoplasm,,0.6538000106811523,0.14509999752044678,0.017100000753998756,0.45329999923706055,0.17059999704360962,0.002099999925121665,0.19740000367164612,0.2669999897480011,0.1615000069141388,9.999999747378752e-05
AO090003001320-T,Cytoplasm,Nuclear localization signal,0.5968000292778015,0.16140000522136688,0.046300001442432404,0.38839998841285706,0.1039000004529953,0.0024999999441206455,0.16259999573230743,0.14069999754428864,0.10740000009536743,9.999999747378752e-05
AO090020000517-T,Cytoplasm,,0.6035000085830688,0.1745000034570694,0.020899999886751175,0.41659998893737793,0.11389999836683273,0.0019000000320374966,0.17319999635219574,0.2612999975681305,0.12870000302791595,9.999999747378752e-05
AO090005000108-T,Cytoplasm,,0.5996000170707703,0.16339999437332153,0.030500000342726707,0.42809998989105225,0.14720000326633453,0.002400000113993883,0.15770000219345093,0.19429999589920044,0.12359999865293503,9.999999747378752e-05
AO090103000108-T,Cytoplasm,,0.6500999927520752,0.1039000004529953,0.05959999933838844,0.435699999332428,0.16349999606609344,0.005200000014156103,0.1404000073671341,0.274399995803833,0.13120000064373016,9.999999747378752e-05
AO090001000073-T,Cytoplasm,,0.654699981212616,0.1088000014424324,0.04320000112056732,0.5077999830245972,0.14800000190734863,0.003000000026077032,0.17659999430179596,0.24799999594688416,0.16060000658035278,0.00019999999494757503
AO090001000726-T,Cytoplasm,,0.5999000072479248,0.1340000033378601,0.029200000688433647,0.46219998598098755,0.1282999962568283,0.0020000000949949026,0.18529999256134033,0.21629999577999115,0.11089999973773956,9.999999747378752e-05
AO090010000622-T,Cytoplasm,,0.6061000227928162,0.13580000400543213,0.032099999487400055,0.4327999949455261,0.13650000095367432,0.002300000051036477,0.14560000598430634,0.2775000035762787,0.12809999287128448,0.00019999999494757503
AO090003001406-T,Cytoplasm,,0.6495000123977661,0.13819999992847443,0.02290000021457672,0.4456999897956848,0.1492999941110611,0.0027000000700354576,0.2101999968290329,0.27480000257492065,0.17440000176429749,9.999999747378752e-05
AO090005001280-T,Cytoplasm,,0.597000002861023,0.09309999644756317,0.11289999634027481,0.4050000011920929,0.1599999964237213,0.005799999926239252,0.17829999327659607,0.23070000112056732,0.16120000183582306,0.00039999998989515007
AO090038000420-T,Cytoplasm,Nuclear localization signal,0.6159999966621399,0.1599999964237213,0.06319999694824219,0.3912000060081482,0.13940000534057617,0.0017999999690800905,0.18160000443458557,0.16680000722408295,0.13570000231266022,9.999999747378752e-05
AO090003001496-T,Cytoplasm,,0.5734000205993652,0.14139999449253082,0.03449999913573265,0.42890000343322754,0.1216999962925911,0.0020000000949949026,0.13500000536441803,0.2485000044107437,0.12229999899864197,9.999999747378752e-05
AO090023000609-T,Cytoplasm,,0.6177999973297119,0.12200000137090683,0.06019999831914902,0.4724999964237213,0.13279999792575836,0.0020000000949949026,0.2206999957561493,0.17990000545978546,0.15080000460147858,0.00019999999494757503
AO090009000036-T,Cytoplasm,,0.6297000050544739,0.1363999992609024,0.044199999421834946,0.39820000529289246,0.16329999268054962,0.0017000000225380063,0.1673000007867813,0.21629999577999115,0.13899999856948853,9.999999747378752e-05
AO090166000085-T,Cytoplasm,,0.6254000067710876,0.12039999663829803,0.05620000138878822,0.38749998807907104,0.15479999780654907,0.00279999990016222,0.1785999983549118,0.28850001096725464,0.1648000031709671,0.00019999999494757503
AO090005000231-T,Cytoplasm,,0.583899974822998,0.14059999585151672,0.05420000106096268,0.4226999878883362,0.13490000367164612,0.003700000001117587,0.13199999928474426,0.17389999330043793,0.15389999747276306,9.999999747378752e-05
AO090120000454-T,Cytoplasm,,0.6233000159263611,0.14110000431537628,0.07930000126361847,0.390500009059906,0.15889999270439148,0.00570000009611249,0.21570000052452087,0.1988999992609024,0.19470000267028809,0.0003000000142492354
AO090005001467-T,Cytoplasm,,0.5422000288963318,0.18140000104904175,0.027300000190734863,0.4390999972820282,0.10819999873638153,0.00279999990016222,0.1379999965429306,0.17919999361038208,0.10080000013113022,9.999999747378752e-05
AO090026000198-T,Cytoplasm,,0.6252999901771545,0.148499995470047,0.032999999821186066,0.47589999437332153,0.1476999968290329,0.002099999925121665,0.16290000081062317,0.2752000093460083,0.12960000336170197,0.00019999999494757503
AO090038000111-T,Cytoplasm,,0.6105999946594238,0.11680000275373459,0.029100000858306885,0.42250001430511475,0.11320000141859055,0.00279999990016222,0.14740000665187836,0.3125,0.1761000007390976,9.999999747378752e-05
AO090001000544-T,Cytoplasm,Nuclear localization signal,0.6212999820709229,0.1632000058889389,0.02019999921321869,0.5329999923706055,0.14659999310970306,0.0017999999690800905,0.1526000052690506,0.227400004863739,0.13230000436306,9.999999747378752e-05
AO090020000095-T,Cytoplasm,,0.5626999735832214,0.12240000069141388,0.048500001430511475,0.4041000008583069,0.08330000191926956,0.003000000026077032,0.16439999639987946,0.26759999990463257,0.17090000212192535,9.999999747378752e-05
AO090009000017-T,Cytoplasm,,0.5414999723434448,0.14720000326633453,0.02850000001490116,0.3547999858856201,0.11819999665021896,0.0015999999595806003,0.14630000293254852,0.21199999749660492,0.14489999413490295,9.999999747378752e-05
AO090166000081-T,Cytoplasm,,0.5706999897956848,0.15369999408721924,0.025100000202655792,0.4900999963283539,0.14069999754428864,0.002300000051036477,0.16019999980926514,0.25380000472068787,0.14470000565052032,9.999999747378752e-05
AO090012000164-T,Cytoplasm,,0.5609999895095825,0.14910000562667847,0.0551999993622303,0.41200000047683716,0.14900000393390656,0.002099999925121665,0.0908999964594841,0.13030000030994415,0.07349999994039536,9.999999747378752e-05
AO090012000922-T,Cytoplasm,,0.6290000081062317,0.14329999685287476,0.05339999869465828,0.42320001125335693,0.12319999933242798,0.0019000000320374966,0.18320000171661377,0.11760000139474869,0.14630000293254852,0.00019999999494757503
AO090023000365-T,Cytoplasm,,0.5978000164031982,0.17759999632835388,0.019500000402331352,0.4551999866962433,0.1266999989748001,0.0015999999595806003,0.19439999759197235,0.24140000343322754,0.12860000133514404,9.999999747378752e-05
AO090010000493-T,Cytoplasm,,0.6164000034332275,0.1671999990940094,0.013000000268220901,0.45809999108314514,0.1526000052690506,0.0015999999595806003,0.13019999861717224,0.274399995803833,0.1282999962568283,9.999999747378752e-05
AO090120000056-T,Cytoplasm,Nuclear localization signal,0.6100999712944031,0.18250000476837158,0.038100000470876694,0.4115999937057495,0.15760000050067902,0.0020000000949949026,0.1964000016450882,0.15870000422000885,0.15870000422000885,0.00019999999494757503
AO090001000135-T,Cytoplasm,,0.5616999864578247,0.1615000069141388,0.015399999916553497,0.44350001215934753,0.13420000672340393,0.0015999999595806003,0.18050000071525574,0.2799000144004822,0.14110000431537628,9.999999747378752e-05
AO090701000844-T,Cytoplasm,Nuclear localization signal,0.5358999967575073,0.13619999587535858,0.046300001442432404,0.44690001010894775,0.10949999839067459,0.0020000000949949026,0.14100000262260437,0.1973000019788742,0.1559000015258789,9.999999747378752e-05
AO090005000016-T,Cytoplasm,,0.6255000233650208,0.15080000460147858,0.027799999341368675,0.5006999969482422,0.1371999979019165,0.0020000000949949026,0.15240000188350677,0.2468000054359436,0.1476999968290329,0.00019999999494757503
AO090005000053-T,Cytoplasm,,0.583299994468689,0.13670000433921814,0.03350000083446503,0.4799000024795532,0.12690000236034393,0.0017999999690800905,0.21729999780654907,0.25200000405311584,0.13130000233650208,9.999999747378752e-05
AO090005000059-T,Cytoplasm,,0.5568000078201294,0.15299999713897705,0.10530000180006027,0.4790000021457672,0.12290000170469284,0.003700000001117587,0.14100000262260437,0.10679999738931656,0.12070000171661377,0.00019999999494757503
AO090005000065-T,Cytoplasm,,0.5741999745368958,0.15119999647140503,0.023499999195337296,0.4162999987602234,0.1200999990105629,0.0027000000700354576,0.15479999780654907,0.2515000104904175,0.13830000162124634,9.999999747378752e-05
AO090005000067-T,Cytoplasm,,0.5945000052452087,0.16249999403953552,0.017799999564886093,0.47940000891685486,0.14219999313354492,0.0017000000225380063,0.16619999706745148,0.2345000058412552,0.1273999959230423,9.999999747378752e-05
AO090005000078-T,Cytoplasm,,0.630299985408783,0.14970000088214874,0.029200000688433647,0.49900001287460327,0.19009999930858612,0.002300000051036477,0.15289999544620514,0.23579999804496765,0.13609999418258667,0.00019999999494757503
AO090005000081-T,Cytoplasm,,0.6092000007629395,0.15520000457763672,0.02290000021457672,0.4171000123023987,0.11840000003576279,0.0019000000320374966,0.17010000348091125,0.19269999861717224,0.12020000070333481,9.999999747378752e-05
AO090005000093-T,Cytoplasm,,0.6722999811172485,0.13699999451637268,0.02850000001490116,0.4422000050544739,0.17409999668598175,0.0017999999690800905,0.19259999692440033,0.2290000021457672,0.1460999995470047,9.999999747378752e-05
AO090005000094-T,Cytoplasm,Nuclear localization signal,0.6298999786376953,0.17260000109672546,0.09470000118017197,0.4350999891757965,0.1770000010728836,0.0020000000949949026,0.12300000339746475,0.09459999948740005,0.14339999854564667,0.00039999998989515007
AO090005000109-T,Cytoplasm,,0.6238999962806702,0.1356000006198883,0.01769999973475933,0.4620000123977661,0.14069999754428864,0.0019000000320374966,0.15039999783039093,0.27090001106262207,0.11860000342130661,9.999999747378752e-05
AO090005000167-T,Cytoplasm,,0.5828999876976013,0.1526000052690506,0.023499999195337296,0.4772000014781952,0.12620000541210175,0.001500000013038516,0.19480000436306,0.19519999623298645,0.1151999980211258,9.999999747378752e-05
AO090005000188-T,Cytoplasm,,0.598800003528595,0.16509999334812164,0.012799999676644802,0.517799973487854,0.13500000536441803,0.002099999925121665,0.13950000703334808,0.24560000002384186,0.1298999935388565,9.999999747378752e-05
AO090005000239-T,Cytoplasm,,0.6615999937057495,0.16779999434947968,0.08030000329017639,0.29319998621940613,0.13249999284744263,0.002899999963119626,0.21950000524520874,0.18809999525547028,0.19050000607967377,0.0003000000142492354
AO090005000251-T,Cytoplasm,,0.6412000060081482,0.14790000021457672,0.03420000150799751,0.4878999888896942,0.14249999821186066,0.002099999925121665,0.20600000023841858,0.2046000063419342,0.13860000669956207,0.00019999999494757503
AO090005000252-T,Cytoplasm,,0.6141999959945679,0.14560000598430634,0.07090000063180923,0.4291999936103821,0.14270000159740448,0.002300000051036477,0.1468999981880188,0.1949000060558319,0.1096000000834465,0.00019999999494757503
AO090005000256-T,Cytoplasm,,0.564300000667572,0.1477999985218048,0.07209999859333038,0.4180999994277954,0.13259999454021454,0.004800000227987766,0.1550000011920929,0.15530000627040863,0.13030000030994415,9.999999747378752e-05
AO090005000298-T,Cytoplasm,,0.6536999940872192,0.14390000700950623,0.016300000250339508,0.39660000801086426,0.14429999887943268,0.0020000000949949026,0.2363000065088272,0.2924000024795532,0.16120000183582306,9.999999747378752e-05
AO090005000310-T,Cytoplasm,,0.6656000018119812,0.1251000016927719,0.06030000001192093,0.43709999322891235,0.1800999939441681,0.0032999999821186066,0.18529999256134033,0.1914999932050705,0.15719999372959137,0.0003000000142492354
AO090005000311-T,Cytoplasm,,0.6407999992370605,0.14239999651908875,0.022299999371170998,0.47200000286102295,0.14550000429153442,0.0017999999690800905,0.1890999972820282,0.241799995303154,0.15760000050067902,9.999999747378752e-05
AO090005000326-T,Cytoplasm,,0.6175000071525574,0.15410000085830688,0.023399999365210533,0.4636000096797943,0.14380000531673431,0.0020000000949949026,0.21860000491142273,0.23819999396800995,0.1339000016450882,9.999999747378752e-05
AO090005000349-T,Cytoplasm,,0.641700029373169,0.13770000636577606,0.05040000006556511,0.39899998903274536,0.15150000154972076,0.00430000014603138,0.16920000314712524,0.2874999940395355,0.16500000655651093,0.00039999998989515007
AO090005000355-T,Cytoplasm,,0.6236000061035156,0.13699999451637268,0.02459999918937683,0.4729999899864197,0.1290999948978424,0.00279999990016222,0.1655000001192093,0.3000999987125397,0.12800000607967377,9.999999747378752e-05
AO090005000365-T,Cytoplasm|Cell membrane,Transmembrane domain,0.5950999855995178,0.10899999737739563,0.05860000103712082,0.5662000179290771,0.1354999989271164,0.00279999990016222,0.11089999973773956,0.1467999964952469,0.14990000426769257,9.999999747378752e-05
AO090005000375-T,Cytoplasm,,0.6341999769210815,0.1696999967098236,0.02070000022649765,0.39500001072883606,0.15929999947547913,0.0019000000320374966,0.20329999923706055,0.2597000002861023,0.12160000205039978,9.999999747378752e-05
AO090005000383-T,Cytoplasm,,0.6312999725341797,0.16189999878406525,0.026799999177455902,0.5078999996185303,0.14820000529289246,0.002899999963119626,0.1720000058412552,0.22259999811649323,0.14030000567436218,9.999999747378752e-05
AO090005000396-T,Cytoplasm,,0.5946999788284302,0.14890000224113464,0.02459999918937683,0.4717000126838684,0.1589999943971634,0.0024999999441206455,0.16869999468326569,0.24570000171661377,0.11819999665021896,9.999999747378752e-05
AO090005000449-T,Cytoplasm,,0.6184999942779541,0.1607999950647354,0.022299999371170998,0.4433000087738037,0.14710000157356262,0.0019000000320374966,0.17180000245571136,0.23669999837875366,0.15240000188350677,9.999999747378752e-05
AO090005000464-T,Cytoplasm,,0.6021000146865845,0.13379999995231628,0.03629999980330467,0.44040000438690186,0.12919999659061432,0.002300000051036477,0.22040000557899475,0.23469999432563782,0.16099999845027924,9.999999747378752e-05
AO090005000472-T,Cytoplasm,,0.5985999703407288,0.12809999287128448,0.025499999523162842,0.35740000009536743,0.12489999830722809,0.0017999999690800905,0.15919999778270721,0.2583000063896179,0.1177000030875206,0.0
AO090005000489-T,Cytoplasm,Transmembrane domain,0.5353999733924866,0.12099999934434891,0.10429999977350235,0.4964999854564667,0.11289999634027481,0.00279999990016222,0.13699999451637268,0.13099999725818634,0.13899999856948853,9.999999747378752e-05
AO090005000512-T,Cytoplasm,,0.6696000099182129,0.11789999902248383,0.034299999475479126,0.421099990606308,0.14830000698566437,0.0015999999595806003,0.23149999976158142,0.2734000086784363,0.15230000019073486,0.00019999999494757503
AO090005000528-T,Cytoplasm,,0.588100016117096,0.16169999539852142,0.015699999406933784,0.4447000026702881,0.13089999556541443,0.00139999995008111,0.1542000025510788,0.24050000309944153,0.11909999698400497,9.999999747378752e-05
AO090005000531-T,Cytoplasm,,0.5738999843597412,0.15479999780654907,0.023000000044703484,0.48559999465942383,0.11779999732971191,0.002099999925121665,0.14560000598430634,0.265500009059906,0.14139999449253082,9.999999747378752e-05
AO090005000538-T,Cytoplasm,,0.6575000286102295,0.1103999987244606,0.03709999844431877,0.46480000019073486,0.16670000553131104,0.0032999999821186066,0.14309999346733093,0.28110000491142273,0.13670000433921814,0.00019999999494757503
AO090005000544-T,Cytoplasm,,0.5630000233650208,0.14020000398159027,0.04129999876022339,0.39070001244544983,0.10949999839067459,0.0024999999441206455,0.10419999808073044,0.241799995303154,0.10050000250339508,9.999999747378752e-05
AO090005000554-T,Cytoplasm,,0.6347000002861023,0.13279999792575836,0.046300001442432404,0.40619999170303345,0.12919999659061432,0.0027000000700354576,0.19329999387264252,0.26440000534057617,0.13570000231266022,0.00019999999494757503
AO090005000561-T,Cytoplasm,,0.6183000206947327,0.16459999978542328,0.013399999588727951,0.420199990272522,0.1331000030040741,0.0019000000320374966,0.2110999971628189,0.26899999380111694,0.14800000190734863,9.999999747378752e-05
AO090005000613-T,Cytoplasm,,0.607699990272522,0.1404000073671341,0.056699998676776886,0.4821000099182129,0.164000004529953,0.002300000051036477,0.16830000281333923,0.17010000348091125,0.14149999618530273,9.999999747378752e-05
AO090005000630-T,Cytoplasm,,0.6593999862670898,0.14470000565052032,0.02889999933540821,0.4203999936580658,0.16859999299049377,0.002099999925121665,0.19110000133514404,0.23260000348091125,0.13760000467300415,9.999999747378752e-05
AO090005000691-T,Cytoplasm,,0.6294999718666077,0.09939999878406525,0.10859999805688858,0.4553000032901764,0.14110000431537628,0.004699999932199717,0.1348000019788742,0.19619999825954437,0.14630000293254852,0.0003000000142492354
AO090005000782-T,Cytoplasm,,0.6435999870300293,0.14900000393390656,0.023000000044703484,0.5299999713897705,0.14499999582767487,0.002400000113993883,0.14470000565052032,0.2506999969482422,0.13770000636577606,0.00019999999494757503
AO090005000803-T,Cytoplasm,,0.5971999764442444,0.13429999351501465,0.04520000144839287,0.3822999894618988,0.14669999480247498,0.002400000113993883,0.14959999918937683,0.2303999960422516,0.13379999995231628,0.00019999999494757503
AO090005000816-T,Cytoplasm,,0.6518999934196472,0.13169999420642853,0.026599999517202377,0.508400022983551,0.1371999979019165,0.002300000051036477,0.16210000216960907,0.23569999635219574,0.1273999959230423,0.00019999999494757503
AO090005000912-T,Cytoplasm,,0.6129000186920166,0.15719999372959137,0.017899999395012856,0.43130001425743103,0.14169999957084656,0.0019000000320374966,0.1671999990940094,0.23180000483989716,0.11320000141859055,9.999999747378752e-05
AO090005000922-T,Cytoplasm,,0.6309999823570251,0.1185000017285347,0.0989999994635582,0.43970000743865967,0.1688999980688095,0.005400000140070915,0.13979999721050262,0.19699999690055847,0.19290000200271606,9.999999747378752e-05
AO090005000924-T,Cytoplasm,,0.590499997138977,0.1396999955177307,0.13169999420642853,0.4115999937057495,0.12770000100135803,0.00419999985024333,0.1517000049352646,0.1348000019788742,0.13600000739097595,9.999999747378752e-05
AO090005000928-T,Cytoplasm,Nuclear localization signal,0.5364000201225281,0.16850000619888306,0.07980000227689743,0.4251999855041504,0.1347000002861023,0.002899999963119626,0.13420000672340393,0.11100000143051147,0.1006999984383583,0.0
AO090005000934-T,Cytoplasm,,0.5932000279426575,0.15070000290870667,0.02810000069439411,0.46059998869895935,0.14429999887943268,0.002300000051036477,0.1404000073671341,0.2815000116825104,0.12330000102519989,9.999999747378752e-05
AO090005000939-T,Cytoplasm,Nuclear localization signal,0.5921000242233276,0.148499995470047,0.025299999862909317,0.5178999900817871,0.11559999734163284,0.002099999925121665,0.1476999968290329,0.24070000648498535,0.15809999406337738,9.999999747378752e-05
AO090005000940-T,Cytoplasm,,0.6710000038146973,0.18369999527931213,0.01899999938905239,0.4399000108242035,0.15320000052452087,0.002400000113993883,0.15440000593662262,0.21639999747276306,0.12120000272989273,0.00019999999494757503
AO090005000945-T,Cytoplasm,,0.6229000091552734,0.15880000591278076,0.026399999856948853,0.484499990940094,0.14710000157356262,0.002300000051036477,0.1851000040769577,0.22100000083446503,0.1476999968290329,9.999999747378752e-05
AO090005000970-T,Cytoplasm,,0.6068000197410583,0.1289999932050705,0.02850000001490116,0.5023000240325928,0.15850000083446503,0.0020000000949949026,0.19519999623298645,0.2540999948978424,0.16760000586509705,9.999999747378752e-05
AO090005000984-T,Cytoplasm,,0.6248000264167786,0.1347000002861023,0.04569999873638153,0.43560001254081726,0.15320000052452087,0.002199999988079071,0.1996999979019165,0.2363000065088272,0.1809999942779541,0.00019999999494757503
AO090005000986-T,Cytoplasm,,0.6281999945640564,0.1673000007867813,0.01679999940097332,0.4593000113964081,0.12549999356269836,0.0017999999690800905,0.1436000019311905,0.24079999327659607,0.11410000175237656,9.999999747378752e-05
AO090005001030-T,Cytoplasm,,0.6209999918937683,0.13259999454021454,0.10360000282526016,0.41359999775886536,0.1867000013589859,0.0032999999821186066,0.17069999873638153,0.14509999752044678,0.13529999554157257,0.00019999999494757503
AO090005001097-T,Cytoplasm,,0.6635000109672546,0.11249999701976776,0.0430000014603138,0.4284999966621399,0.18619999289512634,0.003000000026077032,0.1907999962568283,0.2865999937057495,0.14020000398159027,0.00019999999494757503
AO090005001111-T,Cytoplasm,,0.6510000228881836,0.15060000121593475,0.020400000736117363,0.48969998955726624,0.14569999277591705,0.002300000051036477,0.20819999277591705,0.23170000314712524,0.16259999573230743,9.999999747378752e-05
AO090005001131-T,Cytoplasm,,0.6557999849319458,0.12870000302791595,0.03420000150799751,0.4871000051498413,0.14169999957084656,0.002300000051036477,0.19939999282360077,0.2451999932527542,0.13500000536441803,9.999999747378752e-05
AO090005001177-T,Cytoplasm,,0.6601999998092651,0.13439999520778656,0.02630000002682209,0.48350000381469727,0.14319999516010284,0.003000000026077032,0.16110000014305115,0.2484000027179718,0.1256999969482422,9.999999747378752e-05
AO090005001186-T,Cytoplasm,,0.5989000201225281,0.14180000126361847,0.032999999821186066,0.384799987077713,0.12809999287128448,0.002099999925121665,0.21559999883174896,0.25600001215934753,0.12229999899864197,9.999999747378752e-05
AO090005001197-T,Cytoplasm,,0.6467000246047974,0.14020000398159027,0.03869999945163727,0.4837000072002411,0.16110000014305115,0.0024999999441206455,0.17749999463558197,0.20739999413490295,0.13680000603199005,0.00019999999494757503
AO090005001206-T,Cytoplasm,,0.6754000186920166,0.12409999966621399,0.025299999862909317,0.42340001463890076,0.13210000097751617,0.002899999963119626,0.18410000205039978,0.29980000853538513,0.11980000138282776,9.999999747378752e-05
AO090005001222-T,Cytoplasm,,0.6352999806404114,0.14499999582767487,0.0203000009059906,0.49070000648498535,0.1736000031232834,0.0017999999690800905,0.16910000145435333,0.2556000053882599,0.1451999992132187,9.999999747378752e-05
AO090005001254-T,Cytoplasm,,0.6463000178337097,0.13279999792575836,0.03350000083446503,0.48399999737739563,0.1914999932050705,0.00279999990016222,0.19599999487400055,0.241799995303154,0.14339999854564667,9.999999747378752e-05
AO090005001307-T,Cytoplasm,,0.6046000123023987,0.10570000112056732,0.044599998742341995,0.4666999876499176,0.14219999313354492,0.004100000020116568,0.1882999986410141,0.257099986076355,0.1777999997138977,9.999999747378752e-05
AO090005001314-T,Cytoplasm,,0.5315999984741211,0.1745000034570694,0.02419999986886978,0.4377000033855438,0.08410000056028366,0.002300000051036477,0.09019999951124191,0.1826000064611435,0.07980000227689743,0.0
AO090005001320-T,Cytoplasm,,0.6211000084877014,0.18490000069141388,0.02449999935925007,0.5182999968528748,0.1477999985218048,0.002199999988079071,0.23420000076293945,0.21289999783039093,0.1348000019788742,0.00019999999494757503
AO090005001336-T,Cytoplasm,,0.6154000163078308,0.1266999989748001,0.10750000178813934,0.4571000039577484,0.17980000376701355,0.004100000020116568,0.15690000355243683,0.1404000073671341,0.13740000128746033,0.0003000000142492354
AO090005001344-T,Cytoplasm,,0.6391000151634216,0.13349999487400055,0.026200000196695328,0.46149998903274536,0.13930000364780426,0.0026000000070780516,0.16869999468326569,0.2759999930858612,0.1370999962091446,9.999999747378752e-05
AO090005001350-T,Cytoplasm,,0.6362000107765198,0.09989999979734421,0.032600000500679016,0.4724000096321106,0.1354999989271164,0.0026000000070780516,0.15839999914169312,0.27549999952316284,0.16619999706745148,0.00019999999494757503
AO090005001359-T,Cytoplasm,,0.5059999823570251,0.13979999721050262,0.035100001841783524,0.5123000144958496,0.09610000252723694,0.0019000000320374966,0.07580000162124634,0.11580000072717667,0.05040000006556511,0.00019999999494757503
AO090005001364-T,Cytoplasm,,0.6248000264167786,0.13050000369548798,0.061799999326467514,0.38909998536109924,0.15399999916553497,0.005400000140070915,0.12399999797344208,0.2612999975681305,0.12860000133514404,0.0003000000142492354
AO090005001372-T,Cytoplasm,,0.6083999872207642,0.14329999685287476,0.02710000053048134,0.39959999918937683,0.16099999845027924,0.0026000000070780516,0.16259999573230743,0.28600001335144043,0.11699999868869781,9.999999747378752e-05
AO090005001400-T,Cytoplasm,,0.6184999942779541,0.14139999449253082,0.028699999675154686,0.4074000120162964,0.15620000660419464,0.002199999988079071,0.1737000048160553,0.28519999980926514,0.15629999339580536,0.00019999999494757503
AO090005001415-T,Cytoplasm,,0.5992000102996826,0.1964000016450882,0.013799999840557575,0.4708000123500824,0.14390000700950623,0.0017000000225380063,0.20640000700950623,0.2485000044107437,0.12700000405311584,0.0
AO090005001472-T,Cytoplasm,,0.6000999808311462,0.13920000195503235,0.03400000184774399,0.4666999876499176,0.14749999344348907,0.0020000000949949026,0.18790000677108765,0.27129998803138733,0.13189999759197235,0.00019999999494757503
AO090005001552-T,Cytoplasm,,0.6586999893188477,0.11789999902248383,0.04899999871850014,0.4296000003814697,0.16509999334812164,0.003000000026077032,0.16459999978542328,0.2653999924659729,0.15539999306201935,0.00019999999494757503
AO090005001553-T,Cytoplasm,,0.6438999772071838,0.17980000376701355,0.021800000220537186,0.4580000042915344,0.1606999933719635,0.0017000000225380063,0.2070000022649765,0.24269999563694,0.1193000003695488,9.999999747378752e-05
AO090005001573-T,Cytoplasm,,0.6062999963760376,0.179299995303154,0.01899999938905239,0.4551999866962433,0.1404000073671341,0.0020000000949949026,0.17470000684261322,0.24160000681877136,0.15850000083446503,9.999999747378752e-05
AO090005001581-T,Cytoplasm,,0.6553000211715698,0.10090000182390213,0.03629999980330467,0.515999972820282,0.1906999945640564,0.0027000000700354576,0.19660000503063202,0.3086000084877014,0.1655000001192093,9.999999747378752e-05
AO090005001618-T,Cytoplasm,,0.6204000115394592,0.16380000114440918,0.013100000098347664,0.48809999227523804,0.1736000031232834,0.0017000000225380063,0.1785999983549118,0.2655999958515167,0.14419999718666077,9.999999747378752e-05
AO090005001626-T,Cytoplasm,,0.6010000109672546,0.17839999496936798,0.026499999687075615,0.5271999835968018,0.1761000007390976,0.002400000113993883,0.18799999356269836,0.23309999704360962,0.1704999953508377,9.999999747378752e-05
AO090005001632-T,Cytoplasm,,0.6179999709129333,0.15109999477863312,0.018300000578165054,0.48089998960494995,0.16300000250339508,0.002099999925121665,0.1965000033378601,0.23639999330043793,0.15119999647140503,9.999999747378752e-05
AO090009000027-T,Cytoplasm,,0.633899986743927,0.13510000705718994,0.042399998754262924,0.3935000002384186,0.12070000171661377,0.002099999925121665,0.15680000185966492,0.20579999685287476,0.1712999939918518,9.999999747378752e-05
AO090009000028-T,Cytoplasm,,0.5856000185012817,0.11550000309944153,0.05999999865889549,0.4147000014781952,0.15289999544620514,0.0017999999690800905,0.2085999995470047,0.24250000715255737,0.13699999451637268,9.999999747378752e-05
AO090009000037-T,Cytoplasm,,0.6661999821662903,0.12559999525547028,0.042399998754262924,0.4496000111103058,0.15459999442100525,0.00279999990016222,0.219200000166893,0.23479999601840973,0.17190000414848328,0.00019999999494757503
AO090009000038-T,Cytoplasm,,0.6735000014305115,0.14270000159740448,0.02070000022649765,0.4699999988079071,0.16830000281333923,0.002199999988079071,0.17810000479221344,0.20800000429153442,0.1460999995470047,0.0003000000142492354
AO090009000067-T,Cytoplasm,,0.6261000037193298,0.12309999763965607,0.047200001776218414,0.4819999933242798,0.16060000658035278,0.0027000000700354576,0.2020999938249588,0.28630000352859497,0.15860000252723694,0.0003000000142492354
AO090009000078-T,Cytoplasm,,0.6169999837875366,0.14959999918937683,0.03180000185966492,0.40149998664855957,0.1437000036239624,0.002199999988079071,0.18410000205039978,0.24120000004768372,0.13819999992847443,9.999999747378752e-05
AO090009000086-T,Cytoplasm,,0.6279000043869019,0.1665000021457672,0.018400000408291817,0.4514000117778778,0.1242000013589859,0.0017999999690800905,0.20239999890327454,0.23899999260902405,0.1331000030040741,9.999999747378752e-05
AO090009000099-T,Cytoplasm,,0.4984999895095825,0.1128000020980835,0.041999999433755875,0.42750000953674316,0.05829999968409538,0.003700000001117587,0.09769999980926514,0.2003999948501587,0.11400000005960464,9.999999747378752e-05
AO090009000111-T,Cytoplasm,,0.623199999332428,0.14329999685287476,0.03269999846816063,0.41370001435279846,0.15690000355243683,0.002400000113993883,0.14219999313354492,0.23260000348091125,0.11320000141859055,9.999999747378752e-05
AO090009000132-T,Cytoplasm,,0.5800999999046326,0.19120000302791595,0.014399999752640724,0.46149998903274536,0.14589999616146088,0.001500000013038516,0.19040000438690186,0.25870001316070557,0.13429999351501465,9.999999747378752e-05
AO090009000142-T,Cytoplasm,,0.6456000208854675,0.15479999780654907,0.014499999582767487,0.41670000553131104,0.15399999916553497,0.0017000000225380063,0.2378000020980835,0.2596000134944916,0.14489999413490295,9.999999747378752e-05
AO090009000143-T,Cytoplasm,,0.618399977684021,0.1354999989271164,0.04740000143647194,0.4507000148296356,0.1316000074148178,0.003100000089034438,0.14980000257492065,0.2603999972343445,0.13680000603199005,0.00019999999494757503
AO090009000146-T,Cytoplasm,,0.5898000001907349,0.16060000658035278,0.020099999383091927,0.5325999855995178,0.16089999675750732,0.0015999999595806003,0.1071000024676323,0.257999986410141,0.12030000239610672,0.00019999999494757503
AO090009000173-T,Cytoplasm,,0.635699987411499,0.16779999434947968,0.01549999974668026,0.42399999499320984,0.13130000233650208,0.0013000000035390258,0.20520000159740448,0.24539999663829803,0.1387999951839447,9.999999747378752e-05
AO090009000175-T,Cytoplasm,,0.6326000094413757,0.16760000586509705,0.018400000408291817,0.5145999789237976,0.14000000059604645,0.0020000000949949026,0.1518000066280365,0.2329999953508377,0.1387999951839447,0.00019999999494757503
AO090009000182-T,Cytoplasm,,0.6103000044822693,0.15760000050067902,0.018200000748038292,0.483599990606308,0.15199999511241913,0.001500000013038516,0.17479999363422394,0.2587999999523163,0.1454000025987625,9.999999747378752e-05
AO090009000239-T,Cytoplasm,,0.65420001745224,0.12620000541210175,0.02419999986886978,0.4690000116825104,0.14300000667572021,0.0032999999821186066,0.16619999706745148,0.3027999997138977,0.16009999811649323,0.00019999999494757503
AO090009000249-T,Cytoplasm,,0.6335999965667725,0.13009999692440033,0.02539999969303608,0.4242999851703644,0.1370999962091446,0.002099999925121665,0.1973000019788742,0.2296999990940094,0.14190000295639038,0.00019999999494757503
AO090009000262-T,Cytoplasm,,0.5602999925613403,0.14920000731945038,0.04780000075697899,0.3921999931335449,0.18539999425411224,0.0027000000700354576,0.11949999630451202,0.16850000619888306,0.0860000029206276,0.00019999999494757503
AO090009000305-T,Cytoplasm,,0.6331999897956848,0.1331000030040741,0.02979999966919422,0.4699000120162964,0.18140000104904175,0.0024999999441206455,0.1785999983549118,0.25940001010894775,0.13860000669956207,9.999999747378752e-05
AO090009000346-T,Cytoplasm,,0.4781999886035919,0.18440000712871552,0.011699999682605267,0.414900004863739,0.07720000296831131,0.002400000113993883,0.08640000224113464,0.2517000138759613,0.11089999973773956,0.0
AO090009000361-T,Cytoplasm,,0.6207000017166138,0.14270000159740448,0.03550000116229057,0.439300000667572,0.16580000519752502,0.002400000113993883,0.1761000007390976,0.28200000524520874,0.14419999718666077,0.00019999999494757503
AO090009000369-T,Cytoplasm,,0.5738000273704529,0.16130000352859497,0.019500000402331352,0.4765999913215637,0.11890000104904175,0.0013000000035390258,0.15800000727176666,0.22360000014305115,0.10570000112056732,9.999999747378752e-05
AO090009000445-T,Cytoplasm,,0.6640999913215637,0.13899999856948853,0.05779999867081642,0.3801000118255615,0.13439999520778656,0.00279999990016222,0.17720000445842743,0.225600004196167,0.125900000333786,0.00019999999494757503
AO090009000446-T,Cytoplasm,,0.6704999804496765,0.15870000422000885,0.026399999856948853,0.3873000144958496,0.17870000004768372,0.0024999999441206455,0.16859999299049377,0.2515999972820282,0.12780000269412994,0.00019999999494757503
AO090009000467-T,Cytoplasm,,0.59170001745224,0.14659999310970306,0.03759999945759773,0.46209999918937683,0.13339999318122864,0.0020000000949949026,0.12449999898672104,0.18629999458789825,0.1193000003695488,9.999999747378752e-05
AO090009000470-T,Cytoplasm,,0.6331999897956848,0.19820000231266022,0.016100000590085983,0.36730000376701355,0.16130000352859497,0.0017000000225380063,0.1736000031232834,0.23739999532699585,0.11599999666213989,9.999999747378752e-05
AO090009000545-T,Cytoplasm,,0.6585000157356262,0.12680000066757202,0.01889999955892563,0.4837999939918518,0.1436000019311905,0.0024999999441206455,0.20749999582767487,0.3050000071525574,0.16680000722408295,0.00019999999494757503
AO090009000556-T,Cytoplasm,,0.6607000231742859,0.11479999870061874,0.0632999986410141,0.3935000002384186,0.14669999480247498,0.00279999990016222,0.2207999974489212,0.2818000018596649,0.13249999284744263,0.00019999999494757503
AO090009000597-T,Cytoplasm,,0.6516000032424927,0.13570000231266022,0.0348999984562397,0.43959999084472656,0.20190000534057617,0.003000000026077032,0.14820000529289246,0.2624000012874603,0.13580000400543213,0.0003000000142492354
AO090009000649-T,Cytoplasm,,0.6128000020980835,0.15440000593662262,0.028200000524520874,0.49889999628067017,0.1695999950170517,0.002199999988079071,0.18979999423027039,0.24310000240802765,0.13750000298023224,9.999999747378752e-05
AO090009000654-T,Cytoplasm,,0.6392999887466431,0.13600000739097595,0.03970000147819519,0.45890000462532043,0.15139999985694885,0.0034000000450760126,0.1923999935388565,0.24459999799728394,0.164900004863739,0.00019999999494757503
AO090009000720-T,Cytoplasm,,0.6728000044822693,0.13040000200271606,0.019500000402331352,0.43540000915527344,0.14489999413490295,0.0017999999690800905,0.16680000722408295,0.2694000005722046,0.13740000128746033,9.999999747378752e-05
AO090308000021-T,Cytoplasm,,0.6248999834060669,0.14880000054836273,0.018400000408291817,0.49950000643730164,0.1420000046491623,0.0019000000320374966,0.20340000092983246,0.2775999903678894,0.15629999339580536,9.999999747378752e-05
AO090701000932-T,Cytoplasm,,0.6171000003814697,0.1559000015258789,0.021400000900030136,0.47269999980926514,0.1647000014781952,0.002300000051036477,0.2078000009059906,0.2590000033378601,0.16279999911785126,0.00019999999494757503
AO090701001029-T,Cytoplasm,,0.6075000166893005,0.1437000036239624,0.02759999968111515,0.503000020980835,0.1340000033378601,0.002099999925121665,0.1551000028848648,0.22679999470710754,0.16910000145435333,9.999999747378752e-05
AO090701001051-T,Cytoplasm,,0.6252999901771545,0.14399999380111694,0.08879999816417694,0.40639999508857727,0.25360000133514404,0.00430000014603138,0.16619999706745148,0.12540000677108765,0.14249999821186066,0.0007999999797903001
AO090701001053-T,Cytoplasm,,0.6644999980926514,0.13259999454021454,0.025499999523162842,0.43290001153945923,0.14509999752044678,0.002300000051036477,0.18299999833106995,0.2451000064611435,0.15719999372959137,0.00019999999494757503
AO090001000035-T,Cytoplasm,,0.6205000281333923,0.12380000203847885,0.039799999445676804,0.43650001287460327,0.15410000085830688,0.0027000000700354576,0.1589999943971634,0.2953000068664551,0.14329999685287476,9.999999747378752e-05
AO090001000050-T,Cytoplasm,,0.6287000179290771,0.15039999783039093,0.0803999975323677,0.4075999855995178,0.14319999516010284,0.0032999999821186066,0.16169999539852142,0.11320000141859055,0.16279999911785126,0.0003000000142492354
AO090001000055-T,Cytoplasm,,0.5942999720573425,0.1265999972820282,0.07320000231266022,0.4478999972343445,0.15160000324249268,0.0019000000320374966,0.15620000660419464,0.12439999729394913,0.10589999705553055,0.00019999999494757503
AO090001000057-T,Cytoplasm,,0.6514999866485596,0.1339000016450882,0.02410000003874302,0.4375,0.1624000072479248,0.002300000051036477,0.20829999446868896,0.2354000061750412,0.1915999948978424,0.00019999999494757503
AO090001000058-T,Cytoplasm,,0.6065999865531921,0.1581999957561493,0.0215000007301569,0.4223000109195709,0.13860000669956207,0.002300000051036477,0.11569999903440475,0.18950000405311584,0.10419999808073044,9.999999747378752e-05
AO090001000063-T,Cytoplasm,,0.6450999975204468,0.15690000355243683,0.024900000542402267,0.39730000495910645,0.15389999747276306,0.002300000051036477,0.17739999294281006,0.250900000333786,0.14229999482631683,9.999999747378752e-05
AO090001000066-T,Cytoplasm,,0.6392999887466431,0.15330000221729279,0.023399999365210533,0.4226999878883362,0.14579999446868896,0.0020000000949949026,0.16290000081062317,0.2508000135421753,0.13300000131130219,9.999999747378752e-05
AO090001000071-T,Cytoplasm,Nuclear localization signal,0.6151999831199646,0.15620000660419464,0.07079999893903732,0.43959999084472656,0.12849999964237213,0.002300000051036477,0.18310000002384186,0.09960000216960907,0.13519999384880066,9.999999747378752e-05
AO090001000086-T,Cytoplasm,,0.6349999904632568,0.16760000586509705,0.016200000420212746,0.4438000023365021,0.13650000095367432,0.0013000000035390258,0.19589999318122864,0.24369999766349792,0.12610000371932983,9.999999747378752e-05
AO090001000095-T,Cytoplasm,,0.6327000260353088,0.12970000505447388,0.0414000004529953,0.39500001072883606,0.16740000247955322,0.0026000000070780516,0.10270000249147415,0.2581999897956848,0.1331000030040741,0.00019999999494757503
AO090001000105-T,Cytoplasm,,0.6183000206947327,0.15360000729560852,0.023600000888109207,0.490200012922287,0.14869999885559082,0.0024999999441206455,0.17890000343322754,0.23430000245571136,0.1615000069141388,9.999999747378752e-05
AO090001000108-T,Cytoplasm,,0.6444000005722046,0.13860000669956207,0.027699999511241913,0.423799991607666,0.1395999938249588,0.0020000000949949026,0.26489999890327454,0.2653000056743622,0.15209999680519104,9.999999747378752e-05
AO090001000111-T,Cytoplasm,,0.6065999865531921,0.1429000049829483,0.04100000113248825,0.40149998664855957,0.17229999601840973,0.002099999925121665,0.14169999957084656,0.23839999735355377,0.1379999965429306,9.999999747378752e-05
AO090001000113-T,Cytoplasm,,0.642799973487854,0.15489999949932098,0.01810000091791153,0.4560000002384186,0.13379999995231628,0.0024999999441206455,0.1282999962568283,0.24539999663829803,0.12439999729394913,9.999999747378752e-05
AO090001000133-T,Cytoplasm,,0.652999997138977,0.13169999420642853,0.03819999843835831,0.4625999927520752,0.1437000036239624,0.0026000000070780516,0.193900004029274,0.25029999017715454,0.14380000531673431,0.00019999999494757503
AO090001000134-T,Cytoplasm,,0.5873000025749207,0.12110000103712082,0.1477999985218048,0.47929999232292175,0.13699999451637268,0.0038999998942017555,0.16189999878406525,0.12800000607967377,0.13330000638961792,9.999999747378752e-05
AO090001000145-T,Cytoplasm,,0.6424000263214111,0.1615999937057495,0.04050000011920929,0.5220000147819519,0.1459999978542328,0.0026000000070780516,0.16269999742507935,0.23309999704360962,0.1509999930858612,0.00019999999494757503
AO090001000205-T,Cytoplasm,,0.5931000113487244,0.14499999582767487,0.05220000073313713,0.42089998722076416,0.14740000665187836,0.004100000020116568,0.14630000293254852,0.14229999482631683,0.1298999935388565,9.999999747378752e-05
AO090001000207-T,Cytoplasm,,0.620199978351593,0.1429000049829483,0.02370000071823597,0.43650001287460327,0.14730000495910645,0.0017000000225380063,0.2321999967098236,0.26080000400543213,0.16670000553131104,9.999999747378752e-05
AO090001000208-T,Cytoplasm,,0.6327000260353088,0.12200000137090683,0.053199999034404755,0.4422999918460846,0.11919999867677689,0.005200000014156103,0.20720000565052032,0.22259999811649323,0.1445000022649765,0.00019999999494757503
AO090001000266-T,Cytoplasm,,0.6061000227928162,0.16300000250339508,0.01850000023841858,0.5004000067710876,0.12389999628067017,0.0019000000320374966,0.14640000462532043,0.24070000648498535,0.14959999918937683,9.999999747378752e-05
AO090001000267-T,Cytoplasm,,0.6581000089645386,0.13930000364780426,0.02810000069439411,0.4571000039577484,0.19040000438690186,0.002400000113993883,0.163100004196167,0.25870001316070557,0.12929999828338623,9.999999747378752e-05
AO090001000311-T,Cytoplasm,,0.6395999789237976,0.13459999859333038,0.0272000003606081,0.46889999508857727,0.1509999930858612,0.0019000000320374966,0.20720000565052032,0.2535000145435333,0.16750000417232513,0.00019999999494757503
AO090001000336-T,Cytoplasm,,0.6068000197410583,0.15320000052452087,0.02280000038444996,0.43140000104904175,0.12970000505447388,0.0015999999595806003,0.17569999396800995,0.21860000491142273,0.11420000344514847,9.999999747378752e-05
AO090001000348-T,Cytoplasm,,0.5680000185966492,0.18359999358654022,0.01510000042617321,0.43160000443458557,0.147599995136261,0.0015999999595806003,0.1542000025510788,0.2370000034570694,0.11739999800920486,0.0
AO090001000403-T,Cytoplasm,,0.6227999925613403,0.13940000534057617,0.04899999871850014,0.42340001463890076,0.13920000195503235,0.002300000051036477,0.16979999840259552,0.20980000495910645,0.133200004696846,9.999999747378752e-05
AO090001000556-T,Cytoplasm,,0.6340000033378601,0.16740000247955322,0.0284000001847744,0.49959999322891235,0.16249999403953552,0.0027000000700354576,0.14409999549388885,0.2493000030517578,0.13619999587535858,9.999999747378752e-05
AO090001000578-T,Cytoplasm,,0.6229000091552734,0.16459999978542328,0.021299999207258224,0.4171999990940094,0.1356000006198883,0.002300000051036477,0.18850000202655792,0.24899999797344208,0.131400004029274,9.999999747378752e-05
AO090001000582-T,Cytoplasm,,0.650600016117096,0.12950000166893005,0.04580000042915344,0.42399999499320984,0.1800999939441681,0.0026000000070780516,0.17810000479221344,0.2838999927043915,0.15049999952316284,0.00019999999494757503
AO090001000641-T,Cytoplasm,,0.6186000108718872,0.18359999358654022,0.019600000232458115,0.44929999113082886,0.14059999585151672,0.0027000000700354576,0.18080000579357147,0.2371000051498413,0.14249999821186066,9.999999747378752e-05
AO090001000694-T,Cytoplasm,,0.6376000046730042,0.15379999577999115,0.02280000038444996,0.5037999749183655,0.16459999978542328,0.0015999999595806003,0.17520000040531158,0.25360000133514404,0.14190000295639038,9.999999747378752e-05
AO090001000698-T,Cytoplasm,,0.6003000140190125,0.15369999408721924,0.026399999856948853,0.48660001158714294,0.1518000066280365,0.0032999999821186066,0.1454000025987625,0.22280000150203705,0.12600000202655792,9.999999747378752e-05
AO090001000747-T,Cytoplasm,,0.6359999775886536,0.1421000063419342,0.01759999990463257,0.4068000018596649,0.12319999933242798,0.0020000000949949026,0.19629999995231628,0.21879999339580536,0.13410000503063202,9.999999747378752e-05
AO090003000022-T,Cytoplasm,,0.616599977016449,0.14800000190734863,0.01759999990463257,0.48010000586509705,0.13079999387264252,0.0027000000700354576,0.16990000009536743,0.2502000033855438,0.15279999375343323,9.999999747378752e-05
AO090003000028-T,Cytoplasm,,0.6093999743461609,0.14820000529289246,0.025800000876188278,0.47519999742507935,0.18469999730587006,0.003100000089034438,0.14509999752044678,0.27880001068115234,0.1526000052690506,9.999999747378752e-05
AO090003000032-T,Cytoplasm,,0.6209999918937683,0.15369999408721924,0.019899999722838402,0.45089998841285706,0.149399995803833,0.0017000000225380063,0.22419999539852142,0.20980000495910645,0.13600000739097595,9.999999747378752e-05
AO090003000033-T,Cytoplasm,,0.5945000052452087,0.15790000557899475,0.020099999383091927,0.4657000005245209,0.16169999539852142,0.0015999999595806003,0.20800000429153442,0.22120000422000885,0.1386999934911728,9.999999747378752e-05
AO090003000036-T,Cytoplasm,,0.6725999712944031,0.125900000333786,0.02969999983906746,0.4641000032424927,0.17910000681877136,0.0020000000949949026,0.16680000722408295,0.22059999406337738,0.12060000002384186,9.999999747378752e-05
AO090003000042-T,Cytoplasm,,0.6305000185966492,0.17599999904632568,0.021299999207258224,0.4498000144958496,0.14239999651908875,0.0026000000070780516,0.1573999971151352,0.22750000655651093,0.11940000206232071,9.999999747378752e-05
AO090003000083-T,Cytoplasm,,0.6104999780654907,0.16740000247955322,0.015799999237060547,0.4690999984741211,0.16750000417232513,0.0017999999690800905,0.17170000076293945,0.2476000040769577,0.13289999961853027,9.999999747378752e-05
AO090003000093-T,Cytoplasm,,0.636900007724762,0.18960000574588776,0.012400000356137753,0.44859999418258667,0.1363999992609024,0.0013000000035390258,0.1459999978542328,0.2612000107765198,0.11580000072717667,0.00019999999494757503
AO090003000150-T,Cytoplasm,,0.5976999998092651,0.12559999525547028,0.031599998474121094,0.46880000829696655,0.16030000150203705,0.0019000000320374966,0.11569999903440475,0.23909999430179596,0.133200004696846,9.999999747378752e-05
