Peptide sequences,end_pos,MM mean abundances (Scaled-Normalized),MM + Nitrogen mean abundances (Scaled-Normalized),MM mean abundances (Raw-Normalized),MM + Nitrogen mean abundances (Raw-Normalized)
MMVAWWSLFLYGLQVAAPAL,20,0.0585371485493485,0.0585371485493485,1.0,1.0
MEAFNLHNFLSSLYILLPFVILANPVH,27,0.0592846083355953,0.0592846083355953,0.010224128409742865,0.4179234540632222
MLRVSAIFMACLLLATAA,18,0.43003548338470887,0.43003548338470887,0.00014380823699042516,0.339312307761118
MAVRIARFLGLSTVAYLALANGID,24,0.41438259178881104,0.41438259178881104,0.000144149245615704,0.27691850531898193
MVSFSSCLRALALGSSVLAVQPVL,24,0.22829465729222578,0.22829465729222578,0.025871884599284134,0.21833079689173415
MVSFKYLGATAAYILVLASQITTAL,25,0.12554991034378335,0.12554991034378335,0.011471973163783308,0.1973610102878831
MRFSAIFTLGLAGTALATPLVE,22,0.12543913853285674,0.12543913853285674,0.009293356477397395,0.11936204799807597
MMVAWWSLFLYGLQVAAPAL,20,0.0442703120042493,0.0442703120042493,0.025062136005463337,0.017628084517868015
MHLPTLVTLACMAVSAS,17,0.05776768918262121,0.05776768918262121,0.007849692023551064,0.07133803988828308
MKISAAISTALLAVSAA,17,0.10720614967048064,0.10720614967048064,0.0014929277885373444,0.060199539462601516
MYFNYAAATLAALLPLCS,18,0.02002913804103385,0.02002913804103385,0.019564895185279863,0.019066282526305076
MFIKYALPALAAAQAVF,17,0.031470816748523846,0.031470816748523846,0.018059131689139914,0.023556323203788043
MKLYLLFFFFLTLHALPGLPRST,23,0.1270193027550166,0.1270193027550166,0.0020451883932418704,0.05118075098805407
MRTAGLLSLLLAAIPAVT,18,0.019899895561047015,0.019899895561047015,0.012766273481619137,0.019406615710240355
MKFNAVALTLATAGSLVA,18,0.09895632403682275,0.09895632403682275,0.005919410309668068,0.029343217567402383
MKFLAISSLVAAVSALPSVPAP,22,0.07038614758472235,0.07038614758472235,0.008984741859417817,0.015091310881396614
MKFSMVPSLLLPLLAAAAPAA,21,0.10351598957415054,0.10351598957415054,0.001585158350419099,0.024188577383026905
MKLIQLSSVLHFTALSSALTLPLNR,25,0.41631045592603666,0.41631045592603666,1.4786918091597387e-05,0.022374753913985235
MRSLLWASLLSGVL,14,0.2612393778826545,0.2612393778826545,0.00017833145267915815,0.02194520916507017
MQSIKRTLLLLGAILPAVL,19,0.00027995752577627604,0.00027995752577627604,0.007511323571624416,0.0011352550164270058
MKAAFALAGASLVGSVL,17,0.07857508756573957,0.07857508756573957,0.006681706810892897,0.01807612957201417
MRFLSGFVSVLSSVALLGYAYPTAIDV,27,0.25149658124148144,0.25149658124148144,0.00025021810613230327,0.01586101460598424
MKVAIFSTLLPLVLALPAPQT,21,0.4633545083096142,0.4633545083096142,2.3904374479136563e-06,0.019336331707981606
MQFKNLALAASIVATAAAAPAA,22,0.11698700396518662,0.11698700396518662,0.00205267910017552,0.014869761984351373
MKVFAPLLSLSLATSVA,17,0.16110727992253213,0.16110727992253213,0.0016667158960311246,0.014615961604403973
MQLKNSLFLLTALTAGSAV,19,0.16337144626210645,0.16337144626210645,0.0006506662378835352,0.012554486034950253
MHFHKITLGATLAALLSLTTALPTTSYSFPLTT,33,0.014722827957642489,0.014722827957642489,0.00478899669413678,0.009525854376616927
MPSTPSLPSMGMLALGAMQLAA,22,0.0312233986280973,0.0312233986280973,0.004816514259343873,0.011103322325088781
MQLTHLLAFALSLATSE,17,0.0224404257196163,0.0224404257196163,0.00441245252998009,0.012088330473678263
MKFFSSLALLVSAVAANPILRT,22,0.2526330938685211,0.2526330938685211,0.0002778242437999478,0.01248310837789332
MRNNLLFSLNAIAGAVAHPSFPIHK,25,0.028798917881221794,0.028798917881221794,0.003937733310661027,0.0015083247026987136
MFLQSVLALSLALPSLST,18,0.022760347191490327,0.022760347191490327,0.0029233129130738817,0.009996527793898933
MRYQALSLALLGLGKSY,17,0.002037579483041564,0.002037579483041564,0.0034674049110209383,0.00011921482907502329
MRSSFLLAGVFGSLAAPAL,19,0.0011754728300582046,0.0011754728300582046,0.0032290662006168383,0.0003264598113328089
MHFSSLSLPLTALSLVTPSL,20,0.009652669554933244,0.009652669554933244,0.003257672474270246,0.0012479970359667864
MLSVATSIFGLLATVPLAA,19,0.04265410377296105,0.04265410377296105,0.002468616594023624,0.008210921025793405
MLGRSVSLATVLLTLSGSFAN,21,0.10524979803543921,0.10524979803543921,0.0005854212637346033,0.008470258826965974
MAPLAKTLALAGALFAALASAAPVQK,26,0.06866846935765135,0.06866846935765135,0.0030035242425460545,0.007015327963860698
MHLAIKSLFVSLLGASVLASPLPSNALVE,29,0.22533441718014294,0.22533441718014294,0.00012219367739085095,0.008658882208172
MAPKSLFYTLFSSLTVAL,18,0.028055863981766682,0.028055863981766682,0.0020743557946714393,0.007036247451082886
MRTFAPWILSLLGASAVAS,19,0.31256135112031885,0.31256135112031885,1.208988162567369e-05,0.007410377148416761
MLTVCILLQALLCKSVI,17,0.36512061371862514,0.36512061371862514,4.9237038885097876e-05,0.007050210769499345
MLTKSLFAGAALGLSLSSAV,20,0.1411962700673064,0.1411962700673064,0.00021483573025458448,0.006963381899548845
MKFLSTAAALLVCLAPVSTT,20,0.20290958254219374,0.20290958254219374,0.0003011199495234316,0.005620782379888969
MKGLYLTAALFGASST,16,0.03067659712950119,0.03067659712950119,0.002157676645885657,0.004270400544185482
MHFHRLLVLAAGLLTTATSAPTELFK,26,0.08695869603703882,0.08695869603703882,5.5645188990554977e-05,0.006328922661429928
MLLTQSLFFAFACWQATPAL,20,0.25110072401644884,0.25110072401644884,0.00029465407724519347,0.005202934676225104
MFSTMTPSLSKLVALSLFLGTAL,23,0.007864221954416759,0.007864221954416759,0.0018081469513021502,0.0009270674071148521
MRLLLPFIVLPLAAL,15,0.29706770008497957,0.29706770008497957,4.837769139926524e-05,0.004874958497494628
MRLFGITLVSAALAA,15,0.2727513431148429,0.2727513431148429,2.2673276150729238e-05,0.004646237892267534
MVSKVFGRLLTTGLVLANSVSASTEA,26,0.13456733467163268,0.13456733467163268,0.0007434431170610891,0.004251746744000767
MKLTIASSVLLGLIAAVE,18,0.09281804989397778,0.09281804989397778,0.0007375736616042683,0.0043858916652504245
MLFTTILASTLALSMGVSAAPRPAP,25,0.04024979662674649,0.04024979662674649,0.0015817773099723955,0.00281381950433587
MVALQALSLGLLASQAL,17,0.13146542445150206,0.13146542445150206,0.00045126820226866737,0.004299110775163506
MFFSRGALSLAVLSLLSSSAA,21,0.018511311613787378,0.018511311613787378,0.0012902735026603218,0.004204360277292048
MLVANRRPTKGHSTQNRHSLKHRPGATMYWAILHILAVALPTTAF,45,0.17011670284547128,0.17011670284547128,0.00029676724533089847,0.003873556175068803
MKIRAALALSATASGVL,17,0.3218257625682946,0.3218257625682946,2.2274260069825346e-05,0.004270031130196986
MRVSLTTIFSSLLCTVLVS,19,0.0,0.0,0.0014941364875237435,2.0133343021749624e-05
MKPVFFTNTLYLLLPVLASAAPAPIIGRDIHS,32,0.024543093431034613,0.024543093431034613,0.0014606357591449978,0.0014165806002793366
MQFRSVIALVAFATAVT,17,0.2550279824916159,0.2550279824916159,9.780948317495367e-05,0.004308141947028984
MAQSYPLLFLWLLVLSAVS,19,0.06094636290884212,0.06094636290884212,0.0013665936991786552,0.0021274205988441462
MRLAPITVGLAACANLVSGMAFTAPAR,27,0.2191494895450601,0.2191494895450601,2.471672066236416e-05,0.0036436494609081572
MRFNAAVASALVSSATLMGYAH,22,0.24839302925643278,0.24839302925643278,9.145213846293307e-05,0.003611932667252607
MARLSSRNGAAKPFTAWTTIFYLLLVFIAPLAFFGTAH,38,0.3886644282749863,0.3886644282749863,1.855623169462533e-06,0.003432422280360199
MFGQVTGLSLLTGLLATASVK,21,0.08259784911913187,0.08259784911913187,0.001306395537012086,0.002757835063012046
MYLSKIISISFLAALAGAAATPSNLEA,27,0.12463810392237103,0.12463810392237103,2.3449698678668896e-06,0.0035360736175859427
MSNQHCRGTSSITQFSAMAYSTIILLCAALAQAVQ,35,0.11691484093685818,0.11691484093685818,0.0009351429553225163,0.0029955645793407633
MKGSAIATALTLGASTALAAPSIKA,25,0.0945114350886667,0.0945114350886667,0.0004523535941169238,0.0030644947700792027
MRSWVPFVAALAALSPAT,18,0.07279875691237654,0.07279875691237654,0.0010967858370640208,0.0028577003895517475
MKSTLVTASVLLGCAS,16,0.3624209646439016,0.3624209646439016,8.167528445952141e-06,0.003038101666470106
MPIKSFASRLALSLAICGTAM,21,0.25491170428256105,0.25491170428256105,2.150637593805401e-05,0.0023388253862197997
MANLIFSLFFCSAVTL,16,0.07351373708803823,0.07351373708803823,0.0005364784743209587,0.002856184445053383
MQLYKVFAVLAALQPAL,17,0.12132597603908662,0.12132597603908662,0.0001925044447111762,0.00267075569399994
MKLLSVSATYLAIPMALLVS,20,0.06773707694205396,0.06773707694205396,0.0005831558570358264,0.0028918692482863156
MAKMALGYRLPLLVSLLALFQFAL,24,0.01780480793008881,0.01780480793008881,0.0010174674476777813,0.0025722787837441944
MKGSWMLAAATAALTSTAF,19,0.07396546972648754,0.07396546972648754,0.0007556657785712774,0.0025487429645381344
MKWKSLALGLLATAQSAA,18,0.011541180619982655,0.011541180619982655,0.0010078793244898316,0.001281062108831195
MRSTLWSLLGLTGLAY,16,0.18741631975404424,0.18741631975404424,0.000293850160619066,0.0024794729964575015
MKGLDRGLALVSTLALLFVQAVAVPLS,27,0.11935379972105221,0.11935379972105221,0.00014174462615482386,0.002533559690136309
MKVALLTLAAGLAN,14,0.14172367545253553,0.14172367545253553,0.00020677761955523232,0.0022860108402275223
MQLPVSLGLLTVLISSVT,18,0.3447190540230028,0.3447190540230028,5.4858938032442995e-06,0.0024712883304530624
MPSMYTRLFAALCALATTAN,20,0.03205934929576163,0.03205934929576163,0.0008931582482949148,0.0017201195791695194
MRGILGLSLLPLLAAASPVA,20,0.048138170395292175,0.048138170395292175,0.0003937486571432896,0.00229315214529149
MLFAKSALFLSFLALGNIAA,20,0.03421187289883648,0.03421187289883648,0.0008629967841177577,0.0017597121747791305
MASSVSKTLLVLLAAHLLGVAA,22,0.09348978574431399,0.09348978574431399,0.000353993476860135,0.0021772555233028953
MLFGVALLFLGAVAANPVIP,20,0.04436638783763696,0.04436638783763696,0.00018800060790885047,0.002228081579013578
MKLSILSLASLAPLVS,16,0.0567956834556212,0.0567956834556212,0.0006316698151241272,0.002024378428959571
MHLKKLLTSAAALSGSVF,18,0.4096768746352078,0.4096768746352078,6.041530078925091e-07,0.0019325094215723075
MRGAFLAAAAAVAGTAM,17,0.2580567410997335,0.2580567410997335,3.7315922527513823e-05,0.0019046181091163245
MKLHSLLPLAALLTPSL,17,0.017726236751930496,0.017726236751930496,0.0007517767481095002,0.0003460707910483841
MFRSALFLLLAPLAL,15,0.05759685305594201,0.05759685305594201,0.0007417702704842826,0.0015790538447406743
MRISQICTVLSTVTSAVAVGVNPLPAP,27,0.34227678972488595,0.34227678972488595,2.5128967114979115e-06,0.0018910624706907743
MATLIVSLLLTLLAREVL,18,0.003639796520681768,0.003639796520681768,0.0007525866498116377,0.00013587832175289283
MRIFSALSSLLLAGAAL,17,0.03944227775387147,0.03944227775387147,0.0007420585551201408,0.0009644132464628824
MYRFLPLFFLPLAAL,15,0.027720936865749973,0.027720936865749973,0.0006966099595534211,0.0007565546613483338
MRLQLPEVAIATLLLGEVG,19,0.19857457932862763,0.19857457932862763,0.00020460689629645348,0.001754260838041338
MPLLKSVINAAGLVGAVA,18,0.031792236680291304,0.031792236680291304,0.0006330385432417372,0.0010025698425280508
MRFLSIAGAALFASSAV,17,0.42552258739090537,0.42552258739090537,2.158683746649619e-06,0.0018898714477555954
MKISGFTSVALGLAAFAE,18,0.1177582777836439,0.1177582777836439,8.381995232982664e-05,0.0014664864341182259
MNFRNLFLSFFFLLAVGLALVH,22,0.3006688896640451,0.3006688896640451,3.98617222225437e-06,0.0013570625797748941
MVRIVSSLLLASLASTFAW,19,0.061981691247669383,0.061981691247669383,0.00039298016504041706,0.0014864509712448678
MKFQTLCSLATLGLAFANPIQN,22,0.0008953617049933805,0.0008953617049933805,0.0005480982400831999,5.0615467764135256e-05
MQLKALSLLALTPLAA,16,0.1456257573538051,0.1456257573538051,0.00013175111527118845,0.001368416054116903
MVLLSSLAVVATVASLAT,18,0.052382036961270716,0.052382036961270716,0.0005178434820764465,0.0014841458755123571
MILLSYLLTYLLCALTCS,18,0.008429761319631498,0.008429761319631498,0.0005049270976903592,0.00018525382653067043
MMRAATAIASLLLVGSVV,18,0.40859161654930004,0.40859161654930004,5.199809913348766e-06,0.0013553579982176836
MVSLTHIFSKALLTLLVGQSA,21,0.25186849842535347,0.25186849842535347,2.5564841348326475e-05,0.0011134263478165022
MRFLRCLLATSSLYASVT,18,0.08927299478669064,0.08927299478669064,7.235087013063922e-05,0.0010075360435314628
MVSSSSLGRFAVLVTSLVGSAV,22,0.002493293330588522,0.002493293330588522,0.0004055807342579777,0.00011767204665873275
MVSFTKLIAAGLLASAAVAVPHGHQHSHVHVTK,33,0.24515882019037213,0.24515882019037213,4.431540149805799e-05,0.0009427946344926001
MQQLLQSTAALLAFQAVVGDAAPTSSSSA,29,0.035237964745483956,0.035237964745483956,0.0003883074864286216,0.0004597797985808326
MRALSLASLIGIAS,14,0.4182783224512104,0.4182783224512104,0.0,0.0010421252671255108
MAGLKSFLASSWLLPVAC,18,0.16633392687553142,0.16633392687553142,0.00025334630279207906,0.0009855538051182448
MSLPSFLKWSAMAALMAQLCT,21,0.3980371582865521,0.3980371582865521,0.0,0.0008979077984619177
MKYQRLASLGLAALSVTGSVSASPLIR,27,0.0500480887999949,0.0500480887999949,0.0003142041115683789,0.000915893824390425
MLLPYYLLAAAATVM,15,0.05934467480266253,0.05934467480266253,7.545012559630577e-05,0.0008740085199308478
MASSVLWSILIATPLAL,17,0.008871974404976828,0.008871974404976828,0.00033546972764711934,0.00029875471183925256
MRVQAFIFVLLGLGKSY,17,0.00032665703618445403,0.00032665703618445403,0.0003390599698265366,1.677483399700367e-06
MKTTALSFALLAAATTMVS,19,0.013054434684782035,0.013054434684782035,0.0003297465313374338,0.00031601207801192137
MPSLSTLKLGAFLGLAAIAPSIE,23,0.09030888862294843,0.09030888862294843,0.00014623317170201194,0.0008278122483779228
MARLSYLLVSCLSVVSAAS,19,0.22156062355718406,0.22156062355718406,2.8149965268977063e-06,0.000698437398609831
MVILSKVAAVAVGLSTVASALPTGPSHSPHAR,32,0.02891728514927359,0.02891728514927359,0.0003135845715125724,0.00014948961960253203
MWFSSTAWLLPLALAGSVQ,19,0.00332415157077857,0.00332415157077857,0.00031654020722764707,6.891573168236698e-06
MRFSIFSTLLVSLATLST,18,0.3171398316447493,0.3171398316447493,3.986179197956276e-06,0.0008403415486697678
MSIAKIAGVVLGSAALVA,18,0.2531163925266811,0.2531163925266811,0.0,0.0008021760577401786
MQLLNTITTGLLLSSSCLAAASPATWQ,27,0.010939386351884567,0.010939386351884567,0.000282375944456614,0.00016804544086601703
MIERYLIVSQSLRMLSFFCVVASAALAA,28,0.04815903643108028,0.04815903643108028,0.00016159630648271807,0.0007110656944063846
MLTRQSLVALLGGLSLAA,18,0.031184034757694823,0.031184034757694823,0.0002697642526252088,0.0004221032273740576
MKPSQLSLLVLLFQASSIQ,19,0.037783572482465534,0.037783572482465534,7.407362352067955e-05,0.0006815982371733664
MQLTKSLLVFALYMFGTQHVL,21,0.015960693400423127,0.015960693400423127,0.00015729048581300314,0.0007271976582639998
MRPIPQIIYLIVLLASQLVT,20,0.4597774749441217,0.4597774749441217,0.0,0.0007202541152205359
MRFFGGVIATFVVCSSLAD,19,0.23454152156639382,0.23454152156639382,5.05822626258851e-06,0.0007086129557753799
MRFLPCIATLAATAS,15,0.0016287187451913328,0.0016287187451913328,0.00023883883004514224,9.179962669691488e-05
MILKSALTAVVLCLAVEGAA,20,0.24365473047197264,0.24365473047197264,1.3903382138586458e-05,0.0006031460330843749
MNLLLLALTLLTTLTS,16,0.013859169536591907,0.013859169536591907,6.46837139838219e-05,0.0005745865087312592
MVLATMATMARFKATILSSVLLPLLLSSHGA,31,0.021667503795998095,0.021667503795998095,0.00022422865440815436,0.00016067583992935953
MKLGWIEVAALAAASVVS,18,0.09812806850161125,0.09812806850161125,0.0002001000595890529,0.0005533738075694986
MMKDTLSFARLALLLFGFVVIPTQ,24,0.004621467069874743,0.004621467069874743,0.00021692038549728468,4.8589654137853326e-05
MFSKAFLSAALLGAAAVE,18,0.08288765921386614,0.08288765921386614,5.917096550935732e-06,0.00047345776570600196
MALQLSRSPVYSLIILSILWIEGIA,25,0.03525813581357511,0.03525813581357511,7.14842231535231e-05,0.0005771476803136747
MKLYYISVILMTCLSTAL,18,0.015719495228632318,0.015719495228632318,0.00020523601382620347,0.00021718714801599115
MRFLLPFAIGLTPLAS,16,0.0645940872458136,0.0645940872458136,0.00019793059867474912,0.0003779642461130221
MFSTILTSVLALASSVTARSVETRSLTP,28,0.07923261200781025,0.07923261200781025,3.792471270778817e-05,0.0005022349159191315
MLRLKMEVVAALAAWAIAS,19,0.04249675394930741,0.04249675394930741,3.7823111289724005e-05,0.0004208454488261523
MRQTMRLDVGLVTCLAAFSGLAE,23,0.27367049624129064,0.27367049624129064,9.6237923996964e-06,0.0003886782851148203
MHLKPIQTLLPTLLLFLHLPTPAL,24,0.030736829471446774,0.030736829471446774,6.98455448069455e-05,0.0004900709236417322
MLFSYLLATLPLLAN,15,0.028154842898145665,0.028154842898145665,0.0001454177127310365,0.00012883069646901798
MWSSQLLPWATGLGLISTVL,20,0.038186179692708995,0.038186179692708995,0.00014658525904824273,0.00021637259290147918
MVFSKSVAVAAAVSAVFPLVH,21,0.12466522149806075,0.12466522149806075,7.351083424563537e-05,0.00037395503876744095
MNPGLSSFMPDIFIDFIPTSLQLSSIQLSSFYIPMKLPILLTALPWTAA,49,0.022082344937180493,0.022082344937180493,8.234114538371318e-05,0.0004111273491969776
MKSFTMKSALAASALLIAAYLPAVN,25,0.039287345485544335,0.039287345485544335,0.00014158102868563413,0.000341538269667165
MKFISVIALLAPTVL,15,0.0020087575156489987,0.0020087575156489987,0.0001373157220003147,2.3733288105408415e-05
MKFSIVALVLAATSAIATPIVTK,23,0.1807684783278417,0.1807684783278417,2.2967454724108395e-06,0.00035160793168499894
MRVPVINAAVLLLSSAIPVL,20,0.06236737856625693,0.06236737856625693,5.976442608542746e-05,0.00032721902819063007
MQLPQAIAILTLVASAS,17,0.0014287187451913327,0.0014287187451913327,0.00012367547465563246,7.303353530815166e-06
MIKTILCALAILAAIAPLTT,20,0.35589027540574514,0.35589027540574514,3.58298510944467e-06,0.0002982687248078795
MRIGNLIVAASAASLVHAYPTRDIKK,26,0.09863485827413526,0.09863485827413526,1.44969292884004e-05,0.00024234849581171526
MKYSKLLLLLVSVVQ,15,0.30488001140320603,0.30488001140320603,1.1555760327009283e-06,0.00025322367610904365
MRVATSVAFASLLAMAQ,17,0.27372001314947464,0.27372001314947464,4.961033840707724e-06,0.0002612897555595929
MKFHLWAVALASALCVQ,17,0.025296890741848887,0.025296890741848887,2.0040520111375913e-06,0.0002464298740716226
MIYWTTLVLGLLLQLLSVS,19,0.07337889877594905,0.07337889877594905,7.478908101665975e-06,0.0002622737376344961
MRLSESATVAFGLFCAATAS,20,0.41165683281410875,0.41165683281410875,0.0,0.00026286391347569315
MARWPLAWTANVPSTSRLFHFLLITFVFSLSVR,33,0.12078944759858957,0.12078944759858957,2.2378149742798248e-05,0.0002424595553174669
MSTRSPFPLSFTMLSFLAALSLPLALVN,28,0.06472287587758548,0.06472287587758548,1.819686265373982e-05,0.0002071568940567298
MKIQLFWFLTTTSLVF,16,0.009634682367668767,0.009634682367668767,8.307982590802537e-05,0.00019486459111726172
MKLRNLAPWALLLTAVH,17,0.3826971674096198,0.3826971674096198,2.0326486050579073e-06,0.00019602062844617326
MLGFGLLALLPFAAAGTVLP,20,0.16175567805290572,0.16175567805290572,1.6915928768727687e-05,0.0001918342028907279
MRLQAFILVLLGLGKSY,17,0.00214316701852932,0.00214316701852932,8.051238129932728e-05,1.677483399700367e-06
MASLHTTIMLFLAHVLLLLGLPAGMVG,27,0.010723545081666437,0.010723545081666437,7.338888377172443e-05,6.473929417700202e-05
MASKSASSLMTLYLTLASFCLGKT,24,0.4163605657403681,0.4163605657403681,0.0,0.00019176033453163896
MQLQTLAGFLLLCSPSLAAP,20,0.06028023777869636,0.06028023777869636,7.102609043491618e-05,6.51469932491293e-05
MKFLITTAALLFSLVS,16,0.29521624573275923,0.29521624573275923,3.588420303567456e-06,0.00017399471102062398
MSFIQLVHFFGLLTLAAGKPILIP,24,0.2798025203360448,0.2798025203360448,1.7283027575382835e-06,0.00012264433411635314
MKFFAVAALFATAAMAA,17,0.005465759149043941,0.005465759149043941,5.502808120907539e-05,0.00019778110050463652
MKATTIGTLLLAAGTALAVPGK,22,0.012423364073473367,0.012423364073473367,2.6406148289992974e-05,0.0001476567622285941
MKSIYSLVLCTALTAASPH,19,0.4108552557042077,0.4108552557042077,0.0,0.00016471573376356113
MHRNMALLLLTLFSWRAF,18,0.04218878687068087,0.04218878687068087,4.30825952826725e-05,0.00016481252939550968
MKLSFLSLLSAAAGVAVAAPTESTKD,26,0.03402709387745586,0.03402709387745586,4.613797761948642e-05,0.00013895621413874894
MRTAQLLALSGLMLMSNVAM,20,0.6760767000126631,0.6760767000126631,0.0,0.00017067198280537198
MTRSSAALIVALAACWNAQGSA,22,0.13626936026046796,0.13626936026046796,1.4637106761653184e-05,0.0001272478744213605
MWQPSSALLLVASLLTALPVN,21,0.35513574420243543,0.35513574420243543,0.0,0.00011060259345395557
MHASLALLLLPLGALSLPFEDSVQTVE,27,0.4055659816755835,0.4055659816755835,0.0,0.00011364522222467016
MKTLTTLTISLVAITTTAV,19,0.06832869521300612,0.06832869521300612,2.7880326722047905e-05,0.00011840674027909646
MKLNAILLGAALASAAPSLDL,21,0.300154509077378,0.300154509077378,3.253309474928875e-06,9.970131963451603e-05
MDEFFFRSGTMNTFRTFGLLALLAIFSVAQ,30,0.41403747157583015,0.41403747157583015,0.0,0.00011112983815346417
MQIYSIVAAATLSLAGTAHAW,21,0.015735925216444895,0.015735925216444895,4.132539262590368e-05,2.4971612989513538e-05
MMFTKTITLAALASLAAALPTANPVK,26,0.19473998994480857,0.19473998994480857,1.1041885688272177e-05,8.816536085853486e-05
MRSSLLMGALCAAGAMANPLDK,22,0.05213027274881709,0.05213027274881709,2.0695346921070295e-05,8.854447106630685e-05
MPRLLPISAATLALAQLTY,19,0.2548016001623276,0.2548016001623276,9.68433278168721e-06,9.004690672927991e-05
MTRTIINLSILGLLSVPAL,19,0.01578347421132755,0.01578347421132755,3.69409268797043e-05,4.080218355908189e-05
MQSRSVLICVLLALDILNFTV,21,0.25753305593082076,0.25753305593082076,0.0,9.994913472465823e-05
MSPPLFSKWPFIISLMVYAVRPAW,24,0.3221672803517819,0.3221672803517819,0.0,7.632445554471784e-05
MRLSYAISLLPLAASVG,17,0.015584012551834678,0.015584012551834678,1.9347960878278457e-05,7.06999210019847e-05
MRVPISHFTLIALGLSPVHVL,21,0.1561036989281329,0.1561036989281329,2.1009745476740578e-06,7.24583732635277e-05
MKFSVAAFASLLSVVS,16,0.014834582388762946,0.014834582388762946,2.9748732717131733e-05,4.868939297843101e-05
MRVSITLLISTFVISAY,17,0.0,0.0,2.795810409450032e-05,0.0
MLLGTLLSLAAVVA,14,0.00273369782637685,0.00273369782637685,2.6873554047285144e-05,7.851015799857048e-06
MKNFATVAALAAGAN,15,0.21241017190165526,0.21241017190165526,4.425995166753507e-06,6.73420412521314e-05
MKSFIASLFAASLAY,15,0.15221098894829735,0.15221098894829735,8.799345506559572e-06,5.723883765052109e-05
MSLFNVLALLMAFVCSVT,18,0.016488784693286258,0.016488784693286258,2.384014437539712e-05,4.415921594698875e-05
MYRFLVSLLGLVAGTTYAAPVPEVSSMNAV,30,0.13787602668551044,0.13787602668551044,3.0585352180695915e-06,5.494342669812807e-05
MIFSDWVMQLSAAALFLALPKSVA,24,0.017634515713206206,0.017634515713206206,2.1626791659608767e-05,3.250079618103853e-05
MHVLSTLTQALSLWAPLAA,19,0.0026465671499576473,0.0026465671499576473,2.1399828281839186e-05,2.8453700594921687e-06
MIMKSSFMPLVALSSAISAW,20,0.14322919224981034,0.14322919224981034,0.0,5.5619701067228336e-05
MWNMTLLAIGLFFLRRTGSIRNYPQFYSLFEFPIRTRSKKMQIHQLVLFSFVGLAASAPVAEDK,64,0.06231412863255958,0.06231412863255958,0.0,6.102403131684291e-05
MKWSALVPLSVSALAVLPSTG,21,0.0253416340137685,0.0253416340137685,1.608919077891327e-05,5.6184647414036257e-05
MHLSSFSLLALGAATAN,17,0.37464763562910824,0.37464763562910824,0.0,5.303254589119651e-05
MQLLPVALLLGALAAPTA,18,0.3109747452188913,0.3109747452188913,0.0,4.93053919821632e-05
MAAFPAYLALLSYLVPGALSHPEAKTLTS,29,0.0,0.0,2.029517529538069e-05,0.0
MLFFTVFTFFLTLLSTVLSQPIDDILP,27,0.07435322436427381,0.07435322436427381,1.8703378039334883e-06,5.326004711970341e-05
MFSLARLGTVAGLFLLAQAA,20,0.140811089028521,0.140811089028521,7.344176802790805e-06,4.915532643835278e-05
MPSNKHPILSYILLPLLLALSTIQIVQ,27,0.043500910427319885,0.043500910427319885,1.8709164407609105e-05,4.605041566064661e-05
MRFQSLAAAILLSLSITIH,19,0.04381155236946343,0.04381155236946343,9.590356445861239e-06,4.964174978777465e-05
MRTAASTGLFLGLASMAS,18,0.47081003403139254,0.47081003403139254,0.0,5.0212376253855844e-05
MQKSWLVLLVACLGLQGTT,19,0.40444317767659926,0.40444317767659926,0.0,4.181916647306788e-05
MLGSLLLLAPLAG,13,0.43635588216812454,0.43635588216812454,0.0,4.447975277960888e-05
MKLSTASALVTSQAAYAAS,19,0.18822407216370193,0.18822407216370193,2.3113583081581787e-06,4.347860406277564e-05
MRGLSWQQLGGAVLLLLQGQVAL,23,0.05134263706751143,0.05134263706751143,1.5353257944857595e-05,4.0505755028341646e-05
MKVQHLSSPFLLFLLPAIAT,20,0.09223346634878471,0.09223346634878471,0.0,4.355606178353634e-05
MKASFISRLLSLTAFAISSNLSY,23,0.027899176902621253,0.027899176902621253,0.0,4.761887975001316e-05
MMLSVLGIVPVLLSLSTND,19,0.035309489669793595,0.035309489669793595,0.0,3.820529645605554e-05
MMRGASLLPVALAALSCVD,19,0.21605426501311287,0.21605426501311287,0.0,2.6920084417871016e-05
MILLGLIVCSLLGVAT,16,0.05830597866122886,0.05830597866122886,1.1963348449935898e-05,2.0283385953040112e-05
MKLANLALSATAGLSLKAT,19,0.023362220974925033,0.023362220974925033,2.0279040325475538e-06,2.9406002902086814e-05
MRFISVSSLLLALAPALN,18,0.0,0.0,1.1382884580103592e-05,0.0
MLSGFFWSALAMFYSRIRSVASTAAVTSLFTATVAQ,36,0.09702587198776806,0.09702587198776806,7.17862578097925e-06,2.6220374028658797e-05
MHLRNIVIALAATAVASPVDLQD,23,0.028598253121990328,0.028598253121990328,0.0,3.303070133558155e-05
MARTQWPSLGVAALQILSFSLVNQAL,26,0.34897601858627797,0.34897601858627797,0.0,2.1778301476510484e-05
MRFFQTLVALPLIAGAVASPLDA,23,0.0,0.0,9.730516667124179e-06,0.0
MLSPVRLLPLIGSLLSLVS,19,0.1490382599682969,0.1490382599682969,1.5586810610082944e-06,2.2326370574409557e-05
MSSSLKFLGVFLPALAV,17,0.20922158490285356,0.20922158490285356,8.030933310362437e-07,2.302136668756936e-05
MRAFESVFAAIACLAHIGMTD,21,0.09981490280132033,0.09981490280132033,0.0,2.2318983326030247e-05
MHSSLLPMLAAMLLSPVS,18,0.019601577988176203,0.019601577988176203,7.796072042794584e-06,5.491780168294396e-06
MKNIFVATLGLFAAVSSALPYTTPVNDNPISALQA,35,0.004667213406231942,0.004667213406231942,0.0,1.2038511936938602e-05
MKQTGTILALAGLVSMAH,18,0.0818775836778237,0.0818775836778237,2.6871554733361294e-06,1.1672338128366031e-05
MHSSLTFLTLALCLFAWAN,19,0.0,0.0,6.8138788451394245e-06,0.0
MKGLAFVCGLLATSVS,16,0.027238118303870126,0.027238118303870126,6.401850610751851e-06,7.174998191675214e-06
MRGLLLAGALGLPLAVL,17,0.015829955423900952,0.015829955423900952,6.486271941883263e-06,3.3911998041100236e-06
MRATLFTTILAGSLPLLAA,19,0.0,0.0,6.017634885976738e-06,0.0
MHQFLTLAALLATTALAADRTPALVA,26,0.0,0.0,5.974252620863366e-06,0.0
MRLITRWIPLANALASTMPVQVV,23,0.0641151956439154,0.0641151956439154,3.6017053248847268e-06,1.483958101642173e-05
MRTSLSTTVCLGLLLPAAPTL,21,0.00323968737176438,0.00323968737176438,4.963602677208669e-06,6.29779083066976e-06
MILGLIASLGQAAVAA,16,0.045944274796603714,0.045944274796603714,4.616710066095327e-06,8.586533570901316e-06
MRFTPSSAALLLGAIGAAT,19,0.026592376851969104,0.026592376851969104,2.2282955697425068e-06,9.96654234629383e-06
MKFISVVALLAPVVLAAPQA,20,0.04719687174494868,0.04719687174494868,1.562957148659001e-06,8.33263881966578e-06
MQRYISLSVSLSLLSGAN,18,0.08106666666666666,0.08106666666666666,2.314674277531782e-06,7.83180661335839e-06
MRANNLLLLAGLASSVAAYPADVES,25,0.039227636139712425,0.039227636139712425,1.8224587005912614e-06,4.622812669986781e-06
MKGLLFVLSAIFGITLAA,18,0.06557279639461427,0.06557279639461427,1.2547882508264214e-06,5.329867510658553e-06
MKFQSLCMSLFCAATLAAALPVEPSAE,27,0.0,0.0,2.0485043880193634e-06,0.0
MKVTKKVLDQSLCCTALLALVGGAA,25,0.02875280659307658,0.02875280659307658,1.3066453901229926e-06,2.8785762040717017e-06
MRVTTLSTALFALASTAVSAPTA,23,0.0,0.0,1.4886980616145757e-06,0.0
MKVMFGTWLLWGLAT,15,0.0,0.0,0.0,0.0
MLISKTVLSGLALGASFVGVS,21,0.0,0.0,0.0,0.0
MHPKTLPWIVGLLSPTVT,18,0.0,0.0,0.0,0.0
MKYFLLILSCLLLLTETAL,19,0.0,0.0,0.0,0.0
MKSISALAAIIPLLPVTE,18,0.0,0.0,0.0,0.0
MLNVTSPWALILSLLTAIVS,20,0.0,0.0,0.0,0.0
MIFPIVALLQLVLTAF,16,0.0,0.0,0.0,0.0
MRFEIPILVALTAGGSIVS,19,0.0,0.0,0.0,0.0
MKFSSTSALVAALVAGVN,18,0.0,0.0,0.0,0.0
MMFTCNWTALLCALLSILSVCV,22,0.0,0.0,0.0,0.0
MTYPLSRTTRILLLGLLALTYLFPPVH,27,0.0,0.0,0.0,0.0
MNLLLLAGLLPLAA,14,0.0,0.0,0.0,0.0
MRTSSRDYLMLAMLAMPQAHLAS,23,0.0,0.0,0.0,0.0
MMVAWWSLFLYGLQVAAPAL,20,0.0,0.0,0.0,0.0
MSSSKTVALFTLALASFKGAL,21,0.0,0.0,0.0,0.0
MAYSPLRTLVGLVAVFHFFIPAL,23,0.0,0.0,0.0,0.0
MAPTLSSANLILAFFALLTSSR,22,0.0,0.0,0.0,0.0
MNLIILLVLLLSGIYCLE,18,0.0,0.0,0.0,0.0
MNRLLKLAFLSLVASSAI,18,0.0,0.0,0.0,0.0
MHYIQYGIGCLLSLLLTGAK,20,0.0,0.0,0.0,0.0
MKWALFYLICLPVCW,15,0.0,0.0,0.0,0.0
MLTYRKSLIAALFLITFVVLLRSSH,25,0.0,0.0,0.0,0.0
MYREEKLTNAQMKLTAIATLAYGISTAS,28,0.0,0.0,0.0,0.0
MQLQNLILVGSLAAGAV,17,0.0,0.0,0.0,0.0
MTPLPGSNRAMLVALWLMFALLIEFSD,27,0.0,0.0,0.0,0.0
MQFTKSLLLLAALTTGSL,18,0.0,0.0,0.0,0.0
MSHEIDNTRSKRMLLLLYLTAFLFFLGENIQ,31,0.0,0.0,0.0,0.0
MVMRSLKFWASSLLCATLLRECH,23,0.0,0.0,0.0,0.0
MRWTFSFTSLFILWIFLFTNAL,22,0.0,0.0,0.0,0.0
MVSFSSILLACSAAIGALATPIEP,24,0.0,0.0,0.0,0.0
MSLSLCAPWRLLYAILLTIALVN,23,0.0,0.0,0.0,0.0
MANFKLFLALAACLSGQALAAPTKTIGK,28,0.0,0.0,0.0,0.0
MRFLQLLAVSLAAGMLPVR,19,0.0,0.0,0.0,0.0
MKDVPCVNPSIRIMMHFLSFCLSVASLVSYAG,32,0.0,0.0,0.0,0.0
MQFSVAAVLALATAVA,16,0.0,0.0,0.0,0.0
MKLFAILSSTVLASVALASPLTLER,25,0.0,0.0,0.0,0.0
MRLLHCALPLASLCAPGVL,19,0.0,0.0,0.0,0.0
MNLWLLTLWVTLVT,14,0.0,0.0,0.0,0.0
MYTFPLLLGILAATKDLAL,19,0.0,0.0,0.0,0.0
MKLFISSILSIGCLAKIAN,19,0.0,0.0,0.0,0.0
MTAFTILLGLAVPSLTAAN,19,0.0,0.0,0.0,0.0
MRLQATLLLLASCVPSAL,18,0.0,0.0,0.0,0.0
MRYFFPFAVAIMAFSAS,17,0.0,0.0,0.0,0.0
MVSGVFTKGVLLLGLLSGLAL,21,0.0,0.0,0.0,0.0
MRFTAASLVTLGLLASALAFPAPANSLGV,29,0.0,0.0,0.0,0.0
MLLRVFVRIFSLLLLARIAW,20,0.0,0.0,0.0,0.0
MRWCLSLLLFGFLAVVH,17,0.0,0.0,0.0,0.0
MHLTAALTLFLAAAQ,15,0.0,0.0,0.0,0.0
MPSKPNLIFLTLLASSNVL,19,0.0,0.0,0.0,0.0
MRTFQSSVSQWMAFLLMCLGLAN,23,0.0,0.0,0.0,0.0
MKANSFLIALLPTALAIPLPTPNE,24,0.0,0.0,0.0,0.0
MAGRSPTRLLFTLATPSLLVGY,22,0.0,0.0,0.0,0.0
MRSSGLSLLVGALLASASPLKTS,23,0.0,0.0,0.0,0.0
MKHFMHIGFAASLLTVCW,18,0.0,0.0,0.0,0.0
MPMPCRTQRYKYCFTVIVCLPYLHLTNFGYLKTNIIPHFSNPNHNSNMQLKSLFVVMAGLMAFAAAAP,68,0.0,0.0,0.0,0.0
MGFFHSALSFLMGAFSQTM,19,0.0,0.0,0.0,0.0
MKLSKILSIVLATLSVGVSSRPTTL,25,0.0,0.0,0.0,0.0
MQITKSLIATTVALYTSVVL,20,0.0,0.0,0.0,0.0
MHLSKLFTLSTSLFYVVA,18,0.0,0.0,0.0,0.0
MNLKLTTWKSGLGLLSFLFLTPTVV,25,0.0,0.0,0.0,0.0
MYDAKSLSALLVLLLAAGPASVVSVPVA,28,0.0,0.0,0.0,0.0
MADPWGMRSTFRPCLVLLAMLSTILQPGL,29,0.0,0.0,0.0,0.0
MKNLTFGVYLTALAGVGSAAPHF,23,0.0,0.0,0.0,0.0
MCFRLQTAERLLLLLLSAVGNVF,23,0.0,0.0,0.0,0.0
MKPQSFIFFALATGVL,16,0.0,0.0,0.0,0.0
MPTFLFLAALLSGAGVF,17,0.0,0.0,0.0,0.0
MKFQAPLAMLSLAGVAY,17,0.0,0.0,0.0,0.0
MKTTVFFALVLIFLFARPGG,20,0.0,0.0,0.0,0.0
MARLFSTPRRLAFALAAGLVLFSVLAV,27,0.0,0.0,0.0,0.0
MLLRLLQAFLGLWAIFPIAS,20,0.0,0.0,0.0,0.0
MKVLSPLASIALAQGTLCA,19,0.0,0.0,0.0,0.0
MHILTPPRLCTALTVLTSLIISSF,24,0.0,0.0,0.0,0.0
MLFNNPSTILVGALGCMSLLSQRAY,25,0.0,0.0,0.0,0.0
MLVTTVSLLALSAVAS,16,0.0,0.0,0.0,0.0
MSNALLGFWTTLLVAVLSS,19,0.0,0.0,0.0,0.0
MISSSRGKMAPSTFKNSLVSLAVHLLGVS,29,0.0,0.0,0.0,0.0
MQSKTFSVLSSCLLLIATVQ,20,0.0,0.0,0.0,0.0
MSFLLTRTSAVLGVGLGLSLSPLSPFR,27,0.0,0.0,0.0,0.0
MEIIIFHKYIMLSYSAGGPYKPDQPPRSKTFSHTASYKPPKKMKSLTIFLFSLLVLIATTA,61,0.0,0.0,0.0,0.0
MMSLIIVAMLLCAGLSS,17,0.0,0.0,0.0,0.0
MPLYSSYLGAFSVFALATLGE,21,0.0,0.0,0.0,0.0
MNLLSLLSLSAISAIAW,17,0.0,0.0,0.0,0.0
MHSTNIFNFFMLAVAAAS,18,0.0,0.0,0.0,0.0
MLFCVSSDEQEAMALFTTVLFSLFPTIVF,29,0.0,0.0,0.0,0.0
MRSVLLPLSLLPSVL,15,0.0,0.0,0.0,0.0
MKFLQRLLPLAVAFLPMTCAL,21,0.0,0.0,0.0,0.0
MNGRRLPGAFLRICLIVLLYGAEIAI,26,0.0,0.0,0.0,0.0
MHLRAAFLALCWAGVPAL,18,0.0,0.0,0.0,0.0
MTNMVSWKQTFIKVLVLGSAFEGGS,25,0.0,0.0,0.0,0.0
MLSKMYRWLVALTVCATQLVQ,21,0.0,0.0,0.0,0.0
MLSPLFFTAALAA,13,0.0,0.0,0.0,0.0
MVALSTLSGLSALPFLFSLVQNVY,24,0.0,0.0,0.0,0.0
MQLRSFLLGSAAVLGAN,17,0.0,0.0,0.0,0.0
MRLLPLLALLAYLVPCLFVL,20,0.0,0.0,0.0,0.0
MAYRTAIDSVLSATSSIHHHTNAATAVVYNKLARTAMHFNSVFSVLLSCGLAA,53,0.0,0.0,0.0,0.0
MHLFSTLLTLALLATAMAHAGPHDILS,27,0.0,0.0,0.0,0.0
MLSVYEGLLDMIALIIALLSGTPSL,25,0.0,0.0,0.0,0.0
MAPAMSLVTLAVASWSLVYGVT,22,0.0,0.0,0.0,0.0
MRGLRSLASLTILGLVN,17,0.0,0.0,0.0,0.0
MYSINLQTFLSFLLLALPVLSY,22,0.0,0.0,0.0,0.0
MILLSLESLTVFLAVSS,17,0.0,0.0,0.0,0.0
MRFQGVVPTALLAISCTDKAC,21,0.0,0.0,0.0,0.0
MLGITLMLHSTS,12,0.0,0.0,0.0,0.0
MGRDPFLPPKFQATLALLNIHCCNLLVNCEYFNRIAMRLFVGHFVLSFLLFSLNIGCAS,59,0.0,0.0,0.0,0.0
MKSLPLLTTLLLTLTTTPTTQ,21,0.0,0.0,0.0,0.0
MHNLMVALTLLSALVAGVF,19,0.0,0.0,0.0,0.0
MMSFTKFILFILSLLSVVS,19,0.0,0.0,0.0,0.0
MKFFNVLFFFYAALVVSVPTAINDAELDK,29,0.0,0.0,0.0,0.0
MNVLWALFACVWIQHAA,17,0.0,0.0,0.0,0.0
MIAYGLLTLIVSTAAV,16,0.0,0.0,0.0,0.0
MKSLTFPILLTLTSLAA,17,0.0,0.0,0.0,0.0
MFTLLFLLLGVICPTF,16,0.0,0.0,0.0,0.0
MIIFKPFLQALVATVLLTLSLGRASL,26,0.0,0.0,0.0,0.0
MYIKPFILPALAAVAQ,16,0.0,0.0,0.0,0.0
MGFSWYGVLVYVQLISSTIVY,21,0.0,0.0,0.0,0.0
MYLQSSLALVLLRAAVVH,18,0.0,0.0,0.0,0.0
MQTYFSTDFKTVLMCFISTIE,21,0.0,0.0,0.0,0.0
MTSLTSLITIVAFLPFAV,18,0.0,0.0,0.0,0.0
MKGWLQTFCLTALLAGRAL,19,0.0,0.0,0.0,0.0
MMLLNMRSIVCKALALVACATTVS,24,0.0,0.0,0.0,0.0
MRILEVGILAMSILCFVD,18,0.0,0.0,0.0,0.0
MKLSIVISVLATAVAAAPTPHGGHPK,26,0.0,0.0,0.0,0.0
MRPTLASFCVAAAELAINAAA,21,0.0,0.0,0.0,0.0
MFVRQLLGLLAVGTGLTT,18,0.0,0.0,0.0,0.0
MKVNPFLLGPLMSMATRTV,19,0.0,0.0,0.0,0.0
MVQFSSIVQCTLLATAAS,18,0.0,0.0,0.0,0.0
MKGALFFVFYCQVALDLCAVFSPPAQTRT,29,0.0,0.0,0.0,0.0
MKLLNIITLLSTTSLAVAGGLDT,23,0.0,0.0,0.0,0.0
MRVDRGMHHMVHLCIIGLALLACTL,25,0.0,0.0,0.0,0.0
MAFAQKLTHWICAVSALTLLLPAL,24,0.0,0.0,0.0,0.0
MKKPSQKENKTQIMTTMFRFLPFLALVTTSV,31,0.0,0.0,0.0,0.0
MGWFPTKLDSEESKWHFDILILLAVIGSSA,30,0.0,0.0,0.0,0.0
MAAFSYIIRLICIFMLLCHTH,21,0.0,0.0,0.0,0.0
MHLTYLCVLIQCLLLSPVG,19,0.0,0.0,0.0,0.0
MAPSHSFMLFLSVICTHLCSLVV,23,0.0,0.0,0.0,0.0
MHFAGIVAIALATGAT,16,0.0,0.0,0.0,0.0
MRINTLSLFSLVSLVPTLAL,20,0.0,0.0,0.0,0.0
MIWTLAPFVALLPLVT,16,0.0,0.0,0.0,0.0
MMFLGHLSLIAFGAWAVHPVV,21,0.0,0.0,0.0,0.0
MHHFIIIITLYLSALVA,17,0.0,0.0,0.0,0.0
MQFLIVAASFVAVATAIP,18,0.0,0.0,0.0,0.0
MRSLWLTALLPLAA,14,0.0,0.0,0.0,0.0
MKSPIYLLTALLPLTLPLVNATPTAE,26,0.0,0.0,0.0,0.0
MNQVLTILFLYLSALAVGL,19,0.0,0.0,0.0,0.0
MQFFRQLLAIGLVVTAAQ,18,0.0,0.0,0.0,0.0
MHFKAYILAAIATASTAL,18,0.0,0.0,0.0,0.0
MRSSLVLGVSRLILLVPLLSSTAS,24,0.0,0.0,0.0,0.0
MKLTRYLSLLTLVLTAN,17,0.0,0.0,0.0,0.0
MKASLITVIAALASSAM,17,0.0,0.0,0.0,0.0
MKLSIPLLSLLATSQVTLAAPAATVD,26,0.0,0.0,0.0,0.0
MVLLGAFLVLALLQPMAL,18,0.0,0.0,0.0,0.0
MTPLPKVSTLLALILPIT,18,0.0,0.0,0.0,0.0
MPLNTHIIILLVSVTSHCL,19,0.0,0.0,0.0,0.0
MKYASFIAAAAAALASAVS,19,0.0,0.0,0.0,0.0
MARLSIFCLAYFALTFLSYAN,21,0.0,0.0,0.0,0.0
MLFKSIVSTAILAAALCTDNVS,22,0.0,0.0,0.0,0.0
MGLVTQYSLLLAAAAGLPFSS,21,0.0,0.0,0.0,0.0
MRASLLFAALAPAVSI,16,0.0,0.0,0.0,0.0
MILYRRAALAAVFCLGAFTQPAI,23,0.0,0.0,0.0,0.0
MKFATTLLPLLAGASAFCIHSPVMR,25,0.0,0.0,0.0,0.0
MSKVYLTIIFTVLFLFQCVS,20,0.0,0.0,0.0,0.0
MKTTFAVIISVLTASISAAPLEA,23,0.0,0.0,0.0,0.0
MKLSIPLLSLLATSQVTLAAPAATVD,26,0.0,0.0,0.0,0.0
MKLLTVAFSLLLLGQVHASPLVLDK,25,0.0,0.0,0.0,0.0
MKFSIAAIALFTLSAVALPATVVR,24,0.0,0.0,0.0,0.0
MRQSSSFTAGLLSMASLASLTQ,22,0.0,0.0,0.0,0.0
MRPSTVIISILSAVNSYAQ,19,0.0,0.0,0.0,0.0
MSPFYTCQHLLRQSNYCLLILPLFVIVPFVH,31,0.0,0.0,0.0,0.0
MFNLGTAIVTALSLLMAGVANGAPAE,26,0.0,0.0,0.0,0.0
MVSRRLLSWRQLLLILHTLYGISV,24,0.0,0.0,0.0,0.0
MGLIRFYTSLALISASAFLVR,21,0.0,0.0,0.0,0.0
MFLLLIKLATYAAAVA,16,0.0,0.0,0.0,0.0
MKYAAVLTTVAALASRAL,18,0.0,0.0,0.0,0.0
MYCFKSSTIFAVLSLLSQAL,20,0.0,0.0,0.0,0.0
MLYHTVKSLVVALAFGATAAS,21,0.0,0.0,0.0,0.0
MKISVALGLISLAL,14,0.0,0.0,0.0,0.0
MKFALLSGVAAGLLPVVSAVSVSG,24,0.0,0.0,0.0,0.0
MKFTAISLLLAASTALASPVNV,22,0.0,0.0,0.0,0.0
MWSYFWHIAFTALLTLGRLTA,21,0.0,0.0,0.0,0.0
MKPTHAYLTAALISGALAAPGSTL,24,0.0,0.0,0.0,0.0
MLTIPGLFRLALLPIFALLLLQQKAL,26,0.0,0.0,0.0,0.0
MFLTVMQRSAILILSLLSATAL,22,0.0,0.0,0.0,0.0
MKSFNFLWLLAAGLITQVQ,19,0.0,0.0,0.0,0.0
MKTTMAFLFVLFASFVGAAPPVQ,23,0.0,0.0,0.0,0.0
MYRISIPLVLLLVQQTV,17,0.0,0.0,0.0,0.0
MKLNLIALFLFIFSFAAASPVAEPDEVDGLEA,32,0.0,0.0,0.0,0.0
MHTFTSRRLTAALLIIGTVLWFSCFRNGD,29,0.0,0.0,0.0,0.0
MYLSLRLVSLALCIAPLAS,19,0.0,0.0,0.0,0.0
MSMTRHCTPGMALYFVLVAICLFQVQAAV,29,0.0,0.0,0.0,0.0
MMSLLLPLIFVVLAA,15,0.0,0.0,0.0,0.0
MRLQILFVAHLWLIGCVA,18,0.0,0.0,0.0,0.0
MPLPRWRFRRLVVLASALAFVFICAVQWSH,30,0.0,0.0,0.0,0.0
MRFQHLTTALAVGVSAHLAQ,20,0.0,0.0,0.0,0.0
MLPIKSLFLVTHFLSFAT,18,0.0,0.0,0.0,0.0
MYTIISYATLFLFTFQVY,18,0.0,0.0,0.0,0.0
MQIISLSKLAILGLAGLAI,19,0.0,0.0,0.0,0.0
MLFPSFVLATLSLGAAVRSH,20,0.0,0.0,0.0,0.0
MGIRSSLTRFVPFIAYHHILMGVCTVAIILLSVLLA,36,0.0,0.0,0.0,0.0
MGFSSIIARLLLGTVAILSFVG,22,0.0,0.0,0.0,0.0
MHFFTILATLSGTAI,15,0.0,0.0,0.0,0.0
MRVLSITYVFAVLQVVK,17,0.0,0.0,0.0,0.0
MQFKLFVAPLLFALAMAAPSFEDGHLAK,28,0.0,0.0,0.0,0.0
MSHTMTKVFRACVVLTLFLLAN,22,0.0,0.0,0.0,0.0
MAWLMSLGFVHLVSLLSLGE,20,0.0,0.0,0.0,0.0
MRVLPATLLVGAAS,14,0.0,0.0,0.0,0.0
MVFTIAIYSIVLLLATISQSL,21,0.0,0.0,0.0,0.0
MQLTYKKLSQLAVCCGGDRLQFSLRMKATTASVLLALLSAVN,42,0.0,0.0,0.0,0.0
MSGFFSRKLLGAIALTFSFLNQAS,24,0.0,0.0,0.0,0.0
MLLRFLSLTGALCLSSCA,18,0.0,0.0,0.0,0.0
MAFNKRTFSIYSLLLAAPSLTT,22,0.0,0.0,0.0,0.0
MVHLKALASGTLFASLASSAVIS,23,0.0,0.0,0.0,0.0
MKTSTLCTIAFSATALAVPVSVTT,24,0.0,0.0,0.0,0.0
MRWLISTIWALAVGSSFAT,19,0.0,0.0,0.0,0.0
MKTSFLLAAIGFLYRLPCS,19,0.0,0.0,0.0,0.0
MTRYLSFLFLLILFGNSVF,19,0.0,0.0,0.0,0.0
MRGIVALSFLSVALGVT,17,0.0,0.0,0.0,0.0
MRLLLIAPLFSAVSYGAQ,18,0.0,0.0,0.0,0.0
MFGLGSLLSFFFVFATCLAHPGSLAN,26,0.0,0.0,0.0,0.0
MVSASQLLFCLPVLGALATPTDSTTAQ,27,0.0,0.0,0.0,0.0
MVQLKSFLLLLNVAIAR,17,0.0,0.0,0.0,0.0
MISHIAFFFASVLAASLGI,19,0.0,0.0,0.0,0.0
MKAASLAFISFLPSVL,16,0.0,0.0,0.0,0.0
MRPHVLLPFLLPLTT,15,0.0,0.0,0.0,0.0
MKLSWAVGAALLGTAV,16,0.0,0.0,0.0,0.0
MRCTLLFFCILCLAW,15,0.0,0.0,0.0,0.0
MRFSILALFALASAAL,16,0.0,0.0,0.0,0.0
MFGSPKRAALAAASLLAVFGNGPSVM,26,0.0,0.0,0.0,0.0
MYQKLLLVPLLLTSALASPHDASSHQKFHQLNE,33,0.0,0.0,0.0,0.0
MHYLTSQQLCATLLLLFLHAQTVW,24,0.0,0.0,0.0,0.0
MKPFTSIVLLAATVT,15,0.0,0.0,0.0,0.0
MKLSSIVALSGLLAVSE,17,0.0,0.0,0.0,0.0
MKFFLATLFASAVSSI,16,0.0,0.0,0.0,0.0
MQPQVTVPLYAAVLGLFCTAL,21,0.0,0.0,0.0,0.0
MIYRWLLLVSCLLLALLAQRGA,22,0.0,0.0,0.0,0.0
MHRLTSLLSLSLAIASGTK,19,0.0,0.0,0.0,0.0
MRGYEFLSVLPLVAASWALPGSTPASVGR,29,0.0,0.0,0.0,0.0
MARYITFAQFFLLFCLAA,18,0.0,0.0,0.0,0.0
MRSIFYLTLSAMASLAA,17,0.0,0.0,0.0,0.0
MRQHSRMAVAALAAGAN,17,0.0,0.0,0.0,0.0
MKLNLASLSFLASIAPLVS,19,0.0,0.0,0.0,0.0
MLSLRLSVISVCLAAVNVL,19,0.0,0.0,0.0,0.0
MKAPYFIAFLAAAVS,15,0.0,0.0,0.0,0.0
MKFTLAAASTFITAAL,16,0.0,0.0,0.0,0.0
MRMPRGGLLGAIVCLAGIGRVVE,23,0.0,0.0,0.0,0.0
MRLICSLPVVLPLFSTAL,18,0.0,0.0,0.0,0.0
MRFSVAAVFAAVAAGVV,17,0.0,0.0,0.0,0.0
MLSTMRLACLFLAIALCLVQLVL,23,0.0,0.0,0.0,0.0
MLPKICYFLFYLFLTLVAATPVALEE,26,0.0,0.0,0.0,0.0
MRSGFHKPGAIPFLALLVFSLLSLLSL,27,0.0,0.0,0.0,0.0
MVWKEIPMLPILLFPIVSTLIGSVL,25,0.0,0.0,0.0,0.0
MRATFILAAFAAVAA,15,0.0,0.0,0.0,0.0
MKIQTLCSLAAVGLAFAKPIHNLEE,25,0.0,0.0,0.0,0.0
MKFQTLFSLATVGLAFATPVHNLEA,25,0.0,0.0,0.0,0.0
MLSPQALFGALVLLSAPSAVV,21,0.0,0.0,0.0,0.0
MRSLSSIALLSVVGAAS,17,0.0,0.0,0.0,0.0
MKFFIPCIAAIFATGVLAAPTPDASLNVPLDK,32,0.0,0.0,0.0,0.0
MRGLRFIPVIASLGSVFIPQSL,22,0.0,0.0,0.0,0.0
MIKSTISTLLATAALVS,17,0.0,0.0,0.0,0.0
MKTERTVILPWLLSASLAL,19,0.0,0.0,0.0,0.0
MFSRIALLPAFLPVAL,16,0.0,0.0,0.0,0.0
MRTYSLFLLFVPLLFLLAHVQ,21,0.0,0.0,0.0,0.0
MKFSIAAVAGLLSAVS,16,0.0,0.0,0.0,0.0
MKISTTFLYTFLAITTLGVASPTGNNAVA,29,0.0,0.0,0.0,0.0
MHSLSLISLALLSPLLVN,18,0.0,0.0,0.0,0.0
MLPNLGILILPLLALPTS,18,0.0,0.0,0.0,0.0
MKIASISAILLLPNAAIGIPRSD,23,0.0,0.0,0.0,0.0
MSDTVQKLCLLLSLILAFSAQAH,23,0.0,0.0,0.0,0.0
MSFSKVAIVLLASLSLVA,18,0.0,0.0,0.0,0.0
MIWKALYVIAALLTKVW,17,0.0,0.0,0.0,0.0
MYHYFNVLCALLIGVAQGTPLLGSPTHHA,29,0.0,0.0,0.0,0.0
MVFLDLYVLHSSVSLPPIPSTTVVSSHSILAFLIYSVQGTMRSSVLLLSTLAGSAL,56,0.0,0.0,0.0,0.0
MLNIMTRRVLSATLFILQCAS,21,0.0,0.0,0.0,0.0
MKFSVLSILTLGLTAGALAAPANME,25,0.0,0.0,0.0,0.0
MLCALLLSAGMLVGPVA,17,0.0,0.0,0.0,0.0
MKPILLAVPLLLSYTA,16,0.0,0.0,0.0,0.0
MFGTPLLLLLPLTTSVL,17,0.0,0.0,0.0,0.0
MILSTVLSLAAGVA,14,0.0,0.0,0.0,0.0
MPSFIYTFAINALLAGALVAQIAN,24,0.0,0.0,0.0,0.0
MQFSRTLGFLSFLSLALSVPTDTHTHHL,28,0.0,0.0,0.0,0.0
MFQHLLTAVGILSVATD,17,0.0,0.0,0.0,0.0
MGSFMVRVLGFSGPINLCFPKLVLLAFLSFSNVAR,35,0.0,0.0,0.0,0.0
MKTTFLTLLVLFVGLVV,17,0.0,0.0,0.0,0.0
MAILFKLSLPIWALAVVQ,18,0.0,0.0,0.0,0.0
MKWTAILIALSAVSTQALES,20,0.0,0.0,0.0,0.0
MRFTTVFAMLAAAMGVV,17,0.0,0.0,0.0,0.0
MLSLAFLVYATGTLAA,16,0.0,0.0,0.0,0.0
MLLHLLFGLSVAVGLSA,17,0.0,0.0,0.0,0.0
MILSLYFGLATITASLAS,18,0.0,0.0,0.0,0.0
MKEVLACLYVPTIFSCPGCRKLRNSAKMRYHIVYALTAAASLSA,44,0.0,0.0,0.0,0.0
MQLTKAILALALVVSPILAAPTEVGEGSVNTNVEA,35,0.0,0.0,0.0,0.0
MLIFVALCCFACTVS,15,0.0,0.0,0.0,0.0
MVHLSRALAALSFSASALALPALSSRAQ,28,0.0,0.0,0.0,0.0
MPGPWSTKLYLLGYLQIAPAL,21,0.0,0.0,0.0,0.0
MISHVFFAWYLLLLSIFDGGVV,22,0.0,0.0,0.0,0.0
MYYLKIIFAALTVTTAI,17,0.0,0.0,0.0,0.0
MRFQYLFLTLGATLSAA,17,0.0,0.0,0.0,0.0
MRPRFSATLILLLGMMGNFGSLLE,24,0.0,0.0,0.0,0.0
MRAFIILPLVTSILAAPTQTLVR,23,0.0,0.0,0.0,0.0
MASIAHLVVSGLLAATAVN,19,0.0,0.0,0.0,0.0
MWHRNNFGVLLISLLLLRVH,20,0.0,0.0,0.0,0.0
MLFPTLVVTAAFAGGTL,17,0.0,0.0,0.0,0.0
MRYLFLIILVAFAALTTAVP,20,0.0,0.0,0.0,0.0
MALNMYFQSLAVASLFCLLAIVR,23,0.0,0.0,0.0,0.0
MQLTLLTTLLVATSALAA,18,0.0,0.0,0.0,0.0
MQFTSFKALAIFAASFFAFSAA,22,0.0,0.0,0.0,0.0
MRLTISAAVLPSLLLLPCFLGDAL,24,0.0,0.0,0.0,0.0
MYFANTLSIFLASVTFYHQCA,21,0.0,0.0,0.0,0.0
MRFNTIVALSALSTMAH,17,0.0,0.0,0.0,0.0
MQFKIFTVLLAIGLPLAL,18,0.0,0.0,0.0,0.0
MREDKSSKKPKMLSSVLLVLFSAAVG,26,0.0,0.0,0.0,0.0
MRSFALLPVLCLLVLLGMVS,20,0.0,0.0,0.0,0.0
MACHYQKLLWVALTLGVSVSALPGSSKAT,29,0.0,0.0,0.0,0.0
MKVYLWTVAATATLSS,16,0.0,0.0,0.0,0.0
MINLPQLIWFLCPTVALCNQHVRTIT,26,0.0,0.0,0.0,0.0
MKSSVSALALLFLGAPQFSL,20,0.0,0.0,0.0,0.0
MRVLDIAYLGLAALGLAR,18,0.0,0.0,0.0,0.0
MVSRQILGVLALALLCLFQSCG,22,0.0,0.0,0.0,0.0
MAGLTLPVVLLRAFLLLFVLHVPSIT,26,0.0,0.0,0.0,0.0
MKATILATIALAACSAASPLGSAPHA,26,0.0,0.0,0.0,0.0
MISGIGPVASWRLSVIVAAVLTCLVH,26,0.0,0.0,0.0,0.0
MRASLLACSLLSLFSIPTLASPSDKVLES,29,0.0,0.0,0.0,0.0
MVKASNSVRIAYRCWLCISEGGLVL,25,0.0,0.0,0.0,0.0
MNLRLLTLALAAVAAASPVDIQE,23,0.0,0.0,0.0,0.0
MRVTAILTLATIAIASPTKVLNSRNELAR,29,0.0,0.0,0.0,0.0
MGPIQDPSFFPFSFSSLPLLLLLLSALSTTIL,32,0.0,0.0,0.0,0.0
MSVLRAVTAFFIWLGLVQ,18,0.0,0.0,0.0,0.0
MKVTRLAVLNTLATLTV,17,0.0,0.0,0.0,0.0
MRLLLPFLVLPLATL,15,0.0,0.0,0.0,0.0
MRRPSLWVALGALASEVL,18,0.0,0.0,0.0,0.0
MPGQRWLNRILRGLAFSYVVMLQGGDCT,28,0.0,0.0,0.0,0.0
MSTLISSYLLGLVACAAAAPAAS,23,0.0,0.0,0.0,0.0
MMIISQMALLLFSTFLAGPVA,21,0.0,0.0,0.0,0.0
MHMLLFIGALALPVFVC,17,0.0,0.0,0.0,0.0
MKLLSVTFAALLGLTQLGV,19,0.0,0.0,0.0,0.0
MHSRSLGIVLIRLLCIFRDSP,21,0.0,0.0,0.0,0.0
MKSFLGIALLVGLPFCL,17,0.0,0.0,0.0,0.0
MALLAKASSLACLLVLAFLALASISH,26,0.0,0.0,0.0,0.0
MATFSPIPAYVLGTLTLALGCNAV,24,0.0,0.0,0.0,0.0
MQSLITLLALPASTL,15,0.0,0.0,0.0,0.0
MKFQWASGLLLGAATVD,17,0.0,0.0,0.0,0.0
MYSRNQVLAALATVGITSVN,20,0.0,0.0,0.0,0.0
MRLSEILAVALVTGAT,16,0.0,0.0,0.0,0.0
MGSLCRLVAVSASLFAVAT,19,0.0,0.0,0.0,0.0
MASKKQIIPILLLTAIQASAAPAPQ,25,0.0,0.0,0.0,0.0
MLAKFSLLSLLLTSTAC,17,0.0,0.0,0.0,0.0
MKFSAVLSTLMVAGLVAAAP,20,0.0,0.0,0.0,0.0
MLLLRSVRAHQLLQLVSFLLFTLVY,25,0.0,0.0,0.0,0.0
MVRLSTFIATILSSTAL,17,0.0,0.0,0.0,0.0
MKPSFVSLLSLACLGAAS,18,0.0,0.0,0.0,0.0
MVMLRSLLVSALAALAAGSPIAEPADQSLEA,31,0.0,0.0,0.0,0.0
MMYSKLLTLTTLLLPTALALPSLVE,25,0.0,0.0,0.0,0.0
MAPSQPFRVSATVLLSLMAVQTGVH,25,0.0,0.0,0.0,0.0
MLTQLLLLGLAGLVCVK,17,0.0,0.0,0.0,0.0
MIFARLMRFSLLSLAWAFQAA,21,0.0,0.0,0.0,0.0
MAWLYNVFGLLLLTGLCVQPSL,22,0.0,0.0,0.0,0.0
MLSVYVLRILSCLLLLFQVAQ,21,0.0,0.0,0.0,0.0
MTRNQTHRLLISSNTPPILQAVRYSIIHIKICHKSITMQLSIFTVILPSLVAFASAAPSEK,61,0.0,0.0,0.0,0.0
MWQKASHAAIAAASLFASLAS,21,0.0,0.0,0.0,0.0
MASLSLSKICRNALILSSVLSTAQ,24,0.0,0.0,0.0,0.0
MFRSLLTLTKLAS,13,0.0,0.0,0.0,0.0
MRFTATAAALVASSIPATL,19,0.0,0.0,0.0,0.0
MIVLSLFPLFLLVALSSLTY,20,0.0,0.0,0.0,0.0
MPSLRRLLPFLAAGSAAL,18,0.0,0.0,0.0,0.0
MTRSTTSLAKYIHAIRDSPRGIYNHNLAVVVVSFALC,37,0.0,0.0,0.0,0.0
MKYTLGLLALAGTAL,15,0.0,0.0,0.0,0.0
MRPITAFTALCGFLLSSSSLVC,22,0.0,0.0,0.0,0.0
MKLFTFIIALFYIISSAC,18,0.0,0.0,0.0,0.0
MIMAFDEVVTVILVVLSILLYGTCSTA,27,0.0,0.0,0.0,0.0
MLLRTVLWLCFLLVAPSE,18,0.0,0.0,0.0,0.0
MIFLRSFVLSLALSPLLAS,19,0.0,0.0,0.0,0.0
MAVTMLLVIALSSLSVVL,18,0.0,0.0,0.0,0.0
MKSTALRLVVFAVLCVLAT,19,0.0,0.0,0.0,0.0
MRLLSFIYLVWLALLTGTPQVS,22,0.0,0.0,0.0,0.0
MNAFVTLLVALFLGYQVS,18,0.0,0.0,0.0,0.0
MKMMGSGIAALGLMTIVNTMSAM,23,0.0,0.0,0.0,0.0
MRFFQIASIVAYAATSL,17,0.0,0.0,0.0,0.0
MRIQSIALFLGLCTAVL,17,0.0,0.0,0.0,0.0
MYTSIYFILNTLLASNLASQTY,22,0.0,0.0,0.0,0.0
MHFPLTLLTTLTTTLLFLPTLTP,23,0.0,0.0,0.0,0.0
MTRGFLAVFGTLLLSMGAL,19,0.0,0.0,0.0,0.0
MFSSLRGSQRTTHFWLRALIYWTFVSSLVC,30,0.0,0.0,0.0,0.0
MKIKPFVLGIASVLSSLVDALPSAG,25,0.0,0.0,0.0,0.0
MKVFTPIFVLMALATSQAIAAPAAEAESLEA,31,0.0,0.0,0.0,0.0
MDHRGSFFFFLVVFYLLLSSQ,21,0.0,0.0,0.0,0.0
MVLKYIFWLWMAATAVV,17,0.0,0.0,0.0,0.0
MKLIWPTSLLFTALVA,16,0.0,0.0,0.0,0.0
MLVMQLLLPFLASTAAAAA,19,0.0,0.0,0.0,0.0
MWRRTYLLLLVIRVYF,16,0.0,0.0,0.0,0.0
MGVIWDLLERAACLAVTAVALLEGRAG,27,0.0,0.0,0.0,0.0
MGLKWASVLLLIGLSK,16,0.0,0.0,0.0,0.0
MLRRIQSLASIILLLSLICPVY,22,0.0,0.0,0.0,0.0
MCFSRVRLLLLFLLASLLLFLTSPLAT,27,0.0,0.0,0.0,0.0
MSLLSSAWAAVTVGLCVAIALLSGRSAH,28,0.0,0.0,0.0,0.0
MRLLNHLLPVVPLLQTAS,18,0.0,0.0,0.0,0.0
MKLTQFASILTAGFVAAAQ,19,0.0,0.0,0.0,0.0
MFSQPFLFAFLSAGAAW,17,0.0,0.0,0.0,0.0
MVKANGLLALLVGISAYHVE,20,0.0,0.0,0.0,0.0
MRSSIALLAATAGTTL,16,0.0,0.0,0.0,0.0
MKLSIVLLGTVLGTAL,16,0.0,0.0,0.0,0.0
MRFVSLAVGAALLGAAG,17,0.0,0.0,0.0,0.0
MQLSKIFQTIALLGASVPAL,20,0.0,0.0,0.0,0.0
MRLNRHVALLGLLHATGGAVYGSPAPAL,28,0.0,0.0,0.0,0.0
MHLTKPCHLIFFHCSTAT,18,0.0,0.0,0.0,0.0
MVSFSSLLLAVSAVSGALAAPGDSTLVELAK,31,0.0,0.0,0.0,0.0
MHLTSLIVTAGVVAAAPSFSR,21,0.0,0.0,0.0,0.0
MKLSGSSALLLLGFGLLGH,19,0.0,0.0,0.0,0.0
MYISKGLFLLSTPFALGGLAA,21,0.0,0.0,0.0,0.0
MHSKLPRFSILLQTALTLLLTVTHTL,26,0.0,0.0,0.0,0.0
MQFSLSFAAFIALSGQTL,18,0.0,0.0,0.0,0.0
MKNFFSMHAILLACSAGAGL,20,0.0,0.0,0.0,0.0
MVHLKSLAGILLYTSLCIASSQQAP,25,0.0,0.0,0.0,0.0
MKNLLPVISFAVLTA,15,0.0,0.0,0.0,0.0
MRSLVFTAVSCLPAIIA,17,0.0,0.0,0.0,0.0
MVIPAWAAAAWTSLTTALILPGIPGAA,27,0.0,0.0,0.0,0.0
MRLIGAVEEASLTMKTFFFLLWGLACFAS,29,0.0,0.0,0.0,0.0
MMRLLCLLVFVLQDATH,17,0.0,0.0,0.0,0.0
MYTFFTLSLLMTLTPHVL,18,0.0,0.0,0.0,0.0
MLRPGLLEVVLLLASPLLLQVK,22,0.0,0.0,0.0,0.0
MKGLQNGIPIAMLAAMAS,18,0.0,0.0,0.0,0.0
MRLPWSAWLLSPALLAVACY,20,0.0,0.0,0.0,0.0
MVLLHPLLTAAALLGASAR,19,0.0,0.0,0.0,0.0
MHRFSLITATLALASTVS,18,0.0,0.0,0.0,0.0
MHHLGKVLTAFAACAGLGVAAPSSAQITP,29,0.0,0.0,0.0,0.0
MRSSIQPTSLLLALTALDLAA,21,0.0,0.0,0.0,0.0
MSLGYRPNMQSYSLITILGLASATLII,27,0.0,0.0,0.0,0.0
MPVNMSYRLTWMFLLVVVVGSAL,23,0.0,0.0,0.0,0.0
MRTPWCAVLALLAGVQ,16,0.0,0.0,0.0,0.0
MYLRGILSALAVLPFGIA,18,0.0,0.0,0.0,0.0
MAWKSTFLLTSLLVGSYATPLALHNHA,27,0.0,0.0,0.0,0.0
MPHPVLLLLIALHWCLIHTL,20,0.0,0.0,0.0,0.0
MARLSLLLAPLFAVLPLVSAFPAQLPA,27,0.0,0.0,0.0,0.0
MTLSSMFVAITLNLLSTLCQKTI,23,0.0,0.0,0.0,0.0
MTLRNPILATFVAVSTLLSVCH,22,0.0,0.0,0.0,0.0
MKWAFSSAVLALFATTVK,18,0.0,0.0,0.0,0.0
MRTIIVSLFVVVLAS,15,0.0,0.0,0.0,0.0
MKSYLYHAVLLLTAPLVT,18,0.0,0.0,0.0,0.0
MHLLHTILFLLPLASLAVPSAPSSNLNK,28,0.0,0.0,0.0,0.0
MRESLQAFIFSMLLLGCNIAPAH,23,0.0,0.0,0.0,0.0
MKSPFVGWMLSIILLTPFAATN,22,0.0,0.0,0.0,0.0
MQPLRLLALTAILKGAW,17,0.0,0.0,0.0,0.0
MRFIQLLPILPALAA,15,0.0,0.0,0.0,0.0
MRSLVPFPKVIALVTTTTALYSHCL,25,0.0,0.0,0.0,0.0
MRFLRFLLAAPLALAASIPR,20,0.0,0.0,0.0,0.0
MLATVFLIVASALTAN,16,0.0,0.0,0.0,0.0
MMELRCLWCPQWALWLLFVSYSC,23,0.0,0.0,0.0,0.0
MKNLWLWRFLPLAFLLLQALAVE,23,0.0,0.0,0.0,0.0
MHPLLLLLYSTLAL,14,0.0,0.0,0.0,0.0
MQWTWALITALATATS,16,0.0,0.0,0.0,0.0
MKAFTFLGAAALFFSPAL,18,0.0,0.0,0.0,0.0
MHTSTLLLVLSSLGAQAIPLLRPKANDILAR,31,0.0,0.0,0.0,0.0
MKLNFASGLVLALATVEAVG,20,0.0,0.0,0.0,0.0
MSHLLFCLSLVGLSS,15,0.0,0.0,0.0,0.0
MRLSFTVLTAALQAAVST,18,0.0,0.0,0.0,0.0
MRVSSLSFLLYSLSLLAAVS,20,0.0,0.0,0.0,0.0
MFLAVLVLAAMVP,13,0.0,0.0,0.0,0.0
MYTPSIIQGLLLAITLVSSSS,21,0.0,0.0,0.0,0.0
MFIKLLNKALLVLGLLSAGTQ,21,0.0,0.0,0.0,0.0
MKVTYFASILTAGLASVN,18,0.0,0.0,0.0,0.0
MKFTGLIASLAAVSAAS,17,0.0,0.0,0.0,0.0
MPSPSSLLRTLCAIALLGLTA,21,0.0,0.0,0.0,0.0
MQRRKCGDRLTRIMVCGIVLVALSLALGAS,30,0.0,0.0,0.0,0.0
MNMKVFAILSGLFATSVV,18,0.0,0.0,0.0,0.0
MKFLTPLVLSSLASAAALNR,20,0.0,0.0,0.0,0.0
MLPVHIILAGLLSPVVT,17,0.0,0.0,0.0,0.0
MWISTSRWLPCLYGLVFAVGAL,22,0.0,0.0,0.0,0.0
MRFSIFGALTALAALAT,17,0.0,0.0,0.0,0.0
MAPFQLTLSLLLAVITASAN,20,0.0,0.0,0.0,0.0
MAAFAMLLLALSLLMGSFGSCAL,23,0.0,0.0,0.0,0.0
MMLSKSYARGLLAVLLLVSPAL,22,0.0,0.0,0.0,0.0
MLGLISLVLAASRLTT,16,0.0,0.0,0.0,0.0
MKFSVISILAVAFLTVGPAG,20,0.0,0.0,0.0,0.0
MSMLLGVTLAMLLGSRPAR,19,0.0,0.0,0.0,0.0
MRVSSLALALCASVAM,16,0.0,0.0,0.0,0.0
MPPYKHLCAVVALAALLIPGSR,22,0.0,0.0,0.0,0.0
MHLTKFLLLSAATLAVAH,18,0.0,0.0,0.0,0.0
MKSSTFGMLALAAAAKLVS,19,0.0,0.0,0.0,0.0
MQLLLLVVLLVGACPAQ,17,0.0,0.0,0.0,0.0
MKFAYILSALASTAV,15,0.0,0.0,0.0,0.0
MKLFYLAGPFIWSLAS,16,0.0,0.0,0.0,0.0
MVQGVNWLNGGALVYLGVQLLRTVK,25,0.0,0.0,0.0,0.0
MRHQTFTPIFLIFLIICTISIAS,23,0.0,0.0,0.0,0.0
MPSAAKVFYLAVFAFLRLTN,20,0.0,0.0,0.0,0.0
MHLKTLLLTLALTTPTLIH,19,0.0,0.0,0.0,0.0
MKFRLNAIVRASESRTMQISNMCPRRRTQLPSLRQLLLTVIAVPSVV,47,0.0,0.0,0.0,0.0
MKLNLIALTSLVALTA,16,0.0,0.0,0.0,0.0
MGVNFKVLALSALATISHASPLLYP,25,0.0,0.0,0.0,0.0
MQDMVFALPLITASWVGVTAASSAR,25,0.0,0.0,0.0,0.0
MRPLTLLPLLSNAY,14,0.0,0.0,0.0,0.0
MHFQALPILAAMLALPALIM,20,0.0,0.0,0.0,0.0
MKFTTVAAILAFAYAAAAA,19,0.0,0.0,0.0,0.0
MRWRLPGARSTLPASVALLLLPVLVA,26,0.0,0.0,0.0,0.0
MVALISFLLLSTVTAIPAPISLTT,24,0.0,0.0,0.0,0.0
MVNMLRGLFVASLAASVVH,19,0.0,0.0,0.0,0.0
MKFLSVILLTTTAGLAS,17,0.0,0.0,0.0,0.0
MRRAGLASFVLQSLVLHTN,19,0.0,0.0,0.0,0.0
MIVLNLLRAWIAHESLLKVTIFGLLLQLSF,30,0.0,0.0,0.0,0.0
MPGAASIVAVLAALLPTAL,19,0.0,0.0,0.0,0.0
MLPKAVLLSLLASMAL,16,0.0,0.0,0.0,0.0
MLHRKGRGIGPFLGFLDPSLATPPKYLLISVAEHIEKMLARYFSLSLLATAVS,53,0.0,0.0,0.0,0.0
MLFSLAFLSALSLATASPAG,20,0.0,0.0,0.0,0.0
MQFTTIINVALLVAGSL,17,0.0,0.0,0.0,0.0
MGLFLTALGALSSVNVLYSRGRMPLKHLATLLCALSPTVAL,41,0.0,0.0,0.0,0.0
MHLQATLAVGLSLLGLTL,18,0.0,0.0,0.0,0.0
MRIFSSIFAVANVLSLSTGRVIP,23,0.0,0.0,0.0,0.0
MRSVSLFLWGLAPLLAS,17,0.0,0.0,0.0,0.0
MKSILYYTSCFIAVLGTVN,19,0.0,0.0,0.0,0.0
MGRQTPVYRAAQTCILGLVLLSFAS,25,0.0,0.0,0.0,0.0
MILPQGLLFFVSLAACSTAVV,21,0.0,0.0,0.0,0.0
MKISYASIMVLLSMTALAIPNPEAY,25,0.0,0.0,0.0,0.0
MNLRAAGLRKARRQRSFTWLLLLIAVLMLAQISL,34,0.0,0.0,0.0,0.0
MRREYIAVLCAQLTTFALGSHQA,23,0.0,0.0,0.0,0.0
MVCLLAVNSFSLGTIM,16,0.0,0.0,0.0,0.0
MRRRHSKWVMVILHSMLITQVCRPFCL,27,0.0,0.0,0.0,0.0
MAGVVLFTLYLYTLTQYAL,19,0.0,0.0,0.0,0.0
MFAKLAFVLLAIEAS,15,0.0,0.0,0.0,0.0
MHGIFQIQHYPLQDYLLLTDLLRCCLRRQGLTNPSSSTMQFTYTAIALALATTIS,55,0.0,0.0,0.0,0.0
MIRTISLVGAWLIASGATLVQ,21,0.0,0.0,0.0,0.0
MNMKGYMTKHRPLLKLMAFKLVVGLVLLEKVN,32,0.0,0.0,0.0,0.0
MHFTSLLLLLGAPCVS,16,0.0,0.0,0.0,0.0
MIASRALRHSSFIALVACLLQLSS,24,0.0,0.0,0.0,0.0
MYSSLLLTLLATSTKHVL,18,0.0,0.0,0.0,0.0
MLLISILSILTFLCSAPVS,19,0.0,0.0,0.0,0.0
MRQIFILIALFLAGFAASQGAAGSAQ,26,0.0,0.0,0.0,0.0
MRNPSLFRPATAGLSTALYLGSLLQLSPAS,30,0.0,0.0,0.0,0.0
MRYPHFILLCTLSPLAL,17,0.0,0.0,0.0,0.0
MKFAVATLAAAALTPLAA,18,0.0,0.0,0.0,0.0
MPALLRKLCIVAAVDGLILQVPGN,24,0.0,0.0,0.0,0.0
MHFTFSICSSLLLVTGTIKSAF,22,0.0,0.0,0.0,0.0
MYLSPLKALVCLASFAVVS,19,0.0,0.0,0.0,0.0
MNTRFLLTIFIITSSLFFCSD,21,0.0,0.0,0.0,0.0
MRWIIPNLLAALAVSSLFSSVI,22,0.0,0.0,0.0,0.0
MKSSLFCILSSIVAANATSVPSFLA,25,0.0,0.0,0.0,0.0
MKNVVEAYFKAIKTIKPATTAIAIFFSSVTGGI,33,0.0,0.0,0.0,0.0
MLLIPLIHLAIGATIAH,17,0.0,0.0,0.0,0.0
MKFTGLAIVSLIGCAA,16,0.0,0.0,0.0,0.0
MKPYSLLSSLAILGPAALTV,20,0.0,0.0,0.0,0.0
MKLHSSVYTGPLLAALLHCGVAS,23,0.0,0.0,0.0,0.0
MWGSTAMRKPGAIAALLLFIEWHCRPIN,28,0.0,0.0,0.0,0.0
MNTLTVIITLASLWLSRAL,19,0.0,0.0,0.0,0.0
MQWKSFLLFVAIADLGL,17,0.0,0.0,0.0,0.0
MKLSSIVAGASLFASSVI,18,0.0,0.0,0.0,0.0
MKWLICVLVVLLLSLQVK,18,0.0,0.0,0.0,0.0
MVSSLTLITLLLGGWGAEVA,20,0.0,0.0,0.0,0.0
MQFKALLSALLLAFLSAPLVT,21,0.0,0.0,0.0,0.0
MRQSIILSLLLPCHSL,16,0.0,0.0,0.0,0.0
MGTSQPTLRSILGILFLCLIQISA,24,0.0,0.0,0.0,0.0
MRSIVLSALAAGFAQ,15,0.0,0.0,0.0,0.0
MRFSATTIALFAGLAA,16,0.0,0.0,0.0,0.0
MKSLATSLLGFLLLLSAPHASVY,23,0.0,0.0,0.0,0.0
MRFSTVVSALLLSSTSL,17,0.0,0.0,0.0,0.0
MKVFGWISAAFFASTVL,17,0.0,0.0,0.0,0.0
MHTSRILHSAISILTLLAQVQRSA,24,0.0,0.0,0.0,0.0
MQFKTLPFLILAATAL,16,0.0,0.0,0.0,0.0
MRWLSTPLVAVSLSLGLSAISH,22,0.0,0.0,0.0,0.0
MYGKSLILATTLLGTHSR,18,0.0,0.0,0.0,0.0
MFSFLKNTLVPLLLLSQAGPGA,22,0.0,0.0,0.0,0.0
MMTKLWMIFGCMAAAFSTAT,20,0.0,0.0,0.0,0.0
MHVLSIILPLYLALPTTAGSLKP,23,0.0,0.0,0.0,0.0
MTLYHSWLGLLYLLCLVQWVS,21,0.0,0.0,0.0,0.0
MSPYFGLLRALPFLLTLFASLAS,23,0.0,0.0,0.0,0.0
MNTLTCVGLLFLFLSFIG,18,0.0,0.0,0.0,0.0
MRIPAGLSSIILSSALLPSLSA,22,0.0,0.0,0.0,0.0
MAPKLRHASPRLFTSSPVLSVLIVPFLLFFLAFPAPAA,38,0.0,0.0,0.0,0.0
MLRLIDMIKFWCLALGAAYFTN,22,0.0,0.0,0.0,0.0
MRLLISCPTQPLAPLLLGLMTAAT,24,0.0,0.0,0.0,0.0
MKFSNAAALGLVGCAL,16,0.0,0.0,0.0,0.0
MLRNYIISLACLLGMVQ,17,0.0,0.0,0.0,0.0
MRGGSKIAVVVQVKHCYYYYQINRYIPSRQRTMKLNLGLILIIPQATTILST,52,0.0,0.0,0.0,0.0
MTLSCYIMAMVMTILMLSYLAD,22,0.0,0.0,0.0,0.0
MVKGTIALLALAGPVL,16,0.0,0.0,0.0,0.0
MFSSISRGFAKSETGDTFSFSFKSSWLLSLLVLWGPPLTT,40,0.0,0.0,0.0,0.0
MAGNFKDKMARFIPMIGYHHVLMIIIAVTIILLSLLLA,38,0.0,0.0,0.0,0.0
MALLGRLVLLGSVLQLAHLGS,21,0.0,0.0,0.0,0.0
MLITKTAFLAFLLSSVPLAH,20,0.0,0.0,0.0,0.0
MRPILLVYTLLASLTPLAL,19,0.0,0.0,0.0,0.0
MRLFPLGFAAMAY,13,0.0,0.0,0.0,0.0
MKLLNSWLMASAISTVAARPWPR,23,0.0,0.0,0.0,0.0
MKFRNLFFAAVAGSAVAAPLAKEQKK,26,0.0,0.0,0.0,0.0
MRSKLPVQLYLATLLSLSVSAAV,23,0.0,0.0,0.0,0.0
MARVTFAGLVYGRPPLLFLISVISAMTMPNHAF,33,0.0,0.0,0.0,0.0
MALIWLIILAFTWIID,16,0.0,0.0,0.0,0.0
MAWLQILGLVLSGLTH,16,0.0,0.0,0.0,0.0
MATTLYLFLHLVLFSAYHGLTY,22,0.0,0.0,0.0,0.0
MPKKTSKEGRRRYLPKSINLNLNMKLSGRLSARYISTLCLFVTGIY,46,0.0,0.0,0.0,0.0
MRLFTLPIAILLCFFQTIL,19,0.0,0.0,0.0,0.0
MRLTPSLISCLSLLHFTS,18,0.0,0.0,0.0,0.0
MGGAFALTLIMVFFWMPESAY,21,0.0,0.0,0.0,0.0
MPIFSTSILSSSNKMYRAWIIISLILSVFAI,31,0.0,0.0,0.0,0.0
MWLQLRFLRSCSLLLLINLVVICGFAD,27,0.0,0.0,0.0,0.0
MVKSLLVSGLFAATAL,16,0.0,0.0,0.0,0.0
MVSKPLLTQLLLLFSIFGSGSL,22,0.0,0.0,0.0,0.0
MLTTIICLSALWVAGN,16,0.0,0.0,0.0,0.0
MFVSKLIFAALAATTAIAHPGPDHAVP,27,0.0,0.0,0.0,0.0
MVQLASTLTLGLASIASIVS,20,0.0,0.0,0.0,0.0
MRPLSTVSALAWLGGFQALPVN,22,0.0,0.0,0.0,0.0
MRAPHLFMAALAANLAT,17,0.0,0.0,0.0,0.0
MLVVPLLAWALGPAPLAVQ,19,0.0,0.0,0.0,0.0
MRVMIRLLPLLAAGGILPTW,20,0.0,0.0,0.0,0.0
MRASLPFLTALGCIPAAL,18,0.0,0.0,0.0,0.0
MSIYTYIYPLLLLLNQSQ,18,0.0,0.0,0.0,0.0
MHQRALLFSAFWTAVQ,16,0.0,0.0,0.0,0.0
MVPASQLSCNRVGLLCLLFIMASRFPRSN,29,0.0,0.0,0.0,0.0
MSHFPTLHILILVIANLQIQCF,22,0.0,0.0,0.0,0.0
MHGSLLKLALLSFSLGSSAAVLP,23,0.0,0.0,0.0,0.0
MISLNSIFLLSLVGLSRAAPSRSETSPDRTIKP,33,0.0,0.0,0.0,0.0
MKVSLWLTLLGVNLSLAL,18,0.0,0.0,0.0,0.0
MKAVLSLTALQLLASYVT,18,0.0,0.0,0.0,0.0
MSPSPRSLLAPLLLATCVS,19,0.0,0.0,0.0,0.0
MLWWLCVALLLVHHSL,16,0.0,0.0,0.0,0.0
MLFIKAIALTGLAVSQVS,18,0.0,0.0,0.0,0.0
MLISSVSLLLASAGLSQALPHAGTK,25,0.0,0.0,0.0,0.0
MIVRPSAIHLLLVSTISMVA,20,0.0,0.0,0.0,0.0
MRTLALLAIPFLSSAIPLHQ,20,0.0,0.0,0.0,0.0
MRVINLLQTWSVGGSLIVFGLWFQ,24,0.0,0.0,0.0,0.0
MLLAIVSTLALAGPAF,16,0.0,0.0,0.0,0.0
MRFLLSFLITLSIACGVL,18,0.0,0.0,0.0,0.0
MASGTNMGFNALLIICLVLVVLPSQVH,27,0.0,0.0,0.0,0.0
MLRKRFLLPLLAACGAAVEISV,22,0.0,0.0,0.0,0.0
MLCILLYLLWTGAV,14,0.0,0.0,0.0,0.0
MLGIKILPVLLFGAIAQ,17,0.0,0.0,0.0,0.0
MRFSPGLLCLIGGLLPAIVS,20,0.0,0.0,0.0,0.0
MQLKQLVLPALALSGSALGSPTPAK,25,0.0,0.0,0.0,0.0
MGFPSDSLLLVLSLVLNCSW,20,0.0,0.0,0.0,0.0
MKVSTLLTTLCVLGVAS,17,0.0,0.0,0.0,0.0
MDYYAALNPNPPYMFRRILLLLFWLIGLPAST,32,0.0,0.0,0.0,0.0
MRSTFVFIACITAYSF,16,0.0,0.0,0.0,0.0
MKLLSVAAVALLAAQAA,17,0.0,0.0,0.0,0.0
MFKRGLFSSLASLFLRTVT,19,0.0,0.0,0.0,0.0
MKITSTIPAVLLGLAPLSAAVSVSGSAEGF,30,0.0,0.0,0.0,0.0
MQFKLSALTALLAASASVY,19,0.0,0.0,0.0,0.0
MHFQALPVLATVLALPYLAF,20,0.0,0.0,0.0,0.0
MPGGSASLSSFRIMAALLVGLLCCLPGVF,29,0.0,0.0,0.0,0.0
MKTFTSALIGAAALAQDVN,19,0.0,0.0,0.0,0.0
MHFSTILPLLTLAHLPVTS,19,0.0,0.0,0.0,0.0
MVAFGSMRLPLLLLLLNVTFGS,22,0.0,0.0,0.0,0.0
MKSAIFSPILFSLAL,15,0.0,0.0,0.0,0.0
MKLQPIPLFLSLSLLFILPTH,21,0.0,0.0,0.0,0.0
MRFFKYLVFAAPLALATPRPNPVAA,25,0.0,0.0,0.0,0.0
MKFAWLLACLSATVLAAPEK,20,0.0,0.0,0.0,0.0
MKLVNRLLASFLSVSTVLQSCW,22,0.0,0.0,0.0,0.0
MQGQFPGDLHTRVDNFPTNFRRHCTVTMHSSLKLLLSAASLLPLAQ,46,0.0,0.0,0.0,0.0
MRFTLSSLALLVAATAVA,18,0.0,0.0,0.0,0.0
MRPSTLAAGTIASLATLIQ,19,0.0,0.0,0.0,0.0
MTTRKLLLFLGLAGLSL,17,0.0,0.0,0.0,0.0
MKATDLFHVTALVAGAL,17,0.0,0.0,0.0,0.0
MVVFSRTLFSLVAILVPIAS,20,0.0,0.0,0.0,0.0
MIFNLWILGLGLGLFLAAD,19,0.0,0.0,0.0,0.0
MKKLLNILAAGFFGFAVQ,18,0.0,0.0,0.0,0.0
MRLRTSLGVASACASVAS,18,0.0,0.0,0.0,0.0
MQLISILTSLALTATTLAAPGTDLKE,26,0.0,0.0,0.0,0.0
MQFHHQLLAVLALNAAHAW,19,0.0,0.0,0.0,0.0
MTGRELVNITSLLTSIPAVG,20,0.0,0.0,0.0,0.0
MKLILTLLVSGLCALAAPAAK,21,0.0,0.0,0.0,0.0
MAIISWFFCIGICVVSLAW,19,0.0,0.0,0.0,0.0
MRFLRAGALAASLSATSAL,19,0.0,0.0,0.0,0.0
MFLPSRKALAFLACLASHSV,20,0.0,0.0,0.0,0.0
MKGYYSLVILALIGIAFALLEEKLV,25,0.0,0.0,0.0,0.0
MAVRRLASTLLALAACAN,18,0.0,0.0,0.0,0.0
MALLLKILLAALPAVVA,17,0.0,0.0,0.0,0.0
MRVTSLLTLVSTFALLAAAARPAAMVR,27,0.0,0.0,0.0,0.0
MFVWSILLTLLLAGTSH,17,0.0,0.0,0.0,0.0
MKPVTLLSLASLAA,14,0.0,0.0,0.0,0.0
MQTRLLCLAALLLPQYGL,18,0.0,0.0,0.0,0.0
MHLWGLLALTGAIWSARTE,19,0.0,0.0,0.0,0.0
MRILAINLILAASAL,15,0.0,0.0,0.0,0.0
MQLTRLSAVLLLSGAY,16,0.0,0.0,0.0,0.0
MRFSALGLVAALLSQVQASPVA,22,0.0,0.0,0.0,0.0
MVSKNLLAILAAAVAVQGSPLDK,23,0.0,0.0,0.0,0.0
MKFTKKILTTLGLLGVTE,18,0.0,0.0,0.0,0.0
MGGDGSFGERDTISRRDLPHLSRCFVSTTVLALLMCPDHFH,41,0.0,0.0,0.0,0.0
MRLFHASTSSLLFLLSTVVVTS,22,0.0,0.0,0.0,0.0
MYRSLMLIALYISALAA,17,0.0,0.0,0.0,0.0
MFLSRVFCVLAALACVS,17,0.0,0.0,0.0,0.0
MKFSASLPLFATLAA,15,0.0,0.0,0.0,0.0
MRCLSFCQVGLAVLVFLSGQGAL,23,0.0,0.0,0.0,0.0
MRISRLLTLGSFWHLLAVVL,20,0.0,0.0,0.0,0.0
MPQYLGCFVMLATILSIK,18,0.0,0.0,0.0,0.0
MRSIAYLASGLPVAL,15,0.0,0.0,0.0,0.0
MHFHVKHAILLAAFFGLHLGTSVG,24,0.0,0.0,0.0,0.0
MRLFPVSQGLVSVAVAVTSTAWGVR,25,0.0,0.0,0.0,0.0
MRAQALLSFAIMASTAT,17,0.0,0.0,0.0,0.0
MTEILFAFMLLGSLAL,16,0.0,0.0,0.0,0.0
MKSIIWFSLFTAAF,14,0.0,0.0,0.0,0.0
MRISFFFLFSILPLHVW,17,0.0,0.0,0.0,0.0
MLHTWIRTLGALLLLASVAH,20,0.0,0.0,0.0,0.0
MMIMLNVVLILLVLVIARVQ,20,0.0,0.0,0.0,0.0
MGLIITTIALVLSALSWLDCAV,22,0.0,0.0,0.0,0.0
MYLARAWLALWLVLHAQQGQ,20,0.0,0.0,0.0,0.0
MRLRSSLCIGALFTLAT,17,0.0,0.0,0.0,0.0
MRFAALVIGLLATFVSTVT,19,0.0,0.0,0.0,0.0
MNPKTILLLLTTITLSTAIPFSQ,23,0.0,0.0,0.0,0.0
MTNFLRFWLSFSLLVTLSLQQ,21,0.0,0.0,0.0,0.0
MAPLKTLVALLSANVLTSVL,20,0.0,0.0,0.0,0.0
MAGRRLLSTRWTLLLSLVILLGCLVIPGV,29,0.0,0.0,0.0,0.0
MSLTYCQVIVLAFLMTINGPG,21,0.0,0.0,0.0,0.0
MNLPPPLYLLFFLLIQSVY,19,0.0,0.0,0.0,0.0
MARFSFLSLALLSVQALIGGSL,22,0.0,0.0,0.0,0.0
MKTSNILLCLAPAVAL,16,0.0,0.0,0.0,0.0
MPWAGLATLFLAVAGVH,17,0.0,0.0,0.0,0.0
MLLQAWLLLVLYASFTY,17,0.0,0.0,0.0,0.0
MKAALCFFWALSLATVSS,18,0.0,0.0,0.0,0.0
MRILLLLLIQAAVAA,15,0.0,0.0,0.0,0.0
MGRRNRIVASLLTLACATSTAL,22,0.0,0.0,0.0,0.0
MKLLLSFSIAITAIFLSLYSSHFK,24,0.0,0.0,0.0,0.0
MRDFLSLLGLASIIASSS,18,0.0,0.0,0.0,0.0
MRIQSLVVLGTVFSGAI,17,0.0,0.0,0.0,0.0
MRLQIPFLSLLSLLLFASFSH,21,0.0,0.0,0.0,0.0
MKFTTAIATAILAGSALAAPERGLAARVKA,30,0.0,0.0,0.0,0.0
MHFQLLGLAALGSLAAAAPAPSRTSELVE,29,0.0,0.0,0.0,0.0
MLRQIIGTLVLLLMQVFAVT,20,0.0,0.0,0.0,0.0
MVHLFSPQIVLSALLAFIRDAPSSSSS,27,0.0,0.0,0.0,0.0
MITFIWLFVISLALHGVITS,20,0.0,0.0,0.0,0.0
MGVTLRTLWLLGLSSAAS,18,0.0,0.0,0.0,0.0
MRKSRPLCLYLSKSTPATMQRLYALALLSWCSAQVQ,36,0.0,0.0,0.0,0.0
MPSRLIFITTSLFLTHLSVGIH,22,0.0,0.0,0.0,0.0
MVRLMSPLAALAGATAAS,18,0.0,0.0,0.0,0.0
MASHLSKSLASLAVTAAFAQ,20,0.0,0.0,0.0,0.0
MVYLKRLLALSSLLSLSQ,18,0.0,0.0,0.0,0.0
MKAATLLSLLSVTGLVAAAPAGNGPAGGI,29,0.0,0.0,0.0,0.0
MHIRTAITAGAALVQTAVAASVQ,23,0.0,0.0,0.0,0.0
MKPTTAAIALAGLLSGVT,18,0.0,0.0,0.0,0.0
MQLWNTVLQLSLLAFTAAPTAAAS,24,0.0,0.0,0.0,0.0
MLGSWGLVPRSTSVWAAALIILCQLVPLAV,30,0.0,0.0,0.0,0.0
MSSANSGLFRPLLTIGVALLYFLLAGQ,27,0.0,0.0,0.0,0.0
MAMSKIVSLTGLLASASLVA,20,0.0,0.0,0.0,0.0
MFCNFAILFIWYLLCRPSL,19,0.0,0.0,0.0,0.0
MKSRHVRSISGLLLGGTGIL,20,0.0,0.0,0.0,0.0
MAELSLRRLCIFALGLFSLVA,21,0.0,0.0,0.0,0.0
MSSSSFVWTVGSIALSSLITPTI,23,0.0,0.0,0.0,0.0
MSSGLSLERACAVALGIVASASLVA,25,0.0,0.0,0.0,0.0
MQFNMIVALLAIGAPLAY,18,0.0,0.0,0.0,0.0
MVSTSALRSVAAVMIALAIPASAAPQPVSK,30,0.0,0.0,0.0,0.0
MKTFLPLVSLLMGVGMTSAAPALKVAAE,28,0.0,0.0,0.0,0.0
MWVLKAAIVSGLLLPPTL,18,0.0,0.0,0.0,0.0
MLNLQSFGIVLPLLAGTAL,19,0.0,0.0,0.0,0.0
MRSALNILAGAATLTVAQ,18,0.0,0.0,0.0,0.0
MPKTSCPVLSSVINMYFAGSSLVLLLATHAL,31,0.0,0.0,0.0,0.0
MKAIAALALVGGAIAAPTKTVES,23,0.0,0.0,0.0,0.0
MRVSSVILPLAGTLLVE,17,0.0,0.0,0.0,0.0
MAYSILQIALATLLGYFVLVD,21,0.0,0.0,0.0,0.0
MASNLMFRMLQVPLFAFLLSLCLVFPTAH,29,0.0,0.0,0.0,0.0
MKTSFLLLHTLVAGVLAIPTRTDYVLHER,29,0.0,0.0,0.0,0.0
MKATTICSFLLATGTALAMPAK,22,0.0,0.0,0.0,0.0
MFDITMARNSIIRVLFVWITTIIYLFGSIL,30,0.0,0.0,0.0,0.0
MVHIRLASVALLHSLLLTYGL,21,0.0,0.0,0.0,0.0
MLPKIFYLSLLPAALGHPHLQP,22,0.0,0.0,0.0,0.0
MLSYIIPFCIYLYFSLAVL,19,0.0,0.0,0.0,0.0
MIKSIILQAIMVLSTLTSVH,20,0.0,0.0,0.0,0.0
MKLSFLALAAIAPFVS,16,0.0,0.0,0.0,0.0
MQLLQSSVIAATVGAALVAAVPVELKA,27,0.0,0.0,0.0,0.0
MQLIHHMIILFASLAA,16,0.0,0.0,0.0,0.0
MYRNLILLLATYLVTLAA,18,0.0,0.0,0.0,0.0
MHFSPLTIIVSAIACSATYVTLQPSSK,27,0.0,0.0,0.0,0.0
MMVKTSLFLFIISGGSCS,18,0.0,0.0,0.0,0.0
MMASASSTSWLSSVLAFCAILCLSVPVN,28,0.0,0.0,0.0,0.0
MHFNNKISVALLAALAAGSE,20,0.0,0.0,0.0,0.0
MRPSFVLLAFLLGFAS,16,0.0,0.0,0.0,0.0
MLKHQSPLRALVLSCSQTVW,20,0.0,0.0,0.0,0.0
MNAIIFISVVSSGNAQAY,18,0.0,0.0,0.0,0.0
MLISNFHVITAAAAIHTSLAS,21,0.0,0.0,0.0,0.0
MWHTNKVSFLNLFTLILGAVESS,23,0.0,0.0,0.0,0.0
MKVTTIIWLWLITAH,15,0.0,0.0,0.0,0.0
MVQLASTLVAGLAGLASVVS,20,0.0,0.0,0.0,0.0
MHISNHVVTALAIAAGTAS,19,0.0,0.0,0.0,0.0
MRFFTALSLFISGAAIASALPSSSET,26,0.0,0.0,0.0,0.0
MAMLFTPIAAASLLAVVGTQPTGVF,25,0.0,0.0,0.0,0.0
MWSAYLFIIAALAIQLETGE,20,0.0,0.0,0.0,0.0
MRLTSPMSLVMPMAILGISTIQGAA,25,0.0,0.0,0.0,0.0
MLPLLFLAVFLAPGVM,16,0.0,0.0,0.0,0.0
MKVTTIASVLCLAATQLVA,19,0.0,0.0,0.0,0.0
MSSWLPSLLLFGNLAIAS,18,0.0,0.0,0.0,0.0
MRFNVLATLVGITIPQIAL,19,0.0,0.0,0.0,0.0
MWSWSPTIAFLWLVELLRPSW,21,0.0,0.0,0.0,0.0
MKSTALLTGLGLLASLGLASPVT,23,0.0,0.0,0.0,0.0
MHHIQSASLLTALLSATKVA,20,0.0,0.0,0.0,0.0
MKVPFVLLASLCANSALTT,19,0.0,0.0,0.0,0.0
MKASLSLIVAALAAGVV,17,0.0,0.0,0.0,0.0
MRWLPLFALVAADIWSAVT,19,0.0,0.0,0.0,0.0
MARNTRFILVLTLFILFAVAV,21,0.0,0.0,0.0,0.0
MKPFLLLSSLLASSAL,16,0.0,0.0,0.0,0.0
MHAIAGLTGLLAGVSLSY,18,0.0,0.0,0.0,0.0
MILNLPLLAVLSGAGVTW,18,0.0,0.0,0.0,0.0
MKWGFTGPLLALLAATAA,18,0.0,0.0,0.0,0.0
MRPAFFLAALASLASTH,17,0.0,0.0,0.0,0.0
MMYSGALSLTLATTLAN,17,0.0,0.0,0.0,0.0
MARTTLSFYAVCFILALTGSALPAK,25,0.0,0.0,0.0,0.0
MHKSILTRTTLLNLILNPLLTIPTRASTTIAP,32,0.0,0.0,0.0,0.0
MKTSTVIGFLAMLSSQAL,18,0.0,0.0,0.0,0.0
MKLLLLTLSAALASAL,16,0.0,0.0,0.0,0.0
MRFTLACLAALASSAA,16,0.0,0.0,0.0,0.0
MRPLSHLSFFNGLLLGLSALSAATSVVHER,30,0.0,0.0,0.0,0.0
MKLSLALATLVATAF,15,0.0,0.0,0.0,0.0
MVSATRLLLLLPFLGAL,17,0.0,0.0,0.0,0.0
MHFSVFHILLASLISIAQLAS,21,0.0,0.0,0.0,0.0
MSKKQLALALTCALSFSPACAI,22,0.0,0.0,0.0,0.0
MRSFYAVVPLALALRAA,17,0.0,0.0,0.0,0.0
MRWSFLTVLLWLVSLTG,17,0.0,0.0,0.0,0.0
MQLSSVFTVALSALNFASALPLHR,24,0.0,0.0,0.0,0.0
MITILYQVILCFLVTSESLIKLTS,24,0.0,0.0,0.0,0.0
MNLPTLIALLTTLTLHLTTTTT,22,0.0,0.0,0.0,0.0
MLFINVLLVFLAILHAE,17,0.0,0.0,0.0,0.0
MRFGYALAGILISIAGAN,18,0.0,0.0,0.0,0.0
MQLKNAIHFTVFGCAILAL,19,0.0,0.0,0.0,0.0
MARIHLYSWMTLFAGTF,17,0.0,0.0,0.0,0.0
MAQLQYLFAFILVQLQLAG,19,0.0,0.0,0.0,0.0
MQVKLFYTLALWAPILVS,18,0.0,0.0,0.0,0.0
MKSLIWALPFIPLAY,15,0.0,0.0,0.0,0.0
MWPTRSLSSLFFLSLALGSPVS,22,0.0,0.0,0.0,0.0
MLLPRLSSLLCLAGLATMPVAN,22,0.0,0.0,0.0,0.0
MLFYRAFGGLLCFLYACVTVS,21,0.0,0.0,0.0,0.0
