Position,Amino acid,Relative importance,Scaled importance,Percentage
13,A,1.0,1.0,0.006050061108015133
3,L,0.8598349094390869,0.8598349094390869,0.0052020537449111335
19,S,0.780945360660553,0.780945360660553,0.004724767154017263
17,V,0.7731537818908691,0.7731537818908691,0.004677627626332762
18,V,0.7697716355323792,0.7697716355323792,0.004657165434187647
13,L,0.7679623365402222,0.7679623365402222,0.004646219064722427
3,T,0.7578548789024353,0.7578548789024353,0.004585068328367142
11,V,0.7398495674133301,0.7398495674133301,0.0044761350935892084
17,S,0.7376255393028259,0.7376255393028259,0.004462679587614715
7,I,0.7130796909332275,0.7130796909332275,0.004314175705030571
14,T,0.7130757570266724,0.7130757570266724,0.004314151904655519
13,S,0.7048265337944031,0.7048265337944031,0.004264243600006632
16,-,0.6827903985977173,0.6827903985977173,0.0041309236354822
8,V,0.6781158447265625,0.6781158447265625,0.004102642298909004
5,T,0.6700013875961304,0.6700013875961304,0.004053549337411521
11,L,0.6611568927764893,0.6611568927764893,0.004000039603283169
9,I,0.647606372833252,0.647606372833252,0.0039180581295812054
12,S,0.6411904096603394,0.6411904096603394,0.0038792411603183097
9,V,0.6387122273445129,0.6387122273445129,0.0038642480058707573
7,V,0.6340717673301697,0.6340717673301697,0.0038361729392146797
7,A,0.620186984539032,0.620186984539032,0.00375216915485678
12,A,0.6136878728866577,0.6136878728866577,0.003712849132212102
10,I,0.6086887121200562,0.6086887121200562,0.0036826039040853712
6,L,0.5992357730865479,0.5992357730865479,0.0036254130452823045
8,G,0.5961681604385376,0.5961681604385376,0.0036068538013061223
14,L,0.5889405608177185,0.5889405608177185,0.0035631263819359
3,I,0.5849260091781616,0.5849260091781616,0.003538838099195298
9,S,0.5750234127044678,0.5750234127044678,0.003478926785401435
10,T,0.5649911761283875,0.5649911761283875,0.003418231141066085
10,V,0.561433732509613,0.561433732509613,0.003396708389784181
8,S,0.5574206709861755,0.5574206709861755,0.00337242912233716
10,F,0.5533017516136169,0.5533017516136169,0.003347509408434193
16,G,0.5518847703933716,0.5518847703933716,0.0033389365854627987
15,G,0.5500777959823608,0.5500777959823608,0.0033280042798555644
5,F,0.5419723987579346,0.5419723987579346,0.003278966131343049
17,L,0.5414763689041138,0.5414763689041138,0.0032759651204160335
4,V,0.5367193222045898,0.5367193222045898,0.003247184697190232
3,K,0.5366131663322449,0.5366131663322449,0.00324654244767557
15,I,0.5360103249549866,0.5360103249549866,0.0032428952205047173
4,L,0.5354779958724976,0.5354779958724976,0.0032396745970260854
16,T,0.535241961479187,0.535241961479187,0.0032382465745229632
20,L,0.5351266264915466,0.5351266264915466,0.003237548790799847
6,T,0.5337735414505005,0.5337735414505005,0.0032293625436171764
14,V,0.5310923457145691,0.5310923457145691,0.003213141145572242
8,A,0.528256893157959,0.528256893157959,0.003195986484335873
20,A,0.5275314450263977,0.5275314450263977,0.003191597478809232
8,I,0.5239882469177246,0.5239882469177246,0.003170160913733956
13,G,0.5217039585113525,0.5217039585113525,0.0031563408292870744
13,F,0.5186620950698853,0.5186620950698853,0.00313793736958396
15,A,0.5160358548164368,0.5160358548164368,0.0031220484555662675
12,V,0.5144639015197754,0.5144639015197754,0.0031125380420625203
20,S,0.5143805742263794,0.5143805742263794,0.003112033906845509
1,I,0.5134916305541992,0.5134916305541992,0.003106655743307236
15,P,0.5017424821853638,0.5017424821853638,0.003035572677708645
8,M,0.5008118152618408,0.5008118152618408,0.0030299420859501228
15,S,0.5005965828895569,0.5005965828895569,0.0030286399169453817
1,R,0.4993049204349518,0.4993049204349518,0.003020825280164092
2,T,0.4964843988418579,0.4964843988418579,0.003003760952169398
6,I,0.4874016344547272,0.4874016344547272,0.0029488096725975533
10,G,0.48180705308914185,0.48180705308914185,0.0029149621134619995
6,A,0.4791274070739746,0.4791274070739746,0.0028987500913223883
7,S,0.47857359051704407,0.47857359051704407,0.002895399467310328
6,S,0.4784198999404907,0.4784198999404907,0.0028944696299304544
16,A,0.473175972700119,0.473175972700119,0.0028627435496802202
1,K,0.4709877669811249,0.4709877669811249,0.0028495047713633977
4,R,0.46993568539619446,0.46993568539619446,0.0028431396134839513
3,Q,0.46983399987220764,0.46983399987220764,0.00284252440985003
10,A,0.4694461226463318,0.4694461226463318,0.002840177728931074
10,M,0.4693945050239563,0.4693945050239563,0.002839865439161452
3,P,0.46039775013923645,0.46039775013923645,0.002785434522335063
17,I,0.459481418132782,0.459481418132782,0.0027798906577007833
15,T,0.4583130180835724,0.4583130180835724,0.0027728217660044577
19,T,0.4580563008785248,0.4580563008785248,0.002771268611226441
10,C,0.45695313811302185,0.45695313811302185,0.002764594409083061
21,-,0.4558808207511902,0.4558808207511902,0.002758106823516794
5,S,0.45583510398864746,0.45583510398864746,0.0027578302343097497
22,S,0.45376187562942505,0.45376187562942505,0.0027452870760455842
21,V,0.45354753732681274,0.45354753732681274,0.0027439903162169914
4,T,0.4524295926094055,0.4524295926094055,0.0027372266823612952
15,F,0.45210927724838257,0.45210927724838257,0.0027352887548532704
19,G,0.45015230774879456,0.45015230774879456,0.002723448969794241
4,Q,0.4488767981529236,0.4488767981529236,0.002715732058795362
1,H,0.44454002380371094,0.44454002380371094,0.0026894943089709527
12,C,0.44389379024505615,0.44389379024505615,0.0026855845564510415
1,Q,0.44276130199432373,0.44276130199432373,0.002678732933330001
5,I,0.4407314956188202,0.4407314956188202,0.002666452480720766
19,-,0.43981069326400757,0.43981069326400757,0.0026608815702057454
14,M,0.43906867504119873,0.43906867504119873,0.002656392314614491
20,P,0.4378471076488495,0.4378471076488495,0.0026490017572432193
3,G,0.4376842975616455,0.4376842975616455,0.002648016746266634
20,T,0.43626609444618225,0.43626609444618225,0.002639436530754504
8,P,0.43528318405151367,0.43528318405151367,0.0026334898628030557
24,A,0.43269461393356323,0.43269461393356323,0.0026178288554070737
14,G,0.43239498138427734,0.43239498138427734,0.0026160160601739436
18,A,0.43213924765586853,0.43213924765586853,0.00261446885548969
4,F,0.43084630370140076,0.43084630370140076,0.0026066464655559213
2,S,0.43037149310112,0.43037149310112,0.002603773832409489
3,V,0.42972224950790405,0.42972224950790405,0.0025998458689965452
1,M,0.42691922187805176,0.42691922187805176,0.002582887380548484
16,Q,0.42592713236808777,0.42592713236808777,0.0025768851783885814
7,L,0.42381152510643005,0.42381152510643005,0.0025640856251749914
18,T,0.42242082953453064,0.42242082953453064,0.002555671831982354
1,S,0.4178835451602936,0.4178835451602936,0.0025282209842537777
11,F,0.41729769110679626,0.41729769110679626,0.0025246765314297405
21,A,0.4170621633529663,0.4170621633529663,0.002523251574126436
1,L,0.41515007615089417,0.41515007615089417,0.0025116833297100455
6,G,0.4137320816516876,0.4137320816516876,0.0025031043763390167
9,T,0.41222843527793884,0.41222843527793884,0.0024940072238929913
10,Y,0.41040557622909546,0.41040557622909546,0.0024829788152561905
3,N,0.4095095098018646,0.4095095098018646,0.002477557558614603
15,V,0.4076946973800659,0.4076946973800659,0.002466577832563136
1,V,0.40633949637413025,0.40633949637413025,0.0024583787836635813
17,-,0.40577006340026855,0.40577006340026855,0.0024549336793747993
23,S,0.4049612581729889,0.4049612581729889,0.0024500403583252754
19,F,0.4043048918247223,0.4043048918247223,0.002446069301809018
3,M,0.4042764902114868,0.4042764902114868,0.002445897470313377
23,P,0.4031186103820801,0.4031186103820801,0.002438892226589728
8,F,0.4030100703239441,0.4030100703239441,0.0024382355526053378
11,G,0.39935651421546936,0.39935651421546936,0.002416131314887504
5,R,0.3987802267074585,0.3987802267074585,0.0024126447402482523
2,F,0.39837634563446045,0.39837634563446045,0.0024102012350762435
6,V,0.3963010609149933,0.3963010609149933,0.002397645635706937
11,I,0.39507678151130676,0.39507678151130676,0.002390238670501349
17,P,0.3928145170211792,0.3928145170211792,0.0023765518320935848
16,V,0.3919844627380371,0.3919844627380371,0.0023715299529576054
6,M,0.3909485638141632,0.3909485638141632,0.0023652627011664412
6,C,0.3886629343032837,0.3886629343032837,0.0023514345029553374
9,F,0.38847798109054565,0.38847798109054565,0.0023503155247161485
4,S,0.38692066073417664,0.38692066073417664,0.00234089364139536
5,P,0.38519805669784546,0.38519805669784546,0.002330471781710643
3,S,0.38508760929107666,0.38508760929107666,0.00232980356815047
20,-,0.3848007023334503,0.3848007023334503,0.002328067763524516
2,Q,0.38470637798309326,0.38470637798309326,0.0023274970954408817
16,S,0.3843243420124054,0.3843243420124054,0.0023251857544727603
19,L,0.3837856650352478,0.3837856650352478,0.002321926725843476
14,F,0.38356733322143555,0.38356733322143555,0.002320605805028088
16,F,0.3828074038028717,0.3828074038028717,0.002316008185607998
23,Q,0.3818425238132477,0.3818425238132477,0.002310170602708872
3,A,0.38151857256889343,0.38151857256889343,0.0023082106778845113
2,R,0.3811365067958832,0.3811365067958832,0.002305899156610518
22,G,0.3789658844470978,0.3789658844470978,0.002292766758757943
18,-,0.3760647773742676,0.3760647773742676,0.0022752148836864255
20,I,0.3750128746032715,0.3750128746032715,0.002268850807642209
7,Y,0.37367168068885803,0.37367168068885803,0.0022607365025023095
4,Y,0.37366029620170593,0.37366029620170593,0.0022606676256593555
16,I,0.3732817471027374,0.3732817471027374,0.002258377380478212
5,W,0.3730466365814209,0.3730466365814209,0.00225695494745711
2,P,0.37286534905433655,0.37286534905433655,0.0022558581468401285
15,C,0.37155112624168396,0.37155112624168396,0.002247907018514033
1,P,0.36975425481796265,0.36975425481796265,0.002237035836597273
13,P,0.3694257438182831,0.3694257438182831,0.0022350483249745563
21,I,0.3681073784828186,0.3681073784828186,0.0022270721341323073
22,P,0.36801019310951233,0.36801019310951233,0.002226484156684999
8,C,0.3664487600326538,0.3664487600326538,0.002217037391153929
2,A,0.365560919046402,0.365560919046402,0.002211665898932905
22,E,0.3653872013092041,0.3653872013092041,0.002210614896007312
20,G,0.3644402027130127,0.3644402027130127,0.002204885496631149
6,F,0.3643417954444885,0.3643417954444885,0.002204290126643105
15,Q,0.36426207423210144,0.36426207423210144,0.002203807808436558
4,K,0.3621177077293396,0.3621177077293396,0.0021908342600568684
21,P,0.3616791069507599,0.3616791069507599,0.002188180698544438
18,S,0.35969483852386475,0.35969483852386475,0.0021761757533070173
14,C,0.3561628460884094,0.3561628460884094,0.0021548069832394655
22,A,0.3550765812397003,0.3550765812397003,0.0021482350145252864
2,K,0.35437560081481934,0.35437560081481934,0.002143994040119234
7,F,0.3531942367553711,0.3531942367553711,0.0021368467153687594
23,L,0.3531932532787323,0.3531932532787323,0.0021368407652749967
8,T,0.3527393043041229,0.3527393043041229,0.002134094346238689
18,G,0.3520273268222809,0.3520273268222809,0.002129786838966014
9,A,0.35098472237586975,0.35098472237586975,0.0021234790183537384
5,V,0.3490595519542694,0.3490595519542694,0.002111831619659713
4,W,0.34842562675476074,0.34842562675476074,0.002107996333464775
2,G,0.3481655418872833,0.3481655418872833,0.0021064228041232664
23,N,0.3441261947154999,0.3441261947154999,0.0020819845068974887
8,Q,0.3430125117301941,0.3430125117301941,0.002075246656781432
17,N,0.3419353663921356,0.3419353663921356,0.0020687298616639646
7,N,0.3418271839618683,0.3418271839618683,0.0020680753513500337
2,L,0.34151485562324524,0.34151485562324524,0.0020661857458155993
14,P,0.33981695771217346,0.33981695771217346,0.0020559133596984437
23,A,0.3395492434501648,0.3395492434501648,0.002054293672053804
5,G,0.33889126777648926,0.33889126777648926,0.0020503128790204795
9,L,0.33868175745010376,0.33868175745010376,0.002049045328743087
9,N,0.33773425221443176,0.33773425221443176,0.0020433128641671075
21,F,0.33761221170425415,0.33761221170425415,0.0020425745116228796
14,I,0.33733102679252625,0.33733102679252625,0.002040873325724274
13,T,0.33710411190986633,0.33710411190986633,0.002039500476817863
2,Y,0.3369099199771881,0.3369099199771881,0.0020383256037584765
12,I,0.33658310770988464,0.33658310770988464,0.0020363483695704414
5,A,0.3363574743270874,0.3363574743270874,0.00203498327381651
18,L,0.33603185415267944,0.33603185415267944,0.0020330132518633394
23,-,0.3358340561389923,0.3358340561389923,0.002031816561793488
19,P,0.33562272787094116,0.33562272787094116,0.0020305380128579275
7,W,0.33511343598365784,0.33511343598365784,0.0020274567658180474
20,Q,0.334759920835495,0.334759920835495,0.002025317977569053
10,P,0.3317176103591919,0.3317176103591919,0.0020069118132778644
13,I,0.3292312026023865,0.3292312026023865,0.001991868894409749
22,-,0.32916131615638733,0.32916131615638733,0.0019914460771408324
4,P,0.3287913203239441,0.3287913203239441,0.0019892075797448396
24,P,0.3283141255378723,0.3283141255378723,0.001986320522128679
11,M,0.3261450529098511,0.3261450529098511,0.001973197500181428
22,L,0.325203001499176,0.325203001499176,0.001967498031579952
20,N,0.32411298155784607,0.32411298155784607,0.0019609033443259505
14,A,0.32410144805908203,0.32410144805908203,0.001960833565953639
2,H,0.32401829957962036,0.32401829957962036,0.001960330512571857
19,V,0.3236580193042755,0.3236580193042755,0.0019581507948900085
11,A,0.32364189624786377,0.32364189624786377,0.0019580532494134694
13,Q,0.32335400581359863,0.32335400581359863,0.001956311494693752
23,V,0.32294759154319763,0.32294759154319763,0.001953852663522657
8,W,0.3226403594017029,0.3226403594017029,0.0019519938902922672
13,Y,0.32194313406944275,0.32194313406944275,0.0019477756344260372
13,C,0.3207169771194458,0.3207169771194458,0.0019403573099505383
25,A,0.32069751620292664,0.32069751620292664,0.0019402395702163794
11,Y,0.3188592195510864,0.3188592195510864,0.0019291177631380865
2,I,0.31844884157180786,0.31844884157180786,0.0019266349512860673
21,T,0.31834086775779724,0.31834086775779724,0.0019259817031132376
21,G,0.31810855865478516,0.31810855865478516,0.0019245762188440665
23,T,0.31464946269989014,0.31464946269989014,0.0019036484769384635
21,E,0.31397852301597595,0.31397852301597595,0.0018995892508509903
7,T,0.3122709393501282,0.3122709393501282,0.0018892582653255627
16,P,0.31129175424575806,0.31129175424575806,0.0018833341356080653
18,I,0.3112430274486542,0.3112430274486542,0.001883039335507989
16,C,0.31117016077041626,0.31117016077041626,0.0018825984876519116
1,T,0.31080636382102966,0.31080636382102966,0.0018803974938772132
22,V,0.30973175168037415,0.30973175168037415,0.0018738960247588325
1,Y,0.30964818596839905,0.30964818596839905,0.0018733904470948483
9,G,0.30697864294052124,0.30697864294052124,0.0018572395486457119
17,E,0.30598634481430054,0.30598634481430054,0.0018512360843447077
12,G,0.3057364523410797,0.3057364523410797,0.0018497242196112886
6,K,0.30529436469078064,0.30529436469078064,0.0018470495623118803
11,C,0.3050178289413452,0.3050178289413452,0.0018453765041292452
19,I,0.3043563663959503,0.3043563663959503,0.001841374615308943
13,V,0.3038516342639923,0.3038516342639923,0.0018383209550674182
10,L,0.3024090528488159,0.3024090528488159,0.001829593249352314
11,P,0.29969820380210876,0.29969820380210876,0.0018131924469651313
18,H,0.2991551458835602,0.2991551458835602,0.0018099069133727208
17,A,0.29908737540245056,0.29908737540245056,0.001809496897820688
12,Y,0.2978612780570984,0.2978612780570984,0.0018020789339569323
8,R,0.29758191108703613,0.29758191108703613,0.0018003887467164946
12,P,0.2963351905345917,0.2963351905345917,0.0017928460111895873
21,K,0.29518017172813416,0.29518017172813416,0.0017858580768296125
18,W,0.2946079969406128,0.2946079969406128,0.0017823963844006427
18,C,0.2945183217525482,0.2945183217525482,0.0017818538440329793
4,A,0.2943677604198456,0.2943677604198456,0.001780942938769624
11,T,0.29341527819633484,0.29341527819633484,0.001775180363113086
21,S,0.2933727204799652,0.2933727204799652,0.0017749228863284323
20,E,0.29336556792259216,0.29336556792259216,0.0017748796129192466
15,-,0.2917686998844147,0.2917686998844147,0.0017652184637068366
4,N,0.2901313602924347,0.2901313602924347,0.0017553124591207852
12,L,0.2897733747959137,0.2897733747959137,0.00175314662499105
20,H,0.2894113063812256,0.2894113063812256,0.0017509560889569047
7,R,0.28861889243125916,0.28861889243125916,0.0017461619361367642
12,T,0.2884688973426819,0.2884688973426819,0.0017452544566849695
3,H,0.2879234254360199,0.2879234254360199,0.001741954318316959
17,Q,0.2877548635005951,0.2877548635005951,0.0017409345083071537
21,L,0.28741490840911865,0.28741490840911865,0.0017388777592297403
9,R,0.286809504032135,0.286809504032135,0.0017352150257539294
20,V,0.28630509972572327,0.28630509972572327,0.0017321633488769925
24,Q,0.2853896915912628,0.2853896915912628,0.0017266250737247326
14,S,0.284172922372818,0.284172922372818,0.0017192635455987896
23,D,0.28411155939102173,0.28411155939102173,0.0017188922958091522
14,Q,0.2837089002132416,0.2837089002132416,0.001716456183177879
24,I,0.28338250517845154,0.28338250517845154,0.0017144814732720467
6,P,0.2819744944572449,0.2819744944572449,0.0017059629223680059
18,R,0.2814857065677643,0.2814857065677643,0.0017030057257677905
11,S,0.280989408493042,0.280989408493042,0.0017000030920879304
5,L,0.2792903184890747,0.2792903184890747,0.0016897234937359106
7,G,0.2777402698993683,0.2777402698993683,0.0016803456050477942
6,H,0.27648797631263733,0.27648797631263733,0.0016727691523228964
24,K,0.2758871018886566,0.2758871018886566,0.0016691338253395696
10,S,0.2756468653678894,0.2756468653678894,0.0016676803797085512
2,V,0.274360328912735,0.274360328912735,0.0016598967555371776
7,P,0.2742343544960022,0.2742343544960022,0.0016591346026178977
24,L,0.27358704805374146,0.27358704805374146,0.0016552183590866085
4,H,0.27338123321533203,0.27338123321533203,0.0016539731667372952
4,G,0.2729318141937256,0.2729318141937256,0.0016512541541934718
11,W,0.2717570960521698,0.2717570960521698,0.0016441470376523653
1,F,0.2713271975517273,0.2713271975517273,0.0016415461254544442
21,N,0.2706800401210785,0.2706800401210785,0.0016376307834525127
19,R,0.27002641558647156,0.27002641558647156,0.001633676315076443
25,L,0.26915743947029114,0.26915743947029114,0.0016284189564721456
14,Y,0.2688125967979431,0.2688125967979431,0.001626332637231789
3,F,0.2687704265117645,0.2687704265117645,0.001626077504423466
2,W,0.2671113610267639,0.2671113610267639,0.0016160400568570135
17,T,0.2666357159614563,0.2666357159614563,0.0016131623751461765
23,I,0.26631781458854675,0.26631781458854675,0.001611239052413752
5,K,0.26400744915008545,0.26400744915008545,0.0015972612003292148
17,R,0.2633885443210602,0.2633885443210602,0.0015935167882935662
5,N,0.2631831765174866,0.2631831765174866,0.0015922743005323272
3,R,0.26287153363227844,0.26287153363227844,0.0015903888420329398
9,C,0.26248833537101746,0.26248833537101746,0.0015880704691358257
6,W,0.26209819316864014,0.26209819316864014,0.0015857100849706273
1,N,0.2617356777191162,0.2617356777191162,0.001583516844348408
26,P,0.26132237911224365,0.26132237911224365,0.0015810163625209713
20,C,0.2606765031814575,0.2606765031814575,0.0015771087736715192
24,S,0.2601310908794403,0.2601310908794403,0.0015738089959152519
19,K,0.2594467103481293,0.2594467103481293,0.0015696684518796843
22,I,0.258953332901001,0.258953332901001,0.0015666834881752415
13,M,0.25876691937446594,0.25876691937446594,0.001565555674948344
18,Q,0.2581139802932739,0.2581139802932739,0.001561605353607321
13,W,0.25740817189216614,0.25740817189216614,0.0015573351696500685
25,K,0.2567708492279053,0.2567708492279053,0.0015534793285857673
28,S,0.2563382089138031,0.2563382089138031,0.0015508618282476581
12,F,0.25575029850006104,0.25575029850006104,0.0015473049343184802
10,H,0.2554868459701538,0.2554868459701538,0.0015457110304134803
17,Y,0.255459189414978,0.255459189414978,0.0015455437065646296
7,H,0.2550578713417053,0.2550578713417053,0.001543115707697579
1,E,0.2545555531978607,0.2545555531978607,0.0015400766522316544
26,A,0.25379282236099243,0.25379282236099243,0.0015354620840596336
8,L,0.25330135226249695,0.25330135226249695,0.0015324886599309738
17,H,0.2528643012046814,0.2528643012046814,0.0015298444743238671
18,E,0.25190970301628113,0.25190970301628113,0.001524069096950445
21,Q,0.2501363158226013,0.2501363158226013,0.0015133399960605106
10,N,0.2495717704296112,0.2495717704296112,0.0015099244619346719
15,Y,0.24940943717956543,0.24940943717956543,0.0015089423358520323
3,Y,0.24866515398025513,0.24866515398025513,0.001504439377014536
5,Y,0.24772703647613525,0.24772703647613525,0.0014987637087881121
17,M,0.24752429127693176,0.24752429127693176,0.0014975370879435743
17,G,0.24736203253269196,0.24736203253269196,0.0014965554126256137
17,F,0.24661438167095184,0.24661438167095184,0.0014920320792246257
24,V,0.246008962392807,0.246008962392807,0.0014883692555958791
22,H,0.24507470428943634,0.24507470428943634,0.0014827169369798282
4,M,0.24484524130821228,0.24484524130821228,0.0014813286719213953
6,R,0.24418491125106812,0.24418491125106812,0.001477333634724214
1,G,0.24298518896102905,0.24298518896102905,0.0014700752415568298
23,H,0.24291905760765076,0.24291905760765076,0.0014696751428277355
2,M,0.24228091537952423,0.24228091537952423,0.001465814343351965
15,M,0.24190032482147217,0.24190032482147217,0.0014635117472186164
15,L,0.24136915802955627,0.24136915802955627,0.001460298155668977
18,F,0.2412300407886505,0.2412300407886505,0.0014594564878603186
5,H,0.2395293265581131,0.2395293265581131,0.0014491670628382963
14,W,0.23920580744743347,0.23920580744743347,0.0014472097524490738
16,Y,0.23857629299163818,0.23857629299163818,0.0014434011515231334
9,W,0.23725475370883942,0.23725475370883942,0.0014354057581055584
24,T,0.2365705668926239,0.2365705668926239,0.0014312663860581562
25,V,0.23546528816223145,0.23546528816223145,0.0014245793821978925
20,Y,0.23268577456474304,0.23268577456474304,0.0014077631550825287
23,Y,0.23109030723571777,0.23109030723571777,0.0013981104802460842
7,Q,0.22922728955745697,0.22922728955745697,0.0013868391094472938
26,Q,0.22864125669002533,0.22864125669002533,0.0013832935747880271
26,L,0.22855354845523834,0.22855354845523834,0.0013827629346078896
26,H,0.22698868811130524,0.22698868811130524,0.0013732954339015849
18,P,0.2265252023935318,0.2265252023935318,0.0013704913169863633
4,I,0.225700244307518,0.225700244307518,0.0013655002701544285
18,Y,0.22567471861839294,0.22567471861839294,0.0013653458381753978
7,K,0.22536815702915192,0.22536815702915192,0.0013634911218271192
20,F,0.22484458982944489,0.22484458982944489,0.0013603235082747394
2,N,0.2240358144044876,0.2240358144044876,0.0013554303675310869
19,Q,0.22354018688201904,0.22354018688201904,0.001352431790733338
16,H,0.2231728881597519,0.2231728881597519,0.0013502096110187259
21,H,0.22251619398593903,0.22251619398593903,0.0013462365711378805
6,Y,0.21878382563591003,0.21878382563591003,0.0013236555145425834
16,L,0.21812240779399872,0.21812240779399872,0.0013196538961810886
22,R,0.21714267134666443,0.21714267134666443,0.0013137264308049664
19,A,0.21676123142242432,0.21676123142242432,0.001311418695954277
14,K,0.21663405001163483,0.21663405001163483,0.0013106492406471972
22,T,0.21638135612010956,0.21638135612010956,0.0013091204271618471
21,Y,0.21566727757453918,0.21566727757453918,0.0013048002083252237
20,D,0.2142917364835739,0.2142917364835739,0.0012964781006682981
10,W,0.2126050889492035,0.2126050889492035,0.001286273780017674
1,A,0.21253342926502228,0.21253342926502228,0.0012858402345493965
5,Q,0.2120847851037979,0.2120847851037979,0.001283125909958235
13,K,0.21146197617053986,0.21146197617053986,0.001279357877853406
5,C,0.20989538729190826,0.20989538729190826,0.0012698799194065479
7,M,0.20901253819465637,0.20901253819465637,0.001264538628419018
3,D,0.2081858515739441,0.2081858515739441,0.0012595371238465303
16,E,0.20658129453659058,0.20658129453659058,0.0012498294557192456
27,L,0.20616178214550018,0.20616178214550018,0.0012472913801175793
4,D,0.20595017075538635,0.20595017075538635,0.0012460111182762386
12,Q,0.20464293658733368,0.20464293658733368,0.0012381022716770346
11,N,0.20410145819187164,0.20410145819187164,0.0012348262942958193
16,N,0.20352703332901,0.20352703332901,0.0012313509887735433
9,P,0.20319627225399017,0.20319627225399017,0.0012293498640575204
14,H,0.2019578367471695,0.2019578367471695,0.0012218572535629196
13,H,0.20180928707122803,0.20180928707122803,0.0012209585189458978
9,M,0.20159359276294708,0.20159359276294708,0.0012196535552001472
18,M,0.20065979659557343,0.20065979659557343,0.0012140040313251062
21,R,0.20040234923362732,0.20040234923362732,0.001212446459053235
14,-,0.2000468522310257,0.2000468522310257,0.0012102956804637788
22,N,0.19888518750667572,0.19888518750667572,0.0012032675378944359
24,M,0.1988336592912674,0.1988336592912674,0.0012029557890424285
25,I,0.19854965806007385,0.19854965806007385,0.001201237564238956
25,T,0.19807924330234528,0.19807924330234528,0.001198391526208586
25,-,0.19574831426143646,0.19574831426143646,0.0011842892630726408
22,D,0.1955004632472992,0.1955004632472992,0.0011827897492914267
18,K,0.19535726308822632,0.19535726308822632,0.0011819233795783584
6,Q,0.19522473216056824,0.19522473216056824,0.001181121559367325
19,N,0.1947798877954483,0.1947798877954483,0.0011784302237747932
18,D,0.19445902109146118,0.19445902109146118,0.0011764889606081437
19,Y,0.1916608214378357,0.1916608214378357,0.0011595596817112828
24,-,0.19122536480426788,0.19122536480426788,0.001156925142468307
27,V,0.19121593236923218,0.19121593236923218,0.0011568680756599435
26,G,0.19119560718536377,0.19119560718536377,0.001156745107055508
20,W,0.19112218916416168,0.19112218916416168,0.0011563009235408058
12,H,0.19085721671581268,0.19085721671581268,0.001154697824036354
19,H,0.19068506360054016,0.19068506360054016,0.00115365628716902
14,R,0.19060903787612915,0.19060903787612915,0.0011531963268905524
23,G,0.1900298297405243,0.1900298297405243,0.0011496920822758835
8,H,0.18960237503051758,0.18960237503051758,0.001147105955159434
21,D,0.18851125240325928,0.18851125240325928,0.0011405045965881832
19,W,0.18821769952774048,0.18821769952774048,0.0011387285837528608
1,W,0.18721729516983032,0.18721729516983032,0.0011326760762547798
15,N,0.18675962090492249,0.18675962090492249,0.0011299071189845215
27,T,0.18547578155994415,0.18547578155994415,0.0011221398124945286
17,W,0.18538345396518707,0.18538345396518707,0.001121581224904292
3,W,0.18529970943927765,0.18529970943927765,0.0011210745654050783
18,N,0.18505454063415527,0.18505454063415527,0.001119591279152309
20,R,0.18497906625270844,0.18497906625270844,0.001119134654532466
11,R,0.18391388654708862,0.18391388654708862,0.0011126902522224484
26,-,0.18381208181381226,0.18381208181381226,0.0011120743273650413
24,Y,0.18376362323760986,0.18376362323760986,0.0011117811500178094
4,E,0.18100328743457794,0.18100328743457794,0.0010950809497308242
5,M,0.18078000843524933,0.18078000843524933,0.0010937300981407497
13,N,0.18063190579414368,0.18063190579414368,0.001092834068111802
22,Q,0.18045556545257568,0.18045556545257568,0.0010917671982695074
23,E,0.18032874166965485,0.18032874166965485,0.0010909999066328867
15,R,0.1791326403617859,0.1791326403617859,0.0010837634206289025
21,W,0.1767248660326004,0.1767248660326004,0.0010691962388030202
5,D,0.17553815245628357,0.17553815245628357,0.0010620165491485923
22,K,0.17468370497226715,0.17468370497226715,0.0010568470896567032
24,R,0.17409829795360565,0.17409829795360565,0.0010533053414207402
21,C,0.17384155094623566,0.17384155094623566,0.0010517520063368516
12,N,0.17374441027641296,0.17374441027641296,0.0010511642993483508
9,Y,0.1737343817949295,0.1737343817949295,0.0010511036264225554
26,R,0.17348554730415344,0.17348554730415344,0.0010495981625475784
20,K,0.17322182655334473,0.17322182655334473,0.001048002635889734
6,N,0.17307165265083313,0.17307165265083313,0.0010470940746027098
27,E,0.17165206372737885,0.17165206372737885,0.00103850547486755
27,-,0.171159565448761,0.171159565448761,0.0010355258301863195
19,E,0.1711447834968567,0.1711447834968567,0.0010354363984740027
24,E,0.17031487822532654,0.17031487822532654,0.0010304154208673815
25,P,0.1692652851343155,0.1692652851343155,0.0010240653185282142
19,D,0.16921204328536987,0.16921204328536987,0.0010237432020885895
2,C,0.16911301016807556,0.16911301016807556,0.0010231440456772416
17,C,0.16851669549942017,0.16851669549942017,0.0010195363054922707
23,C,0.16845357418060303,0.16845357418060303,0.0010191544176562084
19,M,0.16705960035324097,0.16705960035324097,0.0010107207908176944
24,N,0.16697914898395538,0.16697914898395538,0.0010102340551172932
22,F,0.16518455743789673,0.16518455743789673,0.000999376666599711
22,C,0.16390864551067352,0.16390864551067352,0.000991657321471565
8,K,0.16316552460193634,0.16316552460193634,0.0009871613945630613
25,G,0.16211463510990143,0.16211463510990143,0.0009808034489184791
25,S,0.1621064841747284,0.1621064841747284,0.0009807541352625949
11,K,0.16203179955482483,0.16203179955482483,0.0009803022887483494
25,D,0.16026926040649414,0.16026926040649414,0.0009696388191956798
8,N,0.1598845273256302,0.1598845273256302,0.0009673111605461779
1,D,0.15956728160381317,0.15956728160381317,0.0009653918045429286
24,H,0.15907743573188782,0.15907743573188782,0.0009624282070842713
2,D,0.15866561233997345,0.15866561233997345,0.0009599366503974794
10,Q,0.1583649069070816,0.1583649069070816,0.0009581173641529715
6,E,0.15805797278881073,0.15805797278881073,0.000956260393981298
26,M,0.15761516988277435,0.15761516988277435,0.0009535814093409712
26,V,0.15756601095199585,0.15756601095199585,0.0009532839948057565
26,F,0.15707933902740479,0.15707933902740479,0.0009503395999224253
12,W,0.1565650850534439,0.1565650850534439,0.0009472283319549224
3,E,0.15608283877372742,0.15608283877372742,0.0009443107124935246
15,W,0.15588289499282837,0.15588289499282837,0.0009431010404009178
2,E,0.1557454615831375,0.1557454615831375,0.0009422695598740053
14,N,0.15476098656654358,0.15476098656654358,0.0009363134258642977
25,H,0.1539955735206604,0.1539955735206604,0.0009316826301638325
4,C,0.1539018303155899,0.1539018303155899,0.0009311154780446948
1,C,0.1537085771560669,0.1537085771560669,0.0009299462846202636
27,N,0.15333467721939087,0.15333467721939087,0.0009276841671550907
15,E,0.152869313955307,0.152869313955307,0.0009248686909699579
25,Q,0.15196891129016876,0.15196891129016876,0.0009194211998240519
27,A,0.151128888130188,0.151128888130188,0.0009143390083740202
23,M,0.15103577077388763,0.15103577077388763,0.0009137756426781862
27,G,0.14977049827575684,0.14977049827575684,0.000906120666746204
7,C,0.1495969146490097,0.1495969146490097,0.0009050704751970329
28,A,0.14927542209625244,0.14927542209625244,0.0009031254256070797
15,D,0.14921703934669495,0.14921703934669495,0.0009027722064046029
11,H,0.14908519387245178,0.14908519387245178,0.0009019745332286165
27,H,0.14868532121181488,0.14868532121181488,0.0008995552791963387
28,V,0.1478557139635086,0.1478557139635086,0.0008945361046484334
26,S,0.14781537652015686,0.14781537652015686,0.0008942920606512143
7,D,0.14777013659477234,0.14777013659477234,0.0008940183563381158
28,T,0.1477254033088684,0.1477254033088684,0.0008937477172248347
8,Y,0.14752764999866486,0.14752764999866486,0.000892551297613791
28,-,0.14751023054122925,0.14751023054122925,0.0008924459088318371
11,Q,0.1473172903060913,0.1473172903060913,0.0008912786086190577
8,E,0.14696958661079407,0.14696958661079407,0.0008891749800150268
13,E,0.14643612504005432,0.14643612504005432,0.0008859475049132736
10,E,0.14527229964733124,0.14527229964733124,0.0008789062901682392
27,D,0.14512020349502563,0.14512020349502563,0.0008779860991524963
28,H,0.14466701447963715,0.14466701447963715,0.0008752442779159147
8,D,0.14441578090190887,0.14441578090190887,0.0008737242994182735
15,H,0.14425429701805115,0.14425429701805115,0.0008727473120529746
15,K,0.14332999289035797,0.14332999289035797,0.0008671552155980403
5,E,0.1430538296699524,0.1430538296699524,0.0008654844112388003
12,R,0.14176085591316223,0.14176085591316223,0.0008576618409991599
13,-,0.1407327651977539,0.1407327651977539,0.0008514418293463565
28,K,0.14063958823680878,0.14063958823680878,0.0008508781030387793
26,K,0.14056865870952606,0.14056865870952606,0.0008504489750643563
16,K,0.13994812965393066,0.13994812965393066,0.0008466947363587052
17,K,0.1395782083272934,0.1395782083272934,0.0008444566897273917
16,R,0.13907620310783386,0.13907620310783386,0.000841419527473119
3,C,0.1385183334350586,0.1385183334350586,0.0008380443818625203
16,W,0.13837362825870514,0.13837362825870514,0.0008371689067029357
26,I,0.13810858130455017,0.13810858130455017,0.0008355653564338049
14,D,0.13802678883075714,0.13802678883075714,0.0008350705069691813
26,E,0.13763026893138885,0.13763026893138885,0.0008326715373474592
20,M,0.1369161307811737,0.1369161307811737,0.0008283509578990927
28,L,0.1365019828081131,0.1365019828081131,0.0008258453373543153
28,I,0.13573260605335236,0.13573260605335236,0.0008211905609729265
27,P,0.1355895698070526,0.1355895698070526,0.0008203251829421519
27,W,0.13532203435897827,0.13532203435897827,0.000818706577132742
28,N,0.13482610881328583,0.13482610881328583,0.0008157061972762769
23,R,0.1347792148590088,0.1347792148590088,0.0008154224859873043
25,N,0.13469085097312927,0.13469085097312927,0.0008148878790779916
11,E,0.1335233598947525,0.1335233598947525,0.0008078244867107497
9,Q,0.1330559104681015,0.1330559104681015,0.0008049963891146045
28,D,0.13267967104911804,0.13267967104911804,0.0008027201176385104
23,W,0.1326303482055664,0.1326303482055664,0.000802421711421002
28,E,0.13231070339679718,0.13231070339679718,0.0008004878407950884
9,H,0.13218091428279877,0.13218091428279877,0.0007997026087242428
27,S,0.13183312118053436,0.13183312118053436,0.000797598439202597
25,M,0.13172762095928192,0.13172762095928192,0.0007969601564171106
10,R,0.13081605732440948,0.13081605732440948,0.000791445140722288
19,C,0.13074280321598053,0.13074280321598053,0.0007910019488898796
10,K,0.13069742918014526,0.13069742918014526,0.000790727433200359
16,M,0.13016031682491302,0.13016031682491302,0.000787477870629334
24,F,0.12973101437091827,0.12973101437091827,0.0007848805645488449
25,W,0.12967978417873383,0.12967978417873383,0.0007845706187555537
22,Y,0.1293056309223175,0.1293056309223175,0.0007823069686904721
9,D,0.12886415421962738,0.12886415421962738,0.0007796360076614318
25,R,0.12878476083278656,0.12878476083278656,0.0007791556728194726
25,F,0.12853020429611206,0.12853020429611206,0.0007776155902171471
26,D,0.1273728460073471,0.1273728460073471,0.0007706135018462514
14,E,0.12588873505592346,0.12588873505592346,0.0007616345398990638
28,F,0.12431464344263077,0.12431464344263077,0.0007521111894490289
23,F,0.12412959337234497,0.12412959337234497,0.0007509916252157573
27,Q,0.12365081161260605,0.12365081161260605,0.0007480949663119338
12,K,0.12332601845264435,0.12332601845264435,0.0007461299478467002
17,D,0.12319566309452057,0.12319566309452057,0.0007453412899642942
23,K,0.12267687916755676,0.12267687916755676,0.000742202615504307
25,C,0.12263481318950653,0.12263481318950653,0.0007419481137665347
28,R,0.12208393216133118,0.12208393216133118,0.0007386152498828276
27,K,0.12137465178966522,0.12137465178966522,0.0007343240602915329
9,K,0.12119457125663757,0.12119457125663757,0.0007332345620623517
16,D,0.12096161395311356,0.12096161395311356,0.0007318251561404729
12,E,0.12045956403017044,0.12045956403017044,0.0007287877234273928
12,M,0.11937157064676285,0.11937157064676285,0.0007222052969726607
13,D,0.11814961582422256,0.11814961582422256,0.0007148123956250582
7,E,0.11728504300117493,0.11728504300117493,0.0007095816772132909
27,R,0.11633733659982681,0.11633733659982681,0.0007038479955726776
12,D,0.1150503009557724,0.1150503009557724,0.0006960613512779548
6,D,0.11432508379220963,0.11432508379220963,0.0006916737431218187
28,P,0.11243052780628204,0.11243052780628204,0.000680211563634401
22,M,0.11203328520059586,0.11203328520059586,0.0006778082215952924
26,T,0.11133962869644165,0.11133962869644165,0.0006736115573571873
12,-,0.11102665960788727,0.11102665960788727,0.0006717180752465134
26,C,0.11090315878391266,0.11090315878391266,0.0006709708877145769
28,G,0.11026429384946823,0.11026429384946823,0.0006671057158214199
26,N,0.10895464569330215,0.10895464569330215,0.0006591822644466159
24,G,0.10615117102861404,0.10615117102861404,0.0006422210714104805
25,E,0.10264048725366592,0.10264048725366592,0.0006209812200411272
