Accession,"Abundances (Scaled): F16: Sample, 1","Abundances (Scaled): F17: Sample, 2","Abundances (Scaled): F18: Sample, 3","Abundances (Scaled): F28: Sample, 13","Abundances (Scaled): F29: Sample, 14","Abundances (Scaled): F30: Sample, 15","Abundance: F16: Sample, 1","Abundance: F17: Sample, 2","Abundance: F18: Sample, 3","Abundance: F28: Sample, 13","Abundance: F29: Sample, 14","Abundance: F30: Sample, 15"
AO090003000935,5.4,4.3,7.4,81.0,35.7,77.8,95978581.9870605,94165720.871582,129734429.947754,1888527193.22461,1011601533.03125,1584488445.70898
AO090023000944,242.7,250.1,258.5,42.9,72.6,45.7,237826599.914063,301617668.84375,250421859.734375,55147912.421875,113405944.695313,51285231.9296875
AO090003001591,231.8,214.1,244.3,62.8,84.6,60.1,9888853248.43848,11238871252.0469,10305177996.6836,3511918693.13477,5755309196.85547,2932829614.38867
AO090005001300,96.3,38.4,17.0,89.7,111.3,82.3,72042761.7236328,35320769.2558594,12570478.4018555,87936450.3984375,132825246.152344,70463643.2207031
AO090010000746,98.6,105.3,113.0,260.9,284.5,247.8,236714817.819336,310798894.894531,268195773.179688,820683634.429688,1088922821.70703,680744449.320313
AO090026000003,1.4,0.8,0.3,505.8,427.4,477.1,2416513.90185547,1555881.3984375,523758.720703125,1116246171.07813,1147486653.27344,919555804.5625
AO090023000837,7.5,13.5,3.9,324.3,397.2,321.4,2485291.98046875,5503704.03515625,1278580.14550781,141105090.554688,210245889.238281,122105255.648438
AO090005001090,83.4,99.3,56.3,22.8,25.9,21.5,198134957.771484,290290059.30957,132221002.395508,70865596.6582031,98170295.5214844,58577060.9765625
AO090003001036,13.3,5.8,10.0,0.6,0.4,0.3,101723986.98291,54830570.2553711,75946662.0004883,5622145.74609375,4504870.5,3027622.53808594
AO090003000346,32.1,24.7,22.1,23.9,33.7,23.9,34919488.9145508,32998172.0341797,23741534.6782227,34044639.4707031,58387863.3105469,29799270.3759766
AO090012000995,43.1,39.6,19.7,237.2,363.4,257.0,12452493.9238281,14070669.6074219,5623224.52832031,89822350.4296875,167444791.296875,85001590.1796875
AO090023000645,59.5,125.8,29.4,116.6,120.7,120.8,10221811.4560547,26576959.1328125,4986035.04785156,26244879.8359375,33056572.4980469,23744548.53125
AO090003000055,0.7,3.1,0.8,308.1,381.1,366.6,105004.937011719,550594.69140625,111910.290527344,58584502.1757813,88187406.9296875,60876594.8203125
AO090001000635,119.4,117.0,106.4,85.0,105.7,87.0,68220278.3300781,82210387.1210938,60107670.96875,63624604.6679688,96252144.2617188,56889714.7148438
AO090001000406,38.7,67.9,42.7,45.6,61.6,44.3,18551567.1904297,40074946.7421875,20252520.8828125,28664582.1113281,47121801.0058594,24322644.5546875
AO090102000092,16.2,27.0,15.5,160.6,106.7,160.4,16315169.8544922,33512212.4462891,15510088.9609375,212501201.203125,171845663.761719,185309799.457031
AO090038000279,31.7,82.9,38.3,13.7,51.8,12.3,75975418.0283203,244991378.21875,90875965.9589844,43077433.8164063,198380951.332031,33711669.546875
AO090011000659,15.9,34.4,5.6,255.7,226.9,240.8,2657787.0,7054068.40917969,921813.370117188,55937492.578125,60385863.9609375,45991154.234375
AO090166000084,32.6,64.4,56.8,1.3,1.9,1.5,19999648.9023438,48572296.28125,34461757.1132813,1076973.3828125,1856068.42285156,1056974.82617188
AO090005000189,56.4,62.5,62.8,36.6,34.0,35.1,19665309.1337891,26814687.8417969,21637655.0859375,16723112.7148438,18877988.5332031,14017214.4375
AO090009000219,27.0,53.7,27.2,99.3,81.8,101.0,4640682.60400391,11336464.5566406,4607463.34472656,22335775.6640625,22392363.8164063,19841453.9589844
AO090023000804,0.6,0.7,1.1,599.9,197.3,521.6,495665.08203125,789185.749755859,957228.8515625,703111049.769531,281340321.03125,533896395.710938
AO090011000046,114.2,164.1,60.4,43.0,73.1,45.0,1100289681.875,1944986817.4043,575718193.708008,543544041.871094,1123231215.70703,495871090.792969
AO090020000521,17.0,4.5,3.2,82.5,101.4,90.8,23848944.6464844,7857976.41699219,4487001.01660156,151973569.273438,227213508.546875,146079396.0625
AO090011000119,29.2,39.6,47.0,158.7,93.4,170.2,69028334.8320313,115183159.194336,109772619.791992,491444529.855469,351973454.394531,460461446.074219
AO090038000287,25.4,20.9,13.0,313.0,500.8,335.4,6822028.18554688,6897644.1796875,3441235.2109375,110040512.640625,214216503.40625,102967829.253906
AO090009000144,24.0,37.6,24.7,17.6,16.7,16.7,38624457.9140625,74599054.402832,39414370.0498047,37209432.2529297,42880745.015625,30917334.7597656
AO090011000235,10.1,33.3,22.3,22.1,21.4,20.5,5774505.63085938,23285509.8339844,12533029.6171875,16489397.6953125,19417041.4101563,13356646.1855469
AO090103000076,0.9,0.5,0.7,574.8,244.3,599.6,1814397.87890625,1294905.14648438,1379976.79101563,1485643837.19531,768370744.523438,1353229822.125
AO090020000207,40.0,32.5,34.6,12.8,16.5,11.7,11068327.7939453,11075178.1298828,9481905.24804688,4641616.43359375,7265728.9453125,3722452.31054688
AO090003000354,13.5,4.9,7.2,336.8,153.8,382.6,2790223.9375,1241642.42871094,1479209.11816406,91512628.5527344,50846638.7148438,90780110.3359375
AO090701001051,18.3,27.8,40.2,161.7,94.2,164.2,71959763.7634277,134456015.178711,156399128.100098,833672668.605469,590777800.507813,739243027.542969
AO090023000428,20.8,22.5,13.0,259.2,411.0,273.8,1803141.42089844,2396564.43896484,1109237.79882813,29430579.4140625,56777876.71875,27146809.3125
AO090005001044,67.9,47.1,45.3,36.0,36.1,36.6,59967394.6347656,51133972.4335938,39539279.5019531,41642294.71875,50833096.5078125,37042289.1679688
AO090009000471,23.3,26.2,33.4,20.9,22.0,19.0,8433790.93554688,11689952.8066406,11960078.1640625,9950884.61132813,12694683.8007813,7882833.48144531
AO090005000438,8.7,25.7,10.7,271.5,357.0,276.5,1286363.02246094,4692867.89746094,1569272.66015625,52846518.875,84520906.328125,46984835.234375
AO090003001047,7.8,5.1,3.1,244.2,593.3,259.3,1098295.85351563,887687.562011719,435767.095703125,45258430.671875,133753938.8125,41959163.1328125
AO090701000644,14.8,18.4,14.5,184.6,562.8,218.8,2272424.32128906,3474344.81933594,2194005.69335938,37117488.9921875,137695018.59375,38417732.6953125
AO090005000064,58.4,81.8,42.3,6.3,17.6,6.4,16746694.2578125,28860367.8828125,11997520.1054688,2380957.55078125,8066149.234375,2087857.48242188
AO090023000680,34.7,41.1,32.0,71.6,65.0,74.0,9089749.01953125,13269025.2792969,8281296.70214844,24607795.3398438,27195807.2929688,22214800.5546875
AO090020000710,0.2,0.3,0.2,655.9,167.6,672.2,20007.9951171875,44838.640625,24120.68359375,90104393.5,28020136.796875,80634115.25
AO090102000564,21.8,40.6,34.9,27.6,47.5,26.9,13587229.1289063,31079724.8325195,21485006.7167969,22487440.5664063,47136789.0195313,19138275.3964844
AO090003000476,104.1,98.4,94.5,9.8,17.0,8.4,33506662.4140625,38969585.0859375,30075416.8710938,4121067.76757813,8754630.45703125,3107522.37597656
AO090023000905,91.6,108.8,81.9,32.9,48.8,30.9,170822198.085938,249883812.757813,151181592.230469,80532891.3554688,145177247.628906,66055174.2832031
AO090038000395,0.1,1.9,1.5,368.5,272.1,332.4,11001.142578125,176158.985351563,112589.370117188,36400286.0234375,32695558.328125,28670452.2539063
AO090003000831,36.2,30.3,22.8,106.6,90.6,101.3,6695815.6796875,6882966.609375,4159611.91601563,25834756.9453125,26710402.265625,21431729.9375
AO090005001671,17.8,34.6,10.6,240.4,297.7,239.3,1867995.35791016,4466517.70849609,1093806.57617188,33025454.6328125,49770196.640625,28710331.59375
AO090012000708,10.4,9.7,11.4,145.2,49.9,157.3,14469973.1982422,16724174.0917969,15752882.0742188,265624434.75,111035842.71875,251285358.0625
AO090005000409,65.7,66.3,108.0,91.9,175.6,95.7,48104288.6953125,59665709.9057617,78175491.0380859,88141764.2441406,204933282.226563,80165843.4863281
AO090102000620,25.3,13.8,13.9,130.0,318.8,157.9,4870936.93261719,3276766.6875,2641382.71386719,32800214.9375,97872792.90625,34795494.15625
AO090003001171,10.9,18.1,6.4,178.0,282.6,181.7,1282384.12207031,2617160.29394531,747706.604980469,27426104.2890625,52972796.5625,24448960.5703125
AO090120000257,27.2,7.9,12.5,339.2,270.4,369.4,2355156.48925781,837149.34765625,1068550.27539063,38521087.8125,37368099.375,36641668.34375
AO090003000321,368.9,222.5,289.3,35.1,31.2,32.3,48736028.609375,36174782.6484375,37791943.171875,6073231.53808594,6566612.06054688,4882718.62695313
AO090003000888,8.4,37.3,10.7,98.2,143.5,103.6,897774.294921875,4923484.41796875,1133089.13867188,13808938.1914063,24563324.3886719,12725443.1328125
AO090010000644,2.2,0.8,0.3,490.2,479.1,463.7,295304.647460938,137767.170898438,35269.30078125,86847537.0,103273464.546875,71739347.46875
AO090009000117,31.8,35.3,29.8,23.3,33.9,23.4,42342524.1416016,57855771.0390625,39251013.2749023,40673603.2304688,71999314.9716797,35731798.8427734
AO090005001556,4.7,12.5,11.4,333.0,258.8,325.9,358273.59765625,1160353.28759766,851104.038085938,33015433.5234375,31220575.4726563,28221288.578125
AO090009000568,18.2,40.5,15.1,85.9,112.0,92.7,1854006.45898438,5066270.7890625,1513142.95898438,11447960.3046875,18154922.9296875,10785927.6523438
AO090120000215,1.9,0.5,1.2,269.1,728.1,329.4,145799.720214844,50622.365234375,86250.26953125,26660720.9824219,87751925.8125,28495408.6328125
AO090011000357,69.1,138.8,70.1,113.4,260.0,130.7,5333150.70507813,13185097.890625,5348717.99414063,11476728.9140625,32001506.46875,11546828.5
AO090120000454,35.6,21.0,30.7,0.2,0.2,0.0,18065340.3984375,13090582.2617188,15375239.7890625,127563.45703125,145102.1875,26519.294921875
AO090012000926,40.9,74.3,21.5,95.5,99.1,94.8,5667308.2578125,12679788.1601563,2946346.34082031,17358893.671875,21918833.171875,15051591.171875
AO090038000337,32.6,31.9,49.1,12.9,6.2,9.8,2856541.00488281,3439712.52929688,4252651.14648438,1476864.8984375,865546.38671875,984016.34375
AO090103000153,46.9,72.9,42.1,66.9,136.2,68.1,4509646.40039063,8613970.91015625,3999843.36328125,8424782.92578125,20870849.1015625,7488766.703125
AO090003001062,81.3,47.7,23.2,40.3,58.4,38.2,17215502.2226563,12428404.5273438,4851132.02734375,11177965.9101563,19725172.953125,9249332.62890625
AO090003001045,8.1,23.5,6.3,237.9,348.0,247.7,505022.265625,1807555.86523438,391068.597167969,19505269.4609375,34711378.84375,17736846.5703125
AO090011000052,29.0,11.9,14.9,1.9,1.4,2.9,3678656.43945313,1852795.61132813,1863610.05615234,321964.150390625,287537.342773438,422143.14453125
AO090701000071,105.6,95.1,107.3,21.7,42.4,27.4,14741196.7890625,16345792.6328125,14818861.4921875,3965687.95703125,9438841.21875,4371890.9765625
AO090001000733,1.3,2.8,2.2,327.7,408.2,376.4,77444.19140625,197903.25390625,123781.330078125,24987353.0898438,37869015.09375,25065063.4023438
AO090701000013,1.7,13.2,5.0,308.3,249.0,306.9,97676.8779296875,933409.411132813,283211.341796875,23207432.65625,22803771.375,20171757.4375
AO090701000246,100.0,60.4,54.5,198.5,155.7,192.8,22793158.34375,16925886.7109375,12267082.3867188,59274426.640625,56575870.546875,50296916.8046875
AO090102000117,22.1,24.4,19.2,124.4,266.9,150.0,1226244.19726563,1666566.23828125,1053913.85742188,9054598.3359375,23636727.265625,9536484.203125
AO090005001484,83.4,29.2,38.7,219.8,330.1,203.8,9035816.52734375,3898240.35253906,4145821.71679688,31233290.0,57067635.5,25290114.984375
AO090020000650,72.2,133.2,46.8,75.5,117.3,72.7,6209421.35546875,14090817.1640625,3982951.06054688,8508497.140625,16081669.109375,7154344.35546875
AO090010000729,1.5,9.5,4.7,290.3,367.7,308.8,63838.712890625,492901.212890625,194660.375,16044598.4921875,24731880.296875,14907574.234375
AO090120000493,1.3,3.0,0.8,333.4,676.0,388.8,79102.80859375,226508.861328125,48931.0991210938,26990734.9492188,66597298.765625,27490396.875
AO090005001509,23.3,28.9,50.5,134.2,333.7,147.1,4383958.0859375,6703467.80273438,9412782.10205078,33134750.0585938,100262027.65625,31726728.203125
AO090701000749,14.0,32.9,13.9,141.4,223.3,139.9,1240823.66210938,3588007.93164063,1221869.83740234,16446131.75,31609589.1875,14214824.40625
AO090701001053,144.0,210.1,117.7,59.4,81.7,80.3,12086200.390625,21702191.1367188,9766869.765625,6531178.453125,10943089.9746094,7717178.02734375
AO090120000112,3.1,4.9,3.6,385.9,440.1,376.9,445246.453125,849074.127929688,510326.67578125,71894406.734375,99757721.90625,61324902.5625
AO090003001498,25.0,50.5,28.2,2.0,6.2,1.8,2828535.32519531,7033419.04296875,3154202.14941406,301455.645019531,1127943.52636719,238648.4375
AO090010000482,0.6,2.0,1.0,357.4,542.0,389.2,17036.59375,65461.45703125,27802.7709960938,12698474.0820313,23426917.296875,12075475.5664063
AO090701000167,7.4,7.0,3.3,278.1,631.7,302.6,447955.690917969,525701.491210938,196594.0078125,22112090.296875,61117056.21875,21010688.390625
AO090020000520,44.4,33.8,8.2,225.9,184.6,232.1,3828223.19140625,3588963.9375,701245.426757813,25547989.390625,25398316.671875,22920603.671875
AO090701000389,50.9,78.1,32.9,91.9,160.6,90.7,4103402.890625,7745780.09375,2618489.28710938,9706242.296875,20642112.65625,8367979.5859375
AO090023000209,33.7,42.9,20.7,36.8,44.9,36.5,3686757.9296875,5764589.52539063,2241615.45703125,5266778.859375,7817558.23242188,4565205.92578125
AO090102000558,6.6,5.3,3.5,284.8,209.4,246.7,753772.384765625,746992.810546875,397952.291503906,42775071.53125,38266030.53125,32363715.59375
AO090038000417,28.0,14.0,15.8,268.3,650.7,265.1,453082.965332031,277387.837402344,252914.271728516,5683697.51953125,16769151.328125,4903209.28710938
AO090026000662,31.0,41.7,9.8,129.4,108.5,119.9,6302383.56054688,10433285.4492188,1976551.71289063,34456910.9765625,35138370.7265625,27873781.75
AO090026000708,7.1,9.0,2.6,285.0,587.1,330.1,590141.438476563,919231.643554688,210251.109375,30913926.6679688,77472425.03125,31262167.7890625
AO090001000617,82.7,70.4,93.3,3.4,6.4,4.1,7466555.375,7815976.5390625,8331244.09375,404964.525390625,917536.484375,419614.765625
AO090003001507,20.1,11.9,5.7,273.9,179.5,314.8,1902641.40625,1390078.5703125,532526.020507813,33948067.5,27074086.890625,34067753.578125
AO090020000517,37.6,33.5,27.5,49.8,66.0,56.6,4397716.046875,4823738.0234375,3179270.71582031,7628293.125,12295452.7597656,7570006.359375
AO090103000007,,,,329.9,479.0,366.4,,,,9321591.953125,16466131.765625,9040470.46875
AO090012000590,122.5,105.3,106.4,63.1,140.1,68.2,11814735.828125,12496178.1953125,10149716.8515625,7981904.328125,21547857.78125,7526961.875
AO090103000216,9.2,10.7,9.5,417.2,523.8,327.3,456327.170410156,650960.568359375,461952.357421875,26998372.140625,41244671.2265625,18496558.359375
AO090005000789,2.3,4.2,,346.7,474.6,356.5,42984.330078125,95774.7177734375,,8429513.453125,14040238.9375,7568818.421875
AO090009000457,105.7,100.8,112.6,98.8,134.3,116.8,9402586.15625,11031054.9921875,9902165.04443359,11517267.1484375,19059879.796875,11891681.6640625
AO090003001484,68.5,81.9,38.4,116.4,186.1,119.8,21548213.28125,31712925.09375,11938119.0488281,48010861.375,93426001.4375,43157960.28125
AO090005001347,11.2,22.1,22.3,22.4,20.0,37.4,487424.275390625,1185234.33398438,963088.94140625,1280768.33984375,1394933.140625,1866714.92578125
AO090003000746,26.6,70.3,11.8,144.6,99.2,138.2,1118457.98632813,3630291.19726563,491003.209960938,7960292.8828125,6640500.7421875,6640902.203125
AO090113000063,20.8,5.2,3.0,73.0,917.4,91.5,460755.568359375,142079.494628906,66634.3110351563,2118720.4765625,32413031.8125,2321318.6640625
AO090038000420,35.9,23.4,46.3,1.9,0.6,0.4,5551774.078125,4453111.5703125,7088260.515625,395562.177734375,155220.966796875,65750.763671875
AO090003000680,28.4,31.4,16.0,17.1,25.7,17.8,2481135.3671875,3368495.12890625,1382664.60742188,1957781.0703125,3581644.0,1776812.45703125
AO090003000053,46.2,33.0,29.2,118.4,199.9,122.7,6345064.4375,5566716.24804688,3969132.3671875,21312685.625,43780784.0625,19283320.5625
AO090023000241,4.7,3.2,,261.0,411.7,316.8,214948.546875,178338.3203125,,15599723.3125,29937187.75,16535778.1875
AO090026000516,44.9,35.5,49.0,192.7,359.7,187.9,3094239.48730469,3008437.7265625,3338449.83984375,17397408.5078125,39519010.984375,14817007.78125
AO090003000140,42.6,23.1,7.0,34.8,55.9,36.2,2507125.5234375,1670411.3125,405349.625,2683093.8046875,5245373.2265625,2438674.58203125
AO090701000220,71.6,121.6,42.9,25.5,66.5,28.7,5517038.0078125,11525643.1054688,3265465.96289063,2576929.20703125,8169946.7890625,2535610.7421875
AO090009000493,26.3,33.0,17.8,140.7,139.7,130.7,1405905.20019531,2170319.08544922,939182.39453125,9868676.45507813,11918090.140625,8006558.85351563
AO090038000258,26.9,12.6,12.8,169.6,116.1,197.7,3253016.15234375,1882532.3671875,1537835.26953125,26914402.71875,22411565.828125,27399795.8671875
AO090011000638,42.6,33.5,23.5,137.0,402.6,162.0,10839773.9960938,10483891.8203125,5919130.83789063,45673734.640625,163256718.984375,47147384.0390625
AO090009000634,0.2,1.1,,334.8,373.7,339.2,3742.13745117188,32558.5463867188,,10529349.609375,14299064.0078125,9315164.3125
AO090003000257,,1.0,,398.9,577.8,414.0,,26397.4584960938,,11453085.9296875,20183821.171875,10379908.2382813
AO090206000073,4.6,10.5,4.5,393.3,300.0,401.7,154033.549316406,429535.541015625,146433.9453125,17091720.78125,15860475.25,15243817.46875
AO090023000918,105.6,168.9,72.8,56.0,138.9,64.3,26314834.796875,51796915.2109375,17951223.6123047,18292171.9453125,55209013.7578125,18344226.296875
AO090003001227,43.5,13.1,7.3,308.5,491.9,316.7,2935823.42871094,1088046.15234375,484897.831054688,27299206.5058594,52960542.859375,24476567.125
AO090102000627,22.7,59.0,25.9,103.9,373.2,112.8,811842.452148438,2592564.41015625,914868.0,4865300.0078125,21255477.96875,4610101.48828125
AO090005000617,1.3,8.7,1.9,272.4,481.6,309.3,43270.58203125,362933.4375,63716.2578125,12117832.609375,26068393.6875,12015878.8125
AO090701000089,9.1,0.8,3.1,236.6,832.5,310.1,182912.859375,20079.7265625,62437.7470703125,6263704.09375,26820643.3125,7170753.90625
AO090701001162,4.1,13.0,17.4,375.5,292.7,331.4,171170.388671875,667886.260742188,717027.640625,20544932.0625,19482877.8125,15836516.25
AO090026000766,46.2,77.7,52.6,99.8,137.2,94.5,2697631.76953125,5575816.26953125,3032279.24414063,7631019.0234375,12762156.484375,6310194.265625
AO090120000335,23.9,40.6,13.2,156.5,306.8,184.9,2353054.76269531,4919355.8125,1281288.79492188,20188039.359375,48143308.96875,20824553.65625
AO090701000540,14.1,18.6,9.3,16.9,16.8,23.5,1528366.09765625,2483971.796875,1004578.84375,2413009.47265625,2912637.5703125,2928700.9375
AO090023000474,55.7,82.5,57.9,34.4,42.9,36.6,7385334.04101563,13455252.1640625,7590947.875,5980740.43359375,9061594.953125,5552018.078125
AO090012000372,135.2,202.5,89.6,99.8,232.8,104.3,8535700.6328125,15738218.03125,5596825.5546875,8261928.71875,23447994.03125,7537820.98828125
AO090102000089,4.4,7.8,6.9,12.5,22.4,16.8,436719.125488281,954516.138671875,681590.877929688,1635513.20800781,3556345.0859375,1907228.21484375
AO090003000938,21.4,12.3,13.1,180.9,326.4,202.5,1316929.625,930930.0,797355.296875,14576817.78125,31999937.21875,14247848.6015625
AO090023000923,2.8,12.0,2.7,196.9,119.3,192.4,72542.9184570313,387016.924316406,70165.037109375,6740100.53125,4969302.84375,5753006.546875
AO090038000471,0.8,,,405.4,649.4,424.6,9716.515625,,,6209741.859375,12102954.125,5679646.4375
AO090038000562,19.9,22.4,14.1,192.1,394.4,209.3,612844.5,849568.926757813,431092.948242188,7770442.59375,19407846.921875,7391160.4765625
AO090009000579,141.6,177.5,141.4,85.0,123.9,86.9,11730387.625,18095804.59375,11583383.5429688,9236866.3828125,16370909.65625,8238371.4375
AO090701000525,42.0,89.0,20.3,155.5,298.1,172.6,2350955.8828125,6124367.61523438,1121392.03320313,11398016.2421875,26584672.921875,11045410.8125
AO090023000264,12.2,15.4,1.5,248.7,520.6,255.6,227319.915039063,353273.58984375,26945.841796875,6065218.8671875,15445513.671875,5443019.609375
AO090012000998,15.5,25.8,5.7,377.6,311.6,354.4,339972.381835938,697252.940429688,122678.643554688,10852616.65625,10897779.546875,8896343.484375
AO090005000588,1.8,4.8,2.1,118.5,124.3,116.1,38580.44921875,125928.685546875,45144.908203125,3305961.9921875,4219520.515625,2827787.0625
AO090012000725,,2.2,,572.9,251.3,575.9,,29803.515625,,8392479.5,4479283.3671875,7366590.109375
AO090011000202,,0.6,0.8,291.4,568.0,311.7,,21320.8071289063,22641.927734375,11079427.2890625,26276200.5,10348625.7109375
AO090005000457,15.8,27.9,24.0,186.0,208.0,169.8,371118.4296875,805796.745117188,558140.234375,5733717.015625,7800909.7265625,4569558.6328125
AO090120000058,50.6,120.4,73.9,1.0,5.0,2.6,1501931.37597656,4401060.75976563,2171529.47949219,39067.20703125,237452.61328125,88299.33203125
AO090020000162,75.3,111.9,70.1,204.7,261.1,194.0,2499508.828125,4570868.171875,2300841.15039063,8902205.328125,13819657.90625,7368775.46875
AO090005000897,31.9,27.4,20.9,127.4,84.3,140.1,18459779.1953125,19482263.25,11917504.0566406,96537443.1875,77695843.546875,92640051.671875
AO090011000626,,0.8,,414.1,300.1,454.7,,110135.4375,,59513363.671875,52463691.765625,57065583.234375
AO090009000553,177.0,158.0,166.3,68.6,112.0,75.0,93258234.984375,102479380.6875,86630033.59375,47390347.125,94138633.25,45262295.5
AO090010000480,,1.6,0.7,349.8,503.4,399.7,,34856.26171875,12562.0498046875,8282114.09375,14500634.8125,8264098.0
AO090011000808,53.9,54.2,57.5,322.2,214.6,303.9,2821956.86230469,3493397.58789063,2977628.99609375,22114462.25,17916279.1484375,18209787.8828125
AO090012000125,2.7,0.7,0.4,432.5,523.8,453.5,205933.446777344,64917.1005859375,31204.4423828125,42874059.0820313,63176646.125,39257730.65625
AO090120000279,46.9,89.5,51.5,75.7,65.6,70.1,2840558.51171875,6672295.984375,3083241.625,6011595.640625,6335629.234375,4859441.75
AO090026000298,50.7,66.4,44.4,67.8,102.6,74.0,5327471.0546875,8586305.8203125,4616010.421875,9349296.828125,17197346.4375,8902632.7265625
AO090011000883,3.6,3.4,1.9,355.1,512.0,373.5,104545.051757813,123730.25390625,53840.189453125,13647396.59375,23943638.875,12535557.015625
AO090020000015,1.7,,,439.2,348.2,403.4,20258.34765625,,,6687720.875,6450237.328125,5364544.265625
AO090012000482,46.8,68.6,70.3,90.1,151.5,95.6,5461465.19677734,9839221.08007813,8101455.609375,13771550.9140625,28176249.03125,12759969.25
AO090011000053,3.8,4.5,9.4,263.4,270.3,216.1,159701.4609375,233445.670898438,395836.6796875,14667997.3046875,18308713.109375,10509112.9921875
AO090003001322,0.1,2.1,0.3,340.9,489.6,405.4,20358.6640625,395509.35546875,38897.1787109375,69878937.578125,122080480.71875,72557459.4375
AO090011000414,,0.1,0.2,336.6,538.4,411.5,,7511.728515625,12204.76953125,27196163.015625,52916786.640625,29028204.421875
AO090005000639,3.7,0.5,2.2,329.7,562.4,352.1,50507.767578125,8028.74462890625,29874.58984375,5899307.3671875,12243851.1875,5502424.46875
AO090103000073,25.1,34.9,46.3,12.3,15.0,10.1,1102802.41162109,1882831.26757813,2011445.04785156,705018.52734375,1050390.328125,505603.86328125
AO090011000486,29.6,6.0,0.4,324.2,477.9,350.5,479441.8125,118788.4609375,6389.01171875,6880546.609375,12339047.5,6495231.7421875
AO090003000121,7.2,22.7,7.6,317.8,354.9,298.4,88432.5522460938,343334.266601563,92589.2900390625,5122658.01953125,6959131.265625,4200884.29882813
AO090005000871,30.8,29.9,16.2,170.8,241.6,138.1,924491.970703125,1104001.22265625,480420.173828125,6722731.2109375,11566426.9921875,4744924.859375
AO090010000704,,0.5,0.3,122.0,133.6,196.1,,37558.68359375,22175.5234375,10672090.0546875,14219228.71875,14983562.46875
AO090113000062,47.2,27.1,31.1,91.4,274.3,98.6,2545371.16015625,1798897.1015625,1661576.15234375,6465444.53125,23620337.0,6092439.6015625
AO090020000008,35.5,48.3,24.2,94.2,305.6,94.1,720308.11328125,1206172.56640625,485954.775390625,2507778.1484375,9896013.84375,2187692.4921875
AO090012000809,1.9,5.8,,103.1,129.3,105.5,38383.802734375,143848.057617188,,2741657.16796875,4184718.96875,2450323.84375
AO090038000364,24.0,27.2,27.3,129.6,170.5,113.8,756047.9453125,1054054.6953125,849155.810546875,5350404.7734375,8560657.578125,4102108.03125
AO090001000526,2.1,,,339.7,448.2,342.3,16401.4116210938,,,3521631.53125,5653440.9375,3099292.8359375
AO090023000056,88.2,146.6,88.2,30.4,167.3,34.7,5875222.5546875,12011493.03125,5808213.0546875,2658182.578125,17776825.53125,2644395.6484375
AO090026000651,16.1,23.3,16.9,282.5,511.8,334.0,298181.642578125,530839.3984375,309122.139648438,6867073.609375,15135216.78125,7088417.03125
AO090003000457,2.0,4.1,,212.0,821.9,242.7,22843.044921875,56844.6875,,3117857.9375,14708390.0625,3117070.546875
AO090012000528,64.9,51.2,13.1,251.1,317.7,238.3,1350185.39550781,1309348.04003906,268411.551757813,6845081.453125,10538971.984375,5673159.078125
AO090011000195,3.1,1.9,4.5,112.5,39.8,138.4,550021.568359375,411033.51953125,782419.337890625,26174294.0,11271903.703125,28112217.25
AO090011000745,70.7,87.8,94.4,12.8,6.1,8.1,4150453.0625,6344329.625,5479817.921875,985766.203125,567683.7578125,547290.98828125
AO090103000136,6.2,8.5,5.6,286.2,607.4,314.9,174347.7734375,291375.10546875,155183.098632813,10510807.2734375,27140123.0,10098879.546875
AO090003000174,,,,536.5,368.1,532.5,,,,5001763.4765625,4175663.1640625,4334721.65625
AO090010000202,131.4,149.5,80.0,20.5,89.4,30.8,4104035.3515625,5747015.90625,2470524.109375,839629.65234375,4456086.296875,1103260.20898438
AO090003000661,,,0.6,192.4,457.9,189.7,,,12135.544921875,5411565.65625,15666694.71875,4658510.984375
AO090003000927,,0.9,,269.1,524.2,290.1,,18716.33203125,,6020318.046875,14268697.84375,5667523.140625
AO090026000260,,6.6,9.5,289.6,371.5,323.6,,143105.704101563,166160.0,6694867.3125,10446525.28125,6531675.390625
AO090701000295,16.4,22.6,36.3,75.3,41.4,76.1,50738916.8925781,85911470.0341797,111040273.242188,304919318.390625,204076555.699219,269059270.244141
AO090001000383,57.9,60.5,43.4,154.6,138.8,159.7,4714127.43994141,6061250.125,3493081.80664063,16504472.859375,18027715.1523438,14885694.296875
AO090012000143,1.1,11.0,6.3,5.2,,6.9,95337.4375,1171774.9375,539626.3515625,593757.515625,,689037.515625
AO090103000340,1.2,23.8,12.9,183.7,249.6,211.3,18235.310546875,453750.990234375,198295.470703125,3736433.3515625,6178247.515625,3754138.0234375
AO090023000915,55.5,68.2,76.2,39.5,36.4,43.1,7049687.0625,10660737.15625,9570623.4375,6579132.875,7370579.0625,6262366.734375
AO090011000475,16.0,13.3,10.9,108.2,339.6,111.3,456490.994140625,466915.282714844,307771.419921875,4048547.078125,15458699.25,3638064.14453125
AO090001000485,,1.9,2.6,526.9,327.2,563.6,,87074.71875,97183.71875,26113625.78125,19726045.5,24389515.09375
AO090011000051,18.9,13.9,25.7,73.4,81.9,46.3,728714.0546875,660209.017578125,980009.060546875,3713504.0234375,5045422.2421875,2047521.21875
AO090009000315,9.9,7.5,8.7,295.2,546.7,293.3,121890.59375,113357.900390625,105906.060546875,4782227.171875,10776901.09375,4149458.78125
AO090009000264,,,,396.7,437.4,384.6,,,,7472544.515625,10022466.0625,6325353.375
AO090003000607,,,,502.2,351.5,563.1,,,,16331524.75,13907138.125,15988396.8125
AO090012000110,176.4,48.5,50.4,207.6,289.2,210.6,3877404.296875,1310901.44726563,1095071.875,5982023.796875,10141551.828125,5301006.2734375
AO090003001087,29.1,36.8,7.1,127.1,762.1,165.4,237393.78125,369271.2890625,57313.91015625,1358280.11914063,9909944.71875,1544027.17675781
AO090113000132,,,0.4,519.4,426.8,541.8,,,7994.85888671875,14004312.0,13998994.96875,12757305.84375
AO090120000056,,,,,,,,,,,,
AO090113000080,11.0,12.7,10.8,369.3,504.6,373.1,476850.369140625,674491.35546875,463299.125,20975372.875,34863589.6875,18503863.875
AO090005000652,65.8,60.5,87.6,67.7,44.6,63.1,4716614.421875,5338684.9375,6211236.46875,6360260.46875,5101284.96875,5176991.83203125
AO090003000239,5.5,22.5,22.0,46.8,8.5,41.5,227742.783203125,1134746.4375,893688.619140625,2521769.0625,553758.42578125,1953578.078125
AO090020000314,144.9,122.6,28.6,185.0,163.3,159.6,2704590.328125,2815490.984375,527533.138671875,4528050.234375,4862138.359375,3411281.296875
AO090023000439,78.6,64.8,165.1,34.6,22.3,37.3,5322787.5625,5401036.046875,11049031.375,3070845.6015625,2410789.2109375,2893368.1796875
AO090020000351,,6.3,,472.6,446.4,495.1,,63982.32421875,,5118239.703125,5882328.46875,4683070.03125
AO090009000356,189.9,71.6,143.6,116.0,145.4,76.4,2797995.5625,1298490.10546875,2091973.2578125,2239405.9609375,3415632.90625,1287979.3671875
AO090011000266,35.1,41.2,38.2,16.2,26.6,24.0,5722428.8515625,8263468.4140625,6158560.63671875,3454400.78125,6907136.47265625,4481298.125
AO090003000679,105.3,65.6,82.6,104.6,224.0,100.8,927819.68359375,711815.25390625,719592.9296875,1208516.2578125,3148294.28125,1016482.0078125
AO090003000833,13.3,19.0,16.7,38.8,53.4,43.5,589116.249023438,1040108.03125,734590.5625,2260524.2578125,3784110.546875,2210748.44921875
AO090120000174,70.8,110.3,26.4,56.2,83.2,66.2,6167987.3125,11818062.71875,2276670.15625,6415701.328125,11555715.3125,6594817.78125
AO090009000313,30.0,31.1,14.2,249.6,333.4,310.8,1059725.515625,1352533.296875,494964.40234375,11565617.671875,18792628.890625,12574276.03125
AO090038000270,28.9,26.1,10.3,201.1,437.1,303.1,844425.0859375,939054.203125,297763.08984375,7695317.765625,20350872.9375,10127692.9375
AO090001000110,8.2,10.6,5.7,262.8,600.9,308.2,161184.407226563,258022.76953125,111325.607421875,6804276.98828125,18932458.875,6968544.22851563
AO090701000359,7.9,9.1,7.4,518.4,271.7,542.3,108681.583496094,152960.6484375,99646.5537109375,9302683.296875,5932708.765625,8497502.53125
AO090011000633,9.8,17.1,3.4,182.2,429.6,200.1,321626.439453125,691087.286132813,108507.83984375,7823071.234375,22440788.2841797,7503618.1875
AO090003000876,20.5,26.9,22.2,246.3,392.0,274.1,223606.5703125,360509.690429688,238953.3046875,3517160.49609375,6810313.3515625,3418631.6328125
AO090011000300,36.4,95.1,103.7,32.8,44.5,34.1,1227100.46875,3945723.7578125,3455399.34375,1447557.203125,2393494.3046875,1315147.046875
AO090120000169,,,,440.9,556.9,479.9,,,,17595422.0,27040198.78125,16722657.46875
AO090120000186,,,,239.3,838.2,311.0,,,,1896577.15625,8081191.25,2152341.046875
AO090701001230,12.2,13.4,23.4,10.6,13.2,10.6,619014.71875,834058.111328125,1170796.73925781,700976.395507813,1065501.8046875,615999.9140625
AO090003001461,60.1,8.6,52.8,6.3,5.7,6.7,952023.094726563,167305.53125,826576.6875,129742.150390625,144201.6953125,121318.4140625
AO090701000919,6.1,8.7,8.7,204.8,384.7,240.6,167972.401855469,293475.5703125,234688.41015625,7349395.5390625,16795342.875,7540991.0625
AO090012000706,512.7,410.4,363.5,3.6,4.2,4.5,3702683.140625,3647191.9296875,2595427.33203125,34026.8125,48151.744140625,37529.875
AO090005000996,,0.3,,483.1,435.8,490.6,,9168.275390625,,18657613.375,20477578.59375,16546442.875
AO090020000450,,1.2,,369.2,478.4,446.9,,33969.9736328125,,10990839.421875,17324952.3125,11614921.515625
AO090102000440,183.3,131.7,416.3,2.5,2.9,2.1,26161800.46875,23122151.3945313,58744366.1875,467912.67578125,669143.3125,347010.986328125
AO090010000586,16.7,16.1,12.8,42.7,64.2,46.5,408971.241210938,485271.13671875,310358.892578125,1373538.51171875,2511218.0234375,1305903.77734375
AO090003000415,21.9,47.1,16.8,90.5,159.7,94.3,327876.520507813,868232.099609375,248655.239746094,1778455.5703125,3817534.703125,1617466.515625
AO090038000357,6.7,10.2,5.9,230.6,384.1,239.8,126274.83984375,235736.78125,110361.17578125,5686170.625,11525061.4375,5163155.125
AO090020000514,122.2,152.5,74.7,47.1,43.6,45.0,7517146.8125,11537191.59375,4540973.3828125,3793961.75,4280566.59375,3165510.84375
AO090003000947,103.9,81.9,60.6,121.1,176.6,120.9,36391977.0390625,35310893.546875,21005654.4277344,55586777.9960938,98689193.875,48486600.4375
AO090012000613,,,,404.7,391.8,425.7,,,,9822920.53125,11572254.109375,9022937.375
AO090102000501,0.8,10.5,1.2,48.3,230.1,51.7,11256.2392578125,181277.262695313,17165.693359375,888651.70703125,5147667.4375,830246.8671875
AO090701001146,1.8,4.0,1.3,312.0,651.0,347.7,61714.83203125,173262.294921875,46444.044921875,14421941.34375,36616203.5625,14035518.625
AO090026000408,1.9,4.5,,361.4,393.3,472.0,32523.498046875,96142.2421875,,8215169.40625,10877853.78125,9369611.484375
AO090023000872,6.8,49.5,17.6,80.7,167.5,81.5,191514.541015625,1704179.58398438,486769.16796875,2959521.34179688,7479878.35546875,2611449.07226563
AO090009000060,142.1,179.5,135.9,13.5,40.0,14.7,6813784.875,10590382.03125,6442541.71875,847162.953125,3057253.3125,809331.08203125
AO090005001092,,17.8,4.4,373.2,318.9,419.9,,162191.19140625,31962.759765625,3618807.265625,3762535.125,3555215.625
AO090001000511,33.1,75.4,19.6,70.4,85.9,61.6,442877.474609375,1241948.0078125,259537.994140625,1234306.0859375,1832610.8984375,944218.774414063
AO090005000347,61.2,69.5,57.8,90.0,141.9,94.1,1390844.25,1946333.26953125,1299020.91015625,2681851.0234375,5146418.0,2451140.109375
AO090701000344,70.6,90.0,57.1,9.9,19.1,11.9,2663030.5078125,4181546.1640625,2132682.03515625,487729.971679688,1148291.90625,515927.926757813
AO090003001231,0.9,0.9,,320.5,620.9,352.3,5372.85791015625,6338.1162109375,,2419778.98046875,5702891.5,2322141.73242188
AO090011000131,36.7,53.5,39.5,45.9,79.3,50.8,1334709.09375,2395211.8359375,1420891.65625,2189475.890625,4598660.671875,2114266.53125
AO090012000526,29.4,20.6,10.0,222.6,259.9,241.5,391109.44921875,338004.688476563,131136.828125,3882751.4375,5516114.4375,3678574.765625
AO090005000253,,1.0,0.9,31.7,23.9,30.3,,30727.30078125,21412.939453125,1028490.76660156,944763.568359375,857711.333007813
AO090003000270,178.6,20.1,12.1,162.3,507.7,177.2,8238304.171875,1142068.7734375,550960.70703125,9814499.75,37347412.6875,9356719.90625
AO090003000693,9.4,1.4,1.2,392.8,511.0,374.3,197529.223144531,37359.48046875,24585.3388671875,10818870.8984375,17120317.0,9001252.9140625
AO090701001221,,1.9,,251.0,316.3,268.9,,22381.73046875,,3226715.09375,4947017.03125,3018667.484375
AO090011000362,44.2,45.9,47.0,11.6,16.4,10.4,698754.1015625,891887.578125,735074.5625,240972.14453125,413021.2734375,187746.43359375
AO090011000565,79.3,104.1,84.2,42.8,54.8,45.6,13684222.3427734,22113601.1289063,14376853.1962891,9688371.7265625,15085816.3828125,9008757.08984375
AO090023000977,133.3,142.6,55.3,34.7,76.4,46.8,2450686.71875,3226760.765625,1005663.62890625,836930.177734375,2242298.52148438,984447.109375
AO090026000254,13.1,18.0,15.0,146.1,201.4,166.3,1284843.19335938,2179110.546875,1455264.39257813,18794217.75,31512317.375,18681413.75
AO090005001065,1.2,3.4,,181.6,802.7,214.5,9239.494140625,32778.5771484375,,1886582.078125,10148909.3125,1946201.99609375
AO090003001523,26.0,30.7,15.7,72.5,121.1,98.3,399074.474609375,578275.109375,238535.89453125,1456038.390625,2958961.84375,1724944.859375
AO090701001117,,,0.8,425.8,476.6,493.2,,,11875.345703125,8651137.265625,11781646.21875,8750035.609375
AO090206000109,48.2,49.6,35.9,75.0,177.0,68.5,1370159.6953125,1733269.453125,1009024.265625,2792930.125,8019233.875,2226253.12890625
AO090026000700,23.1,15.2,9.7,367.3,398.0,372.6,238890.646484375,192996.927734375,99465.1552734375,4973388.78125,6556904.90625,4405843.0625
AO090005000231,39.8,69.8,29.2,1.8,2.3,3.9,1136017.2109375,2453385.0625,823961.189453125,67579.0234375,106325.91015625,128046.443359375
AO090001000337,1.3,1.1,,436.6,548.2,385.8,26764.40625,29078.33203125,,11988487.2265625,18312638.03125,9249020.4453125
AO090120000344,2.7,5.3,,115.2,640.8,137.9,20445.4140625,49833.5029296875,,1158758.13085938,7841255.078125,1211538.03125
AO090009000653,3.7,6.5,3.3,419.4,540.3,407.1,33271.51953125,73174.0625,29675.92578125,5002513.46875,7840931.5625,4239916.5625
AO090701000720,92.6,9.9,3.5,312.9,288.6,294.8,543461.344726563,71609.58984375,20097.1098632813,2407259.421875,2701378.859375,1980351.7890625
AO090003000729,,1.0,,286.8,274.8,273.9,,18620.0415039063,,5492102.40625,6402392.28125,4580449.84375
AO090701001249,17.9,15.3,3.9,347.5,309.5,336.9,171052.404296875,179944.385253906,37212.6928710938,4346696.0,4709815.671875,3679989.6171875
AO090120000068,,,,486.6,429.9,528.6,,,,3945450.1875,4240974.765625,3742922.375
AO090023000811,2.9,4.1,4.6,264.4,554.1,297.2,32037.9262695313,55804.3603515625,50862.54296875,3841277.59375,9794834.1875,3770711.953125
AO090701000473,39.5,80.2,29.2,137.2,233.7,144.0,1576284.7421875,3937368.015625,1151911.02734375,7172079.5,14868360.0625,6577045.3125
AO090005000582,11.7,36.6,10.8,242.9,431.3,269.1,211830.3828125,818345.98828125,194715.466796875,5782001.75390625,12490925.78125,5593750.1640625
AO090023000609,67.5,83.0,66.4,7.2,3.3,4.4,1975616.2265625,2987184.5703125,1920581.5078125,275757.23828125,155573.515625,147797.0
AO090023000891,62.2,38.2,19.6,128.4,260.6,145.2,503231.2734375,379912.453125,156567.1484375,1361854.78125,3362163.5,1344637.03125
AO090011000139,,,,540.8,418.8,507.6,,,,4842577.91796875,4562909.96875,3968987.42578125
AO090113000129,,,,299.9,461.8,344.8,,,,2331282.671875,4368339.8125,2340511.15625
AO090012000287,44.7,43.4,44.5,254.5,167.9,240.6,491012.375,586345.373046875,482856.920898438,3665160.515625,2942013.1875,3025852.03125
AO090701000725,1.6,4.6,2.6,588.0,232.3,591.0,6677.4013671875,22844.2670898438,10255.9140625,3120042.46875,1499625.18945313,2738400.8359375
AO090120000080,,1.2,3.0,394.0,396.0,381.2,,23531.15234375,47164.037109375,8182378.546875,10005631.5625,6913640.890625
AO090003001209,170.4,171.4,153.0,193.4,209.2,172.5,2558928.78125,3168571.1953125,2272519.9765625,3808130.75,5012274.0625,2966814.953125
AO090010000777,20.2,16.9,5.1,159.4,357.0,196.7,167533.771484375,172807.2265625,41936.15625,1732254.375,4719306.0,1866547.609375
AO090009000672,,9.1,,333.6,547.8,373.2,,50685.462890625,,1972625.484375,3941215.5625,1927031.7578125
AO090009000149,,,,278.9,795.7,307.1,,,,1688485.2421875,5861546.4375,1623860.6484375
AO090003000636,3.6,5.1,1.3,201.9,251.3,227.7,71408.697265625,126122.375,24973.19140625,5311091.59375,8040743.25,5228294.8125
AO090003000045,50.0,45.0,61.0,25.7,12.3,10.2,1948482.453125,2156019.921875,2349743.15625,1310555.53125,764442.78125,456755.3984375
AO090113000146,116.5,119.7,113.4,21.1,38.8,19.2,2194925.1328125,2774319.53125,2113159.4140625,521355.6171875,1167010.8828125,413466.96484375
AO090023000856,98.5,110.0,21.8,67.6,175.4,79.7,1103910.34375,1517182.5546875,242040.78515625,993316.515625,3134548.890625,1022009.19140625
AO090003000805,,,,597.3,310.4,552.7,,,,7326710.609375,4632060.78125,5920880.3125
AO090138000136,163.3,69.9,223.0,1.9,3.4,,870101.59375,458018.671875,1174564.3125,13114.6591796875,29259.7890625,
AO090001000492,123.3,157.8,90.6,21.2,61.9,25.1,1403166.3046875,2209699.3125,1019483.359375,315829.0703125,1124097.69921875,326783.6640625
AO090701000717,42.7,95.7,62.6,46.9,88.9,47.8,1936632.1953125,5342946.90625,2808731.453125,2787975.5625,6432370.125,2482193.6328125
AO090009000557,13.3,40.7,16.9,253.7,192.5,220.9,78859.591796875,296863.669921875,99018.0126953125,1973210.25,1820873.2734375,1500427.1171875
AO090120000474,229.6,400.0,64.3,20.9,68.1,22.9,2955373.03125,6334958.5625,818349.40234375,352673.71875,1398755.40625,337819.375
AO090003001320,55.9,56.8,48.4,167.4,202.3,135.6,1341653.0625,1677581.90625,1148987.015625,5267153.25,7742524.0,3725673.6875
AO090020000403,54.2,36.5,37.3,91.6,190.3,113.9,2436649.9375,2017426.78125,1660095.96875,5402710.328125,13653036.21875,5864727.78125
AO090011000430,41.8,49.5,42.9,29.9,60.9,36.0,423673.171875,618027.73828125,430368.87109375,397716.82421875,985373.6875,418179.203125
AO090026000264,,0.6,,230.5,438.6,270.1,,7961.521484375,,3431215.75,7941459.125,3510036.59375
AO090026000175,0.4,0.3,0.3,658.3,168.8,644.5,11344.0390625,11185.220703125,10245.171875,27618247.5625,8614194.6953125,23611992.265625
AO090005000169,98.7,28.5,34.7,168.7,202.3,161.0,726238.3125,257894.94140625,252706.58984375,1626367.84375,2373524.15625,1355785.4609375
AO090003000004,33.8,54.8,0.7,400.2,192.7,383.6,219150.25390625,437464.4296875,4290.86962890625,3405055.734375,1994981.21484375,2850362.53125
AO090011000679,26.3,48.2,7.9,266.7,189.8,231.1,185745.345703125,419408.4140625,55191.666015625,2469672.3125,2138246.9296875,1868715.9140625
AO090026000772,31.1,22.0,10.3,87.4,200.8,43.6,330312.169921875,288257.14453125,107990.956054688,1218229.6875,3405767.328125,530674.595703125
AO090124000044,6.0,6.4,2.8,124.4,284.2,127.3,79744.5,104153.08984375,36166.6088867188,2158609.078125,6001039.375,1929389.296875
AO090012000676,,5.5,,342.0,594.8,333.5,,18398.078125,,1227923.59375,2598526.03125,1045723.4765625
AO090701000107,,,,296.9,881.9,268.2,,,,539686.27734375,1950593.3125,425808.02734375
AO090003001406,28.0,34.1,37.6,,4.3,,225364.060546875,337267.591796875,298892.578125,,55135.896484375,
AO090005000436,,,,195.9,318.2,252.2,,,,5146491.328125,10172215.78125,5786152.390625
AO090003000923,25.8,32.0,12.2,35.7,30.4,10.8,175271.90234375,267531.036132813,81922.216796875,317601.244140625,329217.064453125,84291.27734375
AO090038000454,,,,250.1,700.0,382.0,,,,1033015.390625,3517066.96875,1377558.921875
AO090701000168,,,,325.1,589.2,336.6,,,,4796732.78125,10577485.1875,4336637.0
AO090003000725,,1.3,,394.0,329.1,444.5,,20836.3012695313,,6596767.21875,6704844.46875,6499914.4375
AO090102000639,28.2,39.2,1.5,284.8,281.9,268.3,134331.370117188,229926.01171875,7199.0625,1778676.65625,2142571.859375,1463481.671875
AO090023000476,2.6,2.9,2.9,319.5,621.1,388.5,11902.015625,16280.45703125,13047.8642578125,1883527.890625,4455173.0,2000259.390625
AO090102000438,144.9,73.0,221.0,0.4,0.8,,3365750.546875,2085080.3203125,5075091.328125,13114.6591796875,29259.7890625,
AO090012000670,,,,327.8,590.3,317.4,,,,1071722.5625,2348233.2265625,906288.13671875
AO090120000408,38.8,31.0,5.3,160.7,434.9,162.5,171715.80859375,168534.66796875,23364.13671875,931170.21875,3066617.25,822320.9375
AO090023000801,61.2,49.1,48.6,50.1,86.7,57.4,934405.20703125,923716.462402344,733956.465820313,1002605.40625,2112753.3125,1004398.96875
AO090023000900,26.1,15.3,10.2,160.3,326.4,151.3,306189.96875,220309.666015625,118637.5625,2465683.09375,6109199.46289063,2032227.92578125
AO090701001036,,,,389.4,470.3,467.8,,,,7948551.9375,11681747.0,8339442.5
AO090011000764,,,,387.7,360.6,395.9,,,,1482485.109375,1677664.9375,1322063.203125
AO090124000079,,,,197.5,449.1,253.9,,,,2708929.7265625,7494407.359375,3040888.5625
AO090001000071,81.2,47.9,83.5,1.9,1.4,2.0,1407751.51953125,1022544.3046875,1431062.1796875,42983.62890625,37916.81640625,38888.57421875
AO090102000586,106.2,107.0,64.4,145.7,170.6,114.2,821825.5859375,1019769.34375,493334.13671875,1478758.296875,2106513.59375,1011702.6484375
AO090102000494,30.0,17.8,35.3,259.3,512.5,227.0,107609.6875,78776.7578125,125335.23828125,1221055.90820313,2936566.84375,933470.421875
AO090701000305,9.2,30.6,9.5,43.4,38.7,38.1,381380.890625,1565126.0390625,389617.90625,2370120.109375,2571861.6875,1817965.671875
AO090701000065,4.5,2.3,3.4,310.3,289.5,352.2,34530.4897460938,22048.130859375,26293.6772460938,3153294.5625,3578880.546875,3125518.7421875
AO090001000449,7.3,30.7,38.3,67.2,41.0,45.6,55098.556640625,286480.703125,287514.80859375,668273.64453125,495749.0859375,395557.5703125
AO090701000951,19.0,76.0,21.3,4.2,70.3,5.0,87697.7080078125,431635.173828125,96971.091796875,25528.169921875,517353.34375,26606.609375
AO090009000495,23.7,8.9,5.2,206.6,468.0,235.5,206569.127929688,95221.0859375,44618.291015625,2362498.03125,6511515.9375,2351524.5625
AO090005000029,,,,15.2,2.5,97.9,,,,48720.3046875,9950.951171875,274709.546875
AO090102000619,,5.9,,207.6,348.7,347.4,,23670.169921875,,888278.46875,1815664.6875,1298382.5
AO090120000226,11.6,24.4,18.9,67.5,126.8,68.3,152245.546875,394074.3984375,245054.70703125,1161590.84375,2655938.375,1026798.53125
AO090005001427,133.5,84.6,4.5,102.2,131.6,107.0,735022.421875,573102.734375,24244.4990234375,737769.333984375,1155387.890625,674151.40234375
AO090012000248,39.1,,,380.5,433.6,316.5,104812.0,,,1337702.4921875,1854438.5625,971735.6875
AO090005001230,435.5,43.3,13.6,60.2,92.2,70.0,1429525.390625,174743.671875,44167.5205078125,259224.91015625,482876.22265625,262927.803710938
AO090038000595,,3.5,4.1,342.1,540.5,355.1,,17129.3125,16330.087890625,1791330.4375,3443127.28125,1623451.25
AO090026000357,79.4,62.4,56.7,43.9,47.5,48.3,1439838.8984375,1392186.2109375,1015707.1875,1042202.6640625,1373175.9375,1001145.671875
AO090102000561,,14.2,5.6,271.1,445.4,296.5,,48930.7265625,15465.9248046875,992676.1875,1984234.84375,948062.9375
AO090005001515,4.8,8.9,5.5,352.5,383.2,374.9,31847.94140625,72257.349609375,35974.6171875,3045507.375,4027707.0,2827765.3125
AO090102000358,44.3,98.5,19.9,166.6,221.1,179.8,343305.6953125,938940.28125,152419.88671875,1691883.0,2732006.296875,1594109.890625
AO090003000801,6.0,2.9,,218.3,447.1,238.5,23589.3125,13840.7744140625,,1118576.45703125,2787522.640625,1067434.20703125
AO090003001107,34.6,58.1,43.2,,26.9,,215714.4765625,446097.21875,266173.51953125,,267205.46875,
AO090005000592,,,,458.9,380.8,472.6,,,,1329569.484375,1342148.453125,1195713.5625
AO090010000203,,,8.1,297.8,480.7,351.2,,,29880.109375,1454203.515625,2856487.4375,1497973.046875
AO090023000702,,5.9,1.2,276.3,364.3,303.0,,45524.595703125,7596.96875,2272691.859375,3645288.96875,2176214.0859375
AO090102000142,23.4,27.8,17.8,266.9,281.9,289.4,115956.2578125,169388.0859375,87099.470703125,1732224.1015625,2225639.96875,1640306.390625
AO090026000299,102.6,104.8,79.2,97.1,114.6,103.5,1368182.484375,1719836.5859375,1043888.5859375,1697448.15039063,2438480.46875,1580667.6875
AO090009000205,57.0,54.1,83.7,43.1,48.3,47.2,1231052.40625,1437403.625,1788365.9375,1220931.9375,1663174.75,1167716.875
AO090003000164,16.3,19.9,7.7,186.0,226.2,195.3,100046.129882813,150607.3984375,46885.544921875,1500516.734375,2220264.859375,1375571.1875
AO090026000458,,,,400.8,324.9,476.1,,,,2527475.4375,2492868.328125,2621465.5625
AO090005000412,3.9,3.6,,168.5,364.8,184.4,30943.21875,35130.7734375,,1766538.21875,4651654.03125,1687808.1328125
AO090005001311,9.1,71.8,16.5,11.2,41.6,11.9,63973.00390625,619902.109375,114144.7265625,103254.94921875,465048.203125,95170.08984375
AO090026000804,105.7,102.7,94.8,37.7,61.9,38.9,1502483.93164063,1796041.80078125,1331371.81835938,701340.4140625,1402625.71484375,633139.55859375
AO090003001496,2.5,43.6,1.7,11.9,33.4,14.7,28091.576171875,613360.796875,18656.451171875,178481.546875,608629.4375,192697.96875
AO090103000006,,,,272.7,686.9,424.7,,,,1552907.96875,4758749.5625,2111770.34375
AO090038000315,1.5,11.7,12.0,14.1,20.5,9.2,47197.3984375,447494.921875,369040.0703125,575386.3984375,1017565.125,329953.1875
AO090023000108,,,,346.7,383.9,425.2,,,,3175522.21875,4278396.4375,3400843.3125
AO090023000366,,8.7,,229.9,270.4,291.3,,65700.90625,,1857220.375,2658231.0,2054992.4375
AO090005001302,,,,455.6,415.2,508.0,,,,4000290.9375,4435314.625,3894433.625
AO090005001404,3.1,27.2,4.3,148.6,253.6,160.3,14990.2841796875,163263.216796875,20552.41796875,949018.046875,1970544.6875,893946.421875
AO090023000099,26.8,45.5,15.2,133.5,88.4,176.8,118377.599609375,247569.8515625,66576.498046875,773736.90625,623459.828125,895007.2109375
AO090120000052,29.5,7.9,,333.0,738.6,351.5,37899.81640625,12410.8359375,,560224.71875,1511620.5625,516378.359375
AO090003000570,4.7,41.1,3.5,285.8,373.6,299.0,16047.396484375,172583.189453125,11861.72265625,1279740.109375,2035251.65625,1169225.0625
AO090003000448,16.9,25.1,4.7,81.2,78.1,73.0,61686.28515625,112714.643554688,17070.271484375,387837.7890625,453573.6015625,304544.4140625
AO090023000602,6.6,7.9,,270.9,581.0,276.9,13795.7978515625,20090.91015625,,738543.21875,1926816.375,659183.71875
AO090005001419,,,,285.3,453.5,297.4,,,,2563257.25,4957806.125,2333747.5625
AO090023000052,4.0,9.3,,25.8,29.7,27.0,13752.880859375,39747.640625,,117234.89453125,164018.76953125,107090.14453125
AO090023000980,54.5,29.2,,174.2,166.2,168.4,161028.974609375,106015.068359375,,674895.2421875,783219.9921875,569405.30078125
AO090012000414,5.9,14.0,3.8,172.7,689.7,206.2,17217.171875,50028.02734375,10844.3447265625,658907.015625,3201780.6875,687161.59375
AO090012000937,,,,371.4,578.2,368.1,,,,1049593.59375,1988048.125,908588.5390625
AO090206000040,,,,166.6,372.1,187.9,,,,1542084.578125,4190346.3125,1519251.28125
AO090120000256,,,,353.1,475.3,334.7,,,,14376497.875,23543013.0,11898157.4375
AO090023000322,,,,114.6,367.3,112.2,,,,700548.546875,2732312.5625,598931.984375
AO090001000544,52.1,40.3,68.0,,,,199530.876953125,190055.146484375,257421.803710938,,,
AO090005000560,,,,342.7,777.9,362.8,,,,2503753.53125,6915336.6875,2315187.59375
AO090001000073,,,,,12.5,1.7,,,,,147474.43359375,14358.705078125
AO090020000122,,,,226.8,254.2,255.3,,,,2794701.640625,3811658.0625,2747148.921875
AO090102000502,16.4,9.6,,295.2,59.5,339.0,229855.375,165838.015625,,5430830.875,1332648.92578125,5445671.0
AO090005001622,12.4,10.1,23.4,377.5,469.2,358.5,54624.6328125,54987.17578125,102151.71875,2182766.125,3300393.53125,1810122.0625
AO090005000841,4.6,5.6,3.1,83.6,356.1,155.8,17508.4375,26265.865234375,11722.7421875,420022.578125,2176367.375,683205.4140625
AO090009000617,,1.5,,281.7,445.2,311.1,,11158.30078125,,2226356.84375,4281546.765625,2147589.5625
AO090138000055,14.0,44.3,6.8,60.5,118.5,58.4,112645.21484375,439714.82421875,54176.25,640410.328125,1526082.5,540027.078125
AO090005001209,,15.4,7.5,126.1,810.8,179.8,,30492.8984375,11974.5244140625,265196.6953125,2074633.390625,330268.4453125
AO090011000598,312.2,308.8,86.7,98.1,78.5,107.3,1061577.203125,1292336.265625,291554.83984375,437238.3671875,425925.65234375,417711.927734375
AO090023000414,,,,520.2,436.6,469.1,,,,5001209.6875,5106857.5,3938262.90625
AO090009000036,,29.8,36.0,12.8,31.8,58.5,,180108.59375,174741.42578125,82195.5078125,248574.15625,328874.083984375
AO090003000555,,,,100.5,425.0,119.9,,,,172799.8828125,888981.234375,180016.3984375
AO090023000371,12.8,17.8,14.0,50.5,46.2,58.1,1579753.125,2702430.390625,1700138.2109375,8154302.375,9081790.25,8195847.6875
AO090026000055,,,,391.9,619.3,487.4,,,,3329060.5625,6400778.71875,3615765.484375
AO090003000297,15.7,22.3,19.0,131.9,365.0,228.6,59173.109375,103882.7734375,71015.1328125,653523.125,2200766.625,989119.21875
AO090701000440,,53.8,4.0,243.5,424.4,693.3,,81730.7734375,4925.23876953125,394250.84375,836081.5,980279.140625
AO090001000304,,,,276.5,736.9,393.2,,,,875996.9609375,2839859.765625,1087615.03125
AO090023000123,116.1,8.8,,24.0,24.9,35.4,251280.80859375,23406.138671875,,68050.2421875,85879.921875,87868.703125
AO090001000546,38.6,20.6,10.2,419.9,435.4,432.5,159947.200195313,105094.1796875,41671.88671875,2282929.25,2879700.203125,2053260.7578125
AO090103000384,50.3,66.9,44.3,13.7,17.5,15.8,2990756.25,4895314.0,2601175.25,1070406.875,1654483.625,1073259.375
AO090009000201,,,,355.8,833.0,293.3,,,,287969.0703125,820380.71875,207309.0078125
AO090001000584,,,,269.6,420.5,288.3,,,,536465.734375,1018255.578125,501104.875
AO090001000135,16.1,22.5,16.5,,,,100495.41015625,172397.97265625,101288.839355469,,,
AO090003001132,,4.1,5.7,415.1,141.7,476.9,,43221.62109375,47786.02734375,4649092.5625,1930998.4375,4664293.75
AO090005001117,50.4,33.9,4.8,126.0,626.7,157.7,191950.73828125,158910.4140625,17905.197265625,629608.59375,3808906.5,687802.09375
AO090009000377,6.2,28.1,12.5,255.5,168.9,293.1,83318.578125,466893.375,167335.9375,4526564.25,3639865.375,4533677.75
AO090003001082,61.6,39.7,15.6,282.9,369.4,314.2,458515.858398438,364158.625,114808.2578125,2761845.96875,4386875.0625,2678171.9375
AO090003001448,61.0,58.7,65.0,89.0,56.3,82.7,274927.1015625,325081.5078125,289541.515625,525680.515625,404746.359375,426391.546875
AO090103000012,,3.5,,403.1,471.8,374.2,,15617.66015625,,1925576.6875,2741785.0,1560816.53125
AO090020000349,,,,493.5,286.4,460.2,,,,1562288.53125,1103123.0859375,1271994.28125
AO090701000206,23.0,25.9,10.2,85.5,122.4,60.3,81504.7978515625,112798.571289063,35744.125,397293.28125,692285.078125,244697.0234375
AO090026000494,,,,,182.4,93.6,,,,,948114.8125,349313.125
AO090011000343,44.9,9.5,12.6,291.5,281.7,302.0,5523878.9375,1431844.484375,1531937.1015625,46968745.75,55227406.75,42494833.5
AO090020000341,10.2,6.9,,110.0,187.8,144.1,43673.689453125,36378.462890625,,616767.984375,1281502.53125,705531.703125
AO090003000376,,7.7,3.5,62.1,263.2,79.3,,43334.45703125,15806.5732421875,370849.4453125,1911647.3125,413090.375
AO090003000825,33.2,32.6,57.9,2.1,4.6,3.9,174039.765625,210202.078125,299663.84375,14486.001953125,38091.7421875,23374.66015625
AO090701001094,5.1,16.9,,160.4,578.3,186.9,58434.6640625,238264.25,,2410740.0,10572463.0,2452570.125
AO090003001055,,2.1,,189.2,525.6,213.5,,13310.126953125,,1270651.40625,4295378.0,1252206.3125
AO090003000467,,,,270.7,689.5,323.5,,,,918107.9140625,2845612.9375,958206.65625
AO090003000823,72.1,65.6,51.3,58.4,43.6,41.8,213125.251953125,238462.5390625,149836.887695313,226255.5,205496.34375,141354.9375
AO090701001099,,,,441.7,764.7,293.6,,,,206607.38671875,435194.0546875,119941.6796875
AO090026000372,,,,408.8,639.8,418.0,,,,2104285.9453125,4006518.15625,1878503.0546875
AO090011000630,,,,256.1,594.6,252.9,,,,627401.15625,1772420.8125,541143.125
AO090011000719,,,,380.1,505.5,341.2,,,,727017.046875,1176168.78125,569921.28125
AO090005000042,,,,23.1,,40.2,,,,129012.25,,196353.125
AO090038000602,,,,209.3,828.8,273.5,,,,418514.4453125,2016059.078125,477561.2265625
AO090001000218,7.7,1.4,2.3,241.7,525.8,245.6,32736.896484375,7454.974609375,9483.353515625,1348984.140625,3569687.5625,1196841.0625
AO090005000269,62.4,39.1,52.1,157.9,153.3,110.9,247176.796875,190926.59375,204344.21875,820751.5625,969402.625,503400.2421875
AO090003000846,,,,489.3,502.6,508.1,,,,716789.625,895658.8125,649949.546875
AO090005000459,13.6,18.3,3.1,218.2,313.7,227.6,54526.1328125,90103.421875,12350.6484375,1143468.84375,2000211.90625,1041894.5625
AO090003000732,,16.1,,240.1,226.2,271.6,,62321.171875,,987796.0859375,1132223.6875,975740.734375
AO090005001122,20.8,15.4,2.1,353.6,239.4,364.3,68609.623046875,62504.158203125,6849.41455078125,1531059.5625,1261158.5,1377734.1015625
AO090003000534,,9.3,,253.9,443.6,246.7,,12463.5439453125,,364352.015625,774435.796875,309130.93359375
AO090038000558,,,,576.3,446.4,477.3,,,,731949.3125,689810.625,529422.6328125
AO090003000615,,,,329.9,755.1,408.7,,,,296232.6015625,824948.0625,320472.65625
AO090026000603,108.1,84.0,55.2,112.3,208.2,68.6,1036182.4375,991246.125,523590.0625,1410833.46875,3183217.15625,752272.421875
AO090005001412,,2.5,,169.7,406.3,179.7,,14128.564453125,,1016172.84375,2960164.8125,939693.390625
AO090001000495,29.6,60.7,45.8,207.6,507.3,202.1,282985.324707031,713696.294921875,432913.14453125,2601102.9921875,7734705.515625,2211286.578125
AO090001000221,,,,288.8,307.0,284.0,,,,3012103.75,3895898.03125,2587031.75
AO090206000047,5.6,65.6,144.1,167.7,151.6,252.7,20665.09375,296631.25390625,523761.7109375,808361.328125,888915.875,1063621.0625
AO090011000942,59.5,71.6,23.9,,,6.1,158664.54296875,235274.0703125,62942.76953125,,,18670.435546875
AO090012000997,,,,205.4,1057.8,199.2,,,,542542.15625,3399147.125,459386.046875
AO090012000254,36.7,,,258.9,498.8,235.7,81606.3203125,,,754874.9375,1769921.1875,600256.0625
AO090026000267,1.3,2.6,,99.8,1177.3,111.3,4645.76416015625,11662.64453125,,481181.046875,6909268.21875,468917.28125
AO090701000182,,,,154.9,261.9,140.0,,,,1142434.625,2349760.625,901604.19140625
AO090009000707,,,,160.8,366.7,175.4,,,,308613.25,856467.5,294095.40625
AO090005000135,,11.6,11.3,453.7,326.4,473.7,,33928.6171875,26624.328125,1414096.078125,1237773.90625,1289341.84375
AO090010000417,4.6,10.3,9.7,109.6,34.8,87.8,42863.34765625,118966.56640625,89646.24609375,1350357.4375,521705.90234375,943903.6875
AO090003000015,,,14.6,651.9,,811.7,,,8959.4677734375,528862.3125,,575013.734375
AO090005000428,,,,442.8,449.5,529.5,,,,1560361.0625,1927064.4375,1629427.25
AO090113000195,1.0,13.3,0.9,214.7,187.3,218.9,4815.30126953125,80289.65625,4550.60791015625,1378158.40625,1462811.234375,1227115.69140625
AO090103000283,,12.3,10.6,206.8,779.5,120.5,,12221.337890625,8518.1513671875,219448.3671875,1006540.109375,111689.90625
AO090023000079,,,18.5,454.2,401.0,338.3,,,40124.66796875,1305741.71875,1402272.21875,849138.9375
AO090102000566,,,,360.4,617.6,376.5,,,,735865.59375,1534227.375,671242.703125
AO090102000579,,0.7,6.4,17.3,31.0,23.0,,34545.40234375,260448.984375,937144.140625,2037516.03125,1084601.890625
AO090012000505,,,,336.4,452.9,362.7,,,,335809.74609375,550091.46875,316165.36328125
AO090011000951,,,,345.2,487.3,368.4,,,,934438.5625,1604736.8046875,870749.34375
AO090001000456,,,,633.4,291.6,502.0,,,,844799.1875,473161.09375,584696.875
AO090011000588,6.4,16.0,7.7,185.1,244.8,164.1,24912.76171875,77362.7421875,29803.92578125,951356.4375,1531062.9375,736785.59375
AO090003001089,,,,352.5,317.0,336.0,,,,173904.234375,190303.90625,144740.328125
AO090001000186,24.5,18.1,5.1,223.9,326.6,212.6,85051.091796875,77393.39453125,17496.69140625,1017859.390625,1806425.0,844051.0
AO090011000825,60.9,50.1,27.1,84.5,80.9,83.7,327490.33984375,331836.24609375,144155.09375,596192.796875,694641.9375,515658.1328125
AO090003001160,,5.7,8.9,343.2,743.4,363.2,,15191.9853515625,18947.642578125,970890.6640625,2558408.625,897032.1796875
AO090701000175,33.1,6.9,,275.3,522.2,291.1,51540.11328125,13261.9208984375,,562667.40625,1298384.875,519578.4375
AO090003000629,6.7,19.0,11.1,227.8,350.4,256.2,17498.080078125,61286.578125,28752.841796875,784991.28125,1468771.53125,770814.578125
AO090701000313,,19.0,,,806.8,32.7,,24966.521484375,,,1370634.625,39827.27734375
AO090003000829,,,,260.8,845.7,257.5,,,,270516.0,1067192.65625,233243.87890625
AO090020000285,51.8,40.0,77.2,13.9,23.4,21.8,340981.40625,323942.1484375,501864.203125,119929.0078125,244997.15625,163843.57421875
AO090138000019,31.6,19.8,142.7,,,,141083.828125,108868.8515625,629674.546875,,,
AO090020000482,38.6,42.2,49.9,48.5,44.0,54.3,378157.9375,508445.0,483820.5078125,623522.03125,687196.125,609050.09375
AO090011000062,22.8,24.5,31.7,282.6,501.7,290.5,33972.5908203125,44851.91796875,46592.265625,550767.7421875,1189712.453125,494521.703125
AO090003000921,,,,395.7,500.8,354.7,,,,895460.0,1378925.375,701052.75
AO090120000224,,,,512.8,355.9,543.6,,,,1240209.5,1047065.5,1148070.9375
AO090003000287,58.7,50.5,37.9,143.5,294.4,156.3,143008.296875,151307.32421875,91196.373046875,458067.984375,1143641.53125,435692.265625
AO090701001161,20.0,17.4,28.1,317.5,321.4,307.8,48570.4140625,51901.98828125,67350.5625,1008339.875,1242103.984375,853763.0625
AO090001000434,28.7,42.8,32.0,115.9,257.0,129.7,298569.8515625,548734.2109375,329201.94140625,1582418.875,4270204.0,1547421.0
AO090003000618,,,26.6,621.4,212.0,545.4,,,25333.46484375,786007.0,326208.53125,602519.5
AO090011000642,,,,249.2,882.5,368.3,,,,94356.65625,406481.96875,121762.6953125
AO090012000486,,25.7,,,399.0,193.0,,13439.0693359375,,,270929.75,94075.3046875
AO090011000596,5.1,4.8,,,,,15693.47265625,18050.544921875,,,,
AO090012000189,21.2,,,249.0,400.2,252.1,28407.337890625,,,437642.0,855796.25,387015.59375
AO090026000192,8.6,7.4,,203.9,424.8,235.2,12326.2607421875,12986.166015625,,382303.1875,969084.5625,385180.078125
AO090701001190,24.0,30.2,14.5,11.6,28.9,12.8,177644.89453125,275696.921875,106004.78125,112904.06640625,341121.6640625,108197.3125
AO090003000186,,,,496.0,456.8,498.1,,,,1576589.8125,1766580.28125,1382429.0
AO090138000042,38.8,39.1,44.0,,28.3,16.4,282190.46875,350053.65625,316837.5703125,,328945.96875,136864.046875
AO090012000837,,,,315.9,781.1,315.1,,,,331261.359375,996357.5625,288495.9296875
AO090005001464,34.9,32.9,21.9,71.0,169.6,70.4,81423.3671875,94599.6484375,50594.6796875,217139.5546875,630981.0625,188095.6328125
AO090005001280,154.9,108.3,28.1,151.6,393.1,195.8,175829.3671875,151295.36328125,31590.595703125,225580.6796875,711831.28125,254443.78125
AO090003000509,18.2,15.7,11.4,153.2,383.2,138.3,71684.359375,75837.34375,44196.06640625,789638.375,2402574.5,622465.9375
AO090003001244,48.6,99.7,16.9,145.8,298.9,152.6,144708.965820313,364974.875,49692.6376953125,568889.4921875,1418601.125,519709.640625
AO090701001255,72.9,101.5,64.2,22.0,26.7,2.9,370352.59375,634315.078125,322216.4453125,146205.8125,216603.203125,17084.337890625
AO090102000291,,,,495.6,648.8,355.6,,,,337254.65234375,537205.46875,211359.64453125
AO090102000107,,,,334.9,208.7,336.8,,,,351175.75,266287.1875,308410.78125
AO090701001002,46.7,58.8,54.3,,26.8,26.3,188426.83984375,292016.4453125,216670.28125,,172477.765625,121641.595703125
AO090012000982,,,5.6,428.7,635.1,396.0,,,8728.732421875,883688.90625,1592889.03125,712871.359375
AO090003000241,,,,196.3,671.7,200.6,,,,193926.921875,807156.96875,173028.71875
AO090005000780,55.1,38.7,11.3,81.3,146.3,83.0,209611.8828125,181059.1484375,42489.84375,405339.359375,887311.96875,361149.953125
AO090010000463,,,,319.1,344.9,325.8,,,,893509.578125,1174908.453125,796744.4140625
AO090103000331,,10.2,,384.3,178.5,404.4,,22191.615234375,,887520.6875,501563.1953125,815671.09375
AO090005000918,42.2,40.2,49.8,150.0,105.8,153.4,214587.75,251275.28125,249993.125,998920.75,857184.75,892101.6875
AO090038000579,,,,388.9,454.6,351.2,,,,597806.5625,850261.75,471406.9375
AO090038000243,,,,212.9,339.7,261.7,,,,253769.7421875,492714.4375,272407.109375
AO090102000276,,16.4,32.1,262.6,699.8,334.0,,24663.201171875,38808.58203125,420843.5625,1364611.9375,467472.328125
AO090701000510,17.7,41.1,43.6,44.5,46.0,67.2,50555.375,144708.8671875,123303.205078125,166930.4609375,210215.2890625,220091.1328125
AO090011000715,8.7,52.1,7.8,66.6,247.8,70.1,52769.767578125,390577.9453125,47241.837890625,532535.3203125,2409661.375,489486.8828125
AO090120000113,167.1,126.2,28.6,27.8,60.0,24.7,474291.890625,440692.578125,80276.111328125,103298.765625,271541.296875,80211.484375
AO090001000661,,,,,567.6,479.7,,,,,882233.9375,535188.9375
AO090003000532,,,,354.2,354.5,391.9,,,,455992.859375,555198.65625,440562.6875
AO090012000979,8.2,23.5,23.5,219.0,452.5,241.7,13698.515625,48111.328125,38665.25,477100.59375,1199490.5,459908.125
AO090026000107,13.5,20.5,28.3,4.4,15.9,4.1,81099.5625,151714.46875,168262.546875,34997.62890625,152156.453125,28430.35546875
AO090012000783,,,,440.9,487.7,503.8,,,,384088.625,516861.015625,383252.765625
AO090005000217,53.6,,,63.4,,72.3,39358.859375,,,61109.85546875,,60787.578125
AO090009000289,,,,294.0,503.0,302.0,,,,1049477.375,2184687.1875,941481.65625
AO090012000592,,20.4,,182.8,762.9,246.6,,28108.98046875,,268869.8125,1365448.0,316816.6875
AO090102000511,,,,,80.2,105.0,,,,,477681.90625,449160.6875
AO090011000606,,,,300.5,809.6,316.4,,,,201733.375,661304.5,185474.40625
AO090701001021,,,,314.6,99.9,274.5,,,,743339.96875,287034.14453125,566408.71875
AO090120000486,,,,380.8,653.4,383.3,,,,140227.390625,292729.46875,123243.6796875
AO090026000598,,,,387.3,673.7,439.0,,,,312957.6875,662362.1875,309778.4375
AO090023000205,,,,386.5,396.9,418.8,,,,974547.21875,1217732.25,922120.0
AO090038000224,,,,386.2,397.2,391.8,,,,498977.25,624377.984375,442050.75
AO090011000577,,29.0,11.5,221.1,438.8,172.2,,26173.7875976563,8358.0029296875,212396.421875,512860.265625,144409.8984375
AO090003000803,19.2,39.9,17.2,225.8,282.2,275.4,31922.013671875,81538.734375,28145.91796875,491294.984375,747048.25,523181.6484375
AO090012000034,,,,44.1,64.1,28.4,,,,84959.673828125,150109.53515625,47653.375
AO090038000110,,,,404.3,477.6,450.1,,,,2056118.625,2955401.0,1998957.625
AO090010000018,,,314.9,261.4,351.8,267.8,,,999886.1875,1100130.21875,1801579.6875,984489.84375
AO090026000457,34.9,70.8,,220.5,315.5,223.3,21423.029296875,53413.697265625,,177342.30078125,308696.6875,156776.9609375
AO090011000292,,,,334.2,579.8,348.8,,,,868670.25,1833740.0,791708.75
AO090020000522,,,,326.8,389.4,375.3,,,,492168.390625,713428.28125,493584.703125
AO090005001204,,,,443.4,426.0,413.9,,,,462485.78125,540613.0625,376981.421875
AO090020000414,,,,222.6,248.9,273.5,,,,335119.84375,455738.2578125,359440.515625
AO090012000922,10.8,14.7,18.5,,,,46462.671875,77729.140625,78530.90625,,,
AO090026000521,,,,304.2,423.5,387.4,,,,384809.6015625,651791.5390625,427879.7265625
AO090023000762,,,,190.8,505.1,245.7,,,,445449.28125,1434960.578125,501026.03125
AO090026000258,60.2,32.4,14.1,131.3,148.4,124.4,383988.22265625,254024.75,88778.88671875,1097342.03125,1508967.40625,908118.375
AO090020000698,26.7,25.9,18.8,216.0,328.6,358.1,155808.28125,186253.390625,108865.421875,1654225.92578125,3061840.703125,2394872.7265625
AO090102000152,123.4,27.9,37.1,137.6,202.2,150.2,291339.2109375,81147.7578125,86685.83203125,425890.4375,761089.84375,405927.765625
AO090038000249,,,,753.9,,746.1,,,,745520.5,,644339.0
AO090005000405,,,,238.7,347.5,259.9,,,,733480.5703125,1298921.5,697173.625
AO090003000058,,,,474.7,427.8,519.9,,,,629346.5,690060.125,601874.9375
AO090026000544,,,,184.9,284.2,214.8,,,,320241.7421875,599114.21875,325024.546875
AO090012000629,,,,177.6,316.0,201.7,,,,728764.5,1577594.6875,722710.28125
AO090005000739,,,,571.5,355.8,261.9,,,,1036005.28125,784818.03515625,414656.78125
AO090003000393,,,,208.5,235.1,219.2,,,,514722.125,705945.6875,472501.828125
AO090005000117,,,,484.0,564.2,356.2,,,,276071.25,391521.28125,177438.953125
AO090124000083,42.9,62.3,20.2,145.2,319.0,155.5,69078.5078125,123461.7578125,32157.72265625,306551.703125,819141.125,286549.90625
AO090124000056,,,,91.6,25.3,81.7,,,,317569.875,106618.046875,247229.1875
AO090120000125,,,,280.9,468.1,317.7,,,,877527.28125,1778855.28125,866537.109375
AO090012000680,,40.3,,262.6,586.4,266.0,,42105.8671875,,292221.375,793919.9375,258459.046875
AO090026000794,45.5,,,115.1,387.9,131.4,44821.82421875,,,148698.09375,609649.25,148179.796875
AO090701000512,1.4,9.5,9.9,3.0,4.6,,10812.875,87925.951171875,73745.927734375,29761.712890625,55161.15625,
AO090701000280,,,20.8,118.6,425.0,218.1,,,16713.900390625,126187.2890625,550197.875,202665.796875
AO090103000011,,,,212.4,627.0,186.3,,,,184617.4375,663218.0,141452.09375
AO090701001149,,,,53.9,1201.3,244.8,,,,19546.021484375,530269.9140625,77564.1171875
AO090010000622,46.5,103.5,68.6,51.6,74.1,59.5,97104.419921875,266036.37109375,141709.5625,141352.0703125,247049.35546875,142299.150390625
AO090038000295,,,2.9,443.7,237.4,449.7,,,6289.98095703125,1268357.59375,825589.96875,1122563.3125
AO090701000293,5.8,18.2,17.5,219.5,128.4,183.1,18554.65625,71929.279296875,55677.69140625,924106.578125,657555.90625,673205.296875
AO090005001442,130.7,255.6,40.7,108.3,207.4,97.2,159226.840820313,383078.375,49041.08984375,172875.984375,402956.84375,135544.20703125
AO090009000655,,,,160.2,487.3,191.4,,,,231720.78125,857738.0625,241845.6328125
AO090001000070,107.0,148.0,148.8,58.3,112.9,67.6,1541569.1875,2623055.15625,2119701.5625,1100331.3125,2593972.0625,1114602.6875
AO090102000630,,,,493.7,424.1,450.3,,,,612378.8125,640048.2734375,487706.0234375
AO090701001298,,,,324.2,734.5,283.8,,,,170621.0390625,470348.609375,130425.13671875
AO090038000540,201.1,224.0,221.7,54.6,77.7,,651509.4375,892936.0625,710299.875,231849.171875,401370.4375,
AO090206000105,24.0,,,100.9,150.3,124.8,51386.193359375,,,283051.375,512941.3125,305820.40625
AO090012000855,,,,706.2,399.2,298.4,,,,544318.359375,374354.734375,200810.953125
AO090005000936,90.1,40.5,7.2,33.1,29.3,32.0,345546.953125,191356.1484375,27243.453125,166428.6484375,179540.203125,140662.76171875
AO090038000334,,,,574.4,409.7,515.9,,,,385261.0546875,334347.90625,302149.2421875
AO090009000708,,,,537.4,210.4,454.5,,,,2619216.71875,1247817.921875,1934375.875
AO090026000140,372.0,,,281.5,382.2,338.6,95170.2890625,,,94417.796875,155949.015625,99161.140625
AO090011000838,,,,250.3,453.7,291.2,,,,224339.5546875,494865.109375,227990.21875
AO090038000214,,,,41.1,37.5,43.9,,,,156969.703125,174043.390625,146219.0625
AO090001000219,,,,271.6,956.7,271.6,,,,81030.9375,347222.65625,70752.2421875
AO090001000448,,,,298.9,518.2,314.3,,,,284907.65625,600940.625,261658.171875
AO090023000637,,92.6,16.7,224.9,286.1,243.1,,93728.2890625,13562.9775390625,242364.953125,375155.3125,228779.359375
AO090023000671,,,,370.7,375.7,398.0,,,,288396.453125,355598.78125,270414.1875
AO090023000206,,,,287.1,415.4,311.9,,,,707182.3125,1244952.9375,670824.7109375
AO090102000335,,,,355.5,166.8,317.4,,,,477129.875,272437.15625,371961.0625
AO090009000291,,,,619.5,172.4,503.9,,,,1363592.875,461622.125,968661.125
AO090009000412,,,,415.0,478.2,447.8,,,,1900222.75,2664282.25,1790529.0
AO090001000726,,19.6,,148.1,279.0,142.7,,29154.9296875,,234670.9765625,537795.484375,197341.390625
AO090701001103,15.6,22.1,,339.2,490.9,379.0,10464.41796875,18283.5483398438,,298943.7421875,526440.9375,291714.7890625
AO090020000032,,,,711.5,81.8,706.7,,,,418402.9375,58511.73046875,362860.90625
AO090011000472,54.5,15.2,,,,,99469.94921875,34094.36328125,,,,
AO090023000714,,,,789.9,300.8,409.3,,,,705667.5,326979.0,319301.3125
AO090026000699,,,,118.1,314.2,238.9,,,,139279.734375,450937.609375,246123.75
AO090011000852,,48.2,74.7,17.2,14.3,12.8,,55864.546875,69523.796875,21275.77734375,21451.939453125,13825.171875
AO090103000218,,,,290.9,608.0,289.7,,,,233716.4296875,594402.25,203308.0859375
AO090003000749,,,,430.4,636.7,413.3,,,,498475.28125,897135.3125,417970.5
AO090001000294,24.7,82.4,29.7,49.2,97.0,44.7,108651.140625,446535.5625,129326.3359375,283814.625,680752.6875,224985.0
AO090005001447,,,,696.2,168.1,635.6,,,,233206.765625,68527.3671875,185930.90234375
AO090011000650,,,,279.7,636.7,272.7,,,,189260.703125,524060.34375,161115.4375
AO090012001004,,,,242.9,484.8,293.1,,,,322905.265625,784332.796875,340321.046875
AO090011000545,,,,359.1,762.4,356.6,,,,152454.296875,393846.75,132216.9375
AO090020000095,,,14.5,,,,,,64767.09765625,,,
AO090005001614,,,,134.7,1149.2,216.1,,,,34600.20703125,359122.53125,48457.234375
AO090003000605,,,,135.5,308.1,189.2,,,,83564.9375,231257.25,101942.8515625
AO090012000119,,,,326.6,596.7,343.1,,,,288504.46875,641313.75,264656.59375
AO090003000999,,,,251.3,511.9,255.6,,,,240690.6015625,596518.625,213793.40625
AO090009000148,,,,,471.1,177.2,,,,,226777.859375,61236.66796875
AO090001000426,46.2,65.3,9.7,235.9,312.6,243.8,46952.314453125,81539.072265625,9782.9560546875,313971.7890625,506148.265625,283308.421875
AO090005001477,,,,240.7,587.7,268.0,,,,395060.84375,1173380.125,384113.8125
AO090005000737,12.1,10.5,7.6,426.4,366.7,467.3,5168.6357421875,5542.35888671875,3201.38012695313,239533.828125,250666.875,229246.609375
AO090011000655,,,,135.3,242.7,142.5,,,,310486.03125,677516.421875,285607.0390625
AO090011000940,,22.4,,351.0,275.9,342.1,,19095.779296875,,318761.578125,304807.8828125,271250.75
AO090103000108,,,,439.0,494.0,497.7,,,,408153.609375,558841.53125,404120.453125
AO090001000098,13.1,3.1,4.7,330.2,124.2,304.6,101408.703125,29112.890625,36188.359375,3343138.25,1529730.5,2693136.75
AO090023000883,,,,471.6,605.8,422.6,,,,166731.125,260584.703125,130472.9296875
AO090701000572,,33.4,,229.7,267.9,250.0,,24500.130859375,,179680.765625,254937.953125,170795.671875
AO090701000554,,,,285.6,756.1,376.1,,,,203630.265625,655972.0625,234182.546875
AO090001000574,,,,626.5,231.3,642.3,,,,353652.3125,158835.8125,316601.0625
AO090005001393,,,,,1500.0,,,,,,233018.296875,
AO090012000164,,19.0,,,,,,28565.224609375,,,,
AO090003001194,,,,237.3,357.0,265.0,,,,531914.546875,973378.59375,518728.8125
AO090005001229,,,,761.9,293.8,444.3,,,,532949.953125,250016.46484375,271403.5546875
AO090103000317,,,,,160.1,263.1,,,,,274227.21875,323350.125
AO090701000751,,,,86.4,1288.7,97.3,,,,662504.59375,12028812.625,652010.921875
AO090005000327,69.2,32.5,15.4,130.3,303.8,162.9,83110.78125,48107.453125,18255.3046875,205258.765625,582320.4375,224030.515625
AO090023000256,16.7,,,486.2,465.4,430.6,10017.9033203125,,,382453.046875,445404.59375,295761.828125
AO090009000416,104.7,113.9,50.8,121.5,341.4,113.3,103373.09375,138406.109375,49586.4609375,157273.03125,537784.875,128074.0546875
AO090009000559,,,,493.6,238.5,563.7,,,,286047.7109375,168126.71484375,285241.5859375
AO090010000225,,,,84.0,260.8,91.9,,,,210887.578125,796333.875,201498.890625
AO090020000540,,,,453.9,918.8,127.3,,,,392366.140625,966336.3125,96054.5546875
AO090206000110,249.9,133.2,45.6,105.2,453.8,81.8,75880.6640625,49757.27734375,13705.3095703125,41894.65625,219756.234375,28420.76171875
AO090020000703,,,,136.6,255.5,150.0,,,,150558.359375,342720.53125,144438.515625
AO090103000463,76.2,88.1,98.1,,35.7,23.3,69943.34375,99509.15625,89072.40625,,52235.66796875,24490.26171875
AO090103000051,,,,422.1,577.3,436.7,,,,74384.9296875,123769.6640625,67203.625
AO090020000523,,,27.6,282.8,267.6,316.8,,,11389.9306640625,154774.296875,178155.75,151417.734375
AO090012000436,,,,282.1,600.3,287.7,,,,746893.0625,1933406.0,665000.125
AO090012000261,29.5,,,248.1,828.2,209.0,8522.73828125,,,94028.109375,381931.625,69162.859375
AO090701000526,,32.3,,259.5,476.1,238.7,,16997.490234375,,145489.703125,324726.1875,116830.59375
AO090120000422,,,,173.4,586.9,192.2,,,,47765.21484375,196753.734375,46232.22265625
AO090005000331,37.2,40.8,40.2,55.0,50.7,48.3,94076.8515625,126826.3515625,100498.7421875,182288.8125,204387.75,139768.140625
AO090102000348,,,,410.0,360.9,368.8,,,,352171.1875,377151.3125,276661.875
AO090012000695,25.7,5.8,13.4,104.5,242.1,100.3,50869.953125,14070.7744140625,26199.08203125,271054.6875,764243.5625,227229.671875
AO090103000167,,,,187.3,516.8,221.0,,,,160217.6875,537820.0,165058.578125
AO090102000527,,,,266.7,1233.3,,,,,56902.125,320207.90625,
AO090701000844,,,,,,,,,,,,
AO090038000016,151.2,149.1,51.1,127.1,172.8,132.6,228948.515625,277661.984375,76530.4375,252123.2109375,417263.765625,229766.2109375
AO090020000564,,,,494.3,397.0,562.8,,,,133412.59375,130358.03125,132652.890625
AO090012000994,,,,544.9,361.7,519.9,,,,674084.5,544445.3125,561627.6875
AO090005001361,,,,255.4,371.6,258.5,,,,390700.96875,691663.75,345306.5625
AO090012000210,,,,349.4,631.5,426.8,,,,305137.75,670963.625,325455.28125
AO090120000008,,,,688.4,299.3,512.3,,,,268820.5234375,142176.5078125,174694.25
AO090120000316,21.6,30.7,24.2,94.7,225.1,132.8,29402.474609375,51415.6328125,32571.107421875,168781.59375,487868.5625,206627.9375
AO090120000204,,,,254.7,351.3,309.0,,,,804866.6875,1350465.75,852599.4375
AO090005000108,,,,442.2,412.9,433.6,,,,218669.4375,248423.34375,187247.046875
AO090701000063,,,,228.1,394.0,233.6,,,,91885.8046875,193132.828125,82189.5078125
AO090023000824,,,,751.9,66.2,681.8,,,,183051.78125,19617.150390625,144945.375
AO090701000265,,,,317.5,695.3,349.9,,,,188832.765625,503081.96875,181717.21875
AO090102000599,25.4,42.0,116.8,489.6,67.7,396.3,8705.6728515625,17729.529296875,39618.96484375,220167.171875,37030.828125,155620.03125
AO090003001347,,,,,715.2,784.8,,,,,478224.59375,376683.96875
AO090120000249,13.8,23.0,6.3,487.5,109.1,461.7,19108.1875,39192.89453125,8687.85546875,885582.4375,241160.109375,732381.6875
AO090003001255,,,,187.3,794.4,518.3,,,,61895.140625,319344.875,149542.0
AO090003000842,,,,427.5,366.1,420.6,,,,539937.0,562657.0625,463918.5
AO090003000816,,,5.6,258.8,477.6,296.8,,,8857.751953125,543757.0625,1220838.125,544545.1875
AO090001000628,,,,292.8,541.9,269.2,,,,157987.5,355700.6875,126858.4296875
AO090701000060,,,,682.5,191.0,626.5,,,,286946.875,97694.2578125,230027.84375
AO090102000635,34.1,25.8,31.3,157.7,230.1,166.6,25587.181640625,23810.248046875,23264.099609375,155197.15625,275518.9375,143210.125
AO090011000963,17.5,70.0,,286.9,231.7,299.9,7185.77587890625,35304.77734375,,154149.5,151463.109375,140739.421875
AO090102000595,,,,233.0,963.9,303.1,,,,94378.2421875,474959.6875,107203.75
AO090005001601,,,,495.3,488.0,516.6,,,,163762.078125,196305.125,149149.546875
AO090701000557,7.7,20.9,,177.1,178.3,195.0,12364.015625,41263.421875,,372021.25,455716.5625,357635.875
AO090009000684,25.6,71.5,,215.0,514.3,159.2,8784.17578125,30181.486328125,,96723.2265625,281531.25,62571.3046875
AO090001000101,,59.6,,243.5,293.6,294.8,,49577.80859375,,215758.109375,316552.4375,228107.34375
AO090023000196,,,,267.7,397.4,289.1,,,,380907.625,688107.375,359278.0625
AO090102000638,20.3,48.2,,154.6,176.1,188.2,17108.634765625,50102.48046875,,171070.59375,237041.015625,181842.421875
AO090003001268,,,15.3,21.2,,,,,26164.35546875,48116.21484375,,
AO090011000648,228.7,863.1,,,,,37273.80078125,173112.484375,,,,
AO090012000245,11.4,25.9,18.3,7.4,39.8,8.1,2787961.96875,7801342.8125,4426685.84375,2369464.3125,15528575.875,2279118.703125
AO090012001015,,,,,,,,,,,,
AO090102000392,25.5,46.4,5.0,263.4,500.3,279.7,21625.46875,48515.56640625,4230.4345703125,293226.65625,677777.5,271908.8125
AO090012000556,,,,545.7,373.7,536.6,,,,351510.78125,292855.78125,301813.3125
AO090005001052,,19.7,11.1,310.6,223.6,296.2,,18795.84375,8531.615234375,316055.8125,276891.90625,263238.34375
AO090038000455,,,,287.4,927.0,285.6,,,,312375.1875,1225834.75,271057.71875
AO090010000495,,,,477.1,450.5,572.4,,,,175686.890625,201835.390625,184059.1875
AO090003000285,,,,405.4,,433.3,,,,219391.140625,,204746.828125
AO090102000571,101.3,139.4,,358.2,,420.4,40968.08984375,69385.4375,,189881.578125,,194616.046875
AO090011000340,121.3,108.9,,257.5,415.6,361.5,104543.265625,115530.578125,,290951.4375,571345.5625,356668.78125
AO090023000525,68.8,82.6,62.5,25.4,39.6,35.3,63755.98828125,94233.15625,57254.8515625,30828.92578125,58485.20703125,37428.37109375
AO090003000689,,,,431.2,557.0,471.3,,,,248783.65625,390969.96875,237441.171875
AO090166000085,,,,313.4,619.8,355.8,,,,72538.625,174570.71875,71927.25
AO090026000537,,,,242.5,179.5,419.7,,,,175849.296875,158373.375,265749.6875
AO090023000382,81.4,155.4,,60.2,72.0,76.6,79974.5234375,187811.734375,,77471.2109375,112778.484375,86143.4921875
AO090102000298,12.2,50.3,22.8,190.4,284.1,214.2,10778.6748046875,54539.3203125,19882.404296875,219945.8125,399260.09375,216053.3125
AO090005000610,,,,120.0,92.4,129.4,,,,100379.65625,93979.234375,94502.4140625
AO090003000454,,,,,,,,,,,,
AO090001000524,72.0,55.5,44.4,50.6,93.5,67.8,130661.421875,124033.7421875,79658.078125,120389.265625,270577.75,140820.234375
AO090023000615,104.7,115.0,68.7,99.7,154.7,93.1,79928.8828125,107971.0078125,51818.9296875,99709.0859375,188347.421875,81299.953125
AO090001000291,,,,381.7,398.8,358.9,,,,144374.75,183524.796875,118568.5546875
AO090023000966,,,,530.5,969.5,,,,,76671.7421875,170477.03125,
AO090012000489,78.5,88.7,109.4,330.5,242.5,291.7,1838843.28125,2556741.46875,2535091.6875,10152026.875,9062280.0,7825421.0
AO090009000017,,,,,,,,,,,,
AO090124000084,,,,353.7,634.5,382.0,,,,129569.8828125,282827.625,122217.640625
AO090011000884,,,,323.5,300.8,368.6,,,,424228.34375,479814.8125,422033.25
AO090038000636,,,,401.1,728.4,370.5,,,,202197.484375,446745.15625,163098.453125
AO090010000493,37.2,24.5,,,,,22205.427734375,18021.033203125,,,,
AO090020000504,,,,259.8,708.5,285.4,,,,140683.125,466805.84375,134939.25
AO090124000015,,42.6,,173.8,200.4,140.7,,23060.166015625,,100275.1171875,140645.90625,70874.0625
AO090010000475,,,,199.6,1083.5,216.9,,,,73285.3984375,483942.21875,69539.0625
AO090026000752,,,,,,,,,,,,
AO090124000008,,,,333.8,704.9,355.5,,,,121746.890625,312846.78125,113232.453125
AO090023000395,,,,,1500.0,,,,,,215557.71875,
AO090701000397,,,,505.1,447.0,547.9,,,,193906.796875,208762.34375,183656.203125
AO090120000245,,,,,1500.0,,,,,,289052.53125,
AO090120000109,,13.6,8.3,228.0,304.1,253.0,,25807.345703125,12686.0146484375,460394.71875,747143.5625,446281.65625
AO090120000137,2.1,,,460.7,454.4,554.7,5319.61962890625,,,1506517.625,1807992.625,1583924.375
AO090023000783,14.0,17.9,16.1,163.4,107.9,177.7,1951212.5,3085277.59375,2227222.0,29944489.2851563,24068870.0,28446606.2558594
AO090020000087,,,,,1223.6,276.4,,,,,189044.75,30652.3671875
AO090003001156,,,,,,,,,,,,
AO090003001305,104.1,64.1,137.6,,,121.6,27507.8203125,20850.337890625,35958.28125,,,36794.41796875
AO090012000427,7.7,20.0,9.4,166.9,281.7,213.9,30924.154296875,98513.4140625,37297.7421875,875770.0,1798168.0,979862.0625
AO090012000502,,,,349.6,699.4,450.9,,,,65763.71875,160059.625,74062.578125
AO090120000314,,,,81.4,289.5,108.3,,,,133370.0,576718.375,154816.75
AO090120000337,,,,464.5,660.2,375.3,,,,100840.796875,174352.890625,71143.3671875
AO090020000640,33.1,42.9,53.6,217.2,198.8,236.2,20380.177734375,32470.80078125,32628.416015625,175323.78125,195261.796875,166475.78125
AO090701000824,,,,,,,,,,,,
AO090026000138,,,,192.3,245.5,219.5,,,,361712.125,561826.0625,360680.5625
AO090005001321,,,,236.8,484.8,282.0,,,,79350.8984375,197618.34375,82505.5
AO090009000250,,,,380.0,757.6,362.4,,,,121276.1640625,294161.5,101009.6015625
AO090102000065,,,,700.1,,799.9,,,,261376.6875,,260763.953125
AO090023000806,,,,418.0,568.9,513.1,,,,134561.109375,222783.8125,144224.671875
AO090003000269,,29.6,12.0,157.9,229.1,187.9,,29970.775390625,9766.251953125,170355.921875,300753.84375,177000.546875
AO090005001312,,,,300.4,324.7,297.7,,,,122642.7578125,161319.328125,106157.4765625
AO090012000363,,,,,,,,,,,,
AO090003001144,,,,437.4,549.6,284.0,,,,114113.984375,174443.8125,64705.08203125
AO090038000111,265.5,113.4,350.2,,,,110684.7578125,58155.08984375,144338.625,,,
AO090023000766,,,,,,,,,,,,
AO090012000554,,,,,,1500.0,,,,,,205119.75
AO090020000583,,,,399.6,504.9,439.7,,,,254584.8125,391293.9375,244606.546875
AO090005001084,,,,516.0,467.6,516.4,,,,185491.75,204505.796875,162082.390625
AO090012000964,162.7,38.9,15.0,212.9,241.9,206.7,241529.84375,70975.3359375,22083.03125,414415.65625,572706.125,351274.15625
AO090005001507,,,175.5,,545.4,,,,77561.53125,,388908.34375,
AO090102000273,,,,752.0,107.6,640.4,,,,264451.21875,46036.6484375,196659.890625
AO090005001035,,,,,,,,,,,,
AO090701000124,,,,,1500.0,,,,,,177196.84375,
AO090009000295,,,,,1500.0,,,,,,402984.0,
AO090166000070,,,,475.0,582.6,442.4,,,,213042.796875,317902.375,173292.421875
AO090023000332,,,,,1500.0,,,,,,131378.328125,
AO090701000294,,,,180.1,145.1,157.9,,,,247219.03125,242259.125,189309.234375
AO090120000280,,,,408.1,330.0,455.2,,,,126283.1171875,124238.5,123026.1484375
AO090012000638,,,,285.1,435.8,333.2,,,,175674.09375,326786.0,179330.515625
AO090026000816,,,,483.2,556.1,460.7,,,,192334.90625,269299.40625,160155.421875
AO090005000469,,,,204.3,383.8,262.8,,,,160621.46875,367145.0625,180445.703125
AO090166000051,46.1,134.9,21.5,116.5,207.6,116.3,40030.43359375,144202.484375,18470.228515625,132600.375,287594.40625,115584.625
AO090012000172,,,,409.5,618.8,298.1,,,,94236.4609375,173262.625,59897.8359375
AO090010000311,,,,283.4,697.0,253.6,,,,137812.171875,412345.34375,107694.84375
AO090005000416,,,,249.0,796.5,267.0,,,,128454.3203125,499996.3125,120308.578125
AO090011000142,,,,253.3,750.3,496.4,,,,89970.875,324294.0625,153991.375
AO090009000630,21.9,57.5,12.5,198.8,202.9,180.1,61927.71875,199739.234375,34968.24609375,736106.375,914092.3125,582298.5
AO090020000508,36.1,58.6,34.5,11.0,,,76498.296875,153113.046875,72317.46875,30731.65234375,,
AO090010000783,70.5,9.8,8.4,4.6,2.4,7.7,798542.0625,136466.234375,93812.4296875,68058.4375,44246.88671875,99461.1171875
AO090020000500,,,,441.3,248.5,362.2,,,,281729.09375,192967.828125,201896.9375
AO090003000685,,,,252.2,499.1,230.4,,,,58714.25390625,141362.765625,46835.796875
AO090005001150,,,,361.6,507.6,350.5,,,,92054.25,157203.390625,77909.546875
AO090038000415,,,,633.2,325.0,541.8,,,,3350312.75,2091923.75,2503084.0
AO090120000485,,,,515.8,488.8,495.5,,,,98857.21875,113974.28125,82927.3046875
AO090023001010,,,,517.2,372.0,610.8,,,,67004.8046875,58632.984375,69099.109375
AO090020000418,,,,294.7,257.7,291.0,,,,412689.34375,439126.96875,355883.5
AO090102000297,,,,432.6,661.5,405.9,,,,66697.9375,124070.84375,54641.84375
AO090005001561,,,,285.0,503.0,312.7,,,,92209.265625,197976.21875,88331.7890625
AO090023000113,16.4,31.7,48.3,44.2,74.3,54.7,9852.5703125,23448.140625,28735.111328125,34883.14453125,71327.4296875,37683.8984375
AO090003000197,,,,567.9,309.3,622.8,,,,191929.640625,127204.2421875,183810.484375
AO090011000036,91.3,35.6,68.2,15.8,24.9,16.9,95786.5703125,45961.078125,70747.4765625,21738.109375,41724.12890625,20269.8203125
AO090009000570,10.3,14.4,9.8,91.9,71.0,89.6,19620.013671875,33777.6640625,18587.91015625,230062.546875,216431.8125,196036.65625
AO090009000130,,,,331.3,697.7,343.4,,,,171408.375,439215.59375,155173.359375
AO090020000634,,,,406.8,352.6,536.5,,,,159027.09375,167702.640625,183145.5625
AO090026000198,,,,,,,,,,,,
AO090701000021,,,,438.2,464.8,448.5,,,,71929.75,92821.71875,64292.78515625
AO090120000479,,,,243.4,554.1,382.9,,,,85332.84375,236384.890625,117227.671875
AO090005001450,,,,530.9,419.9,549.3,,,,153507.578125,147709.375,138689.046875
AO090701000754,,,,,706.2,,,,,,111976.734375,
AO090005001248,,,,304.7,793.2,402.1,,,,265618.125,841196.8125,306060.5
AO090003000265,,,,311.2,631.2,342.3,,,,151205.171875,373149.84375,145231.890625
AO090023000916,,,,286.5,489.8,546.1,,,,170697.625,355095.4375,284155.96875
AO090103000044,,,,296.3,345.3,346.6,,,,116944.984375,165834.953125,119475.5625
AO090124000024,,,,201.8,253.6,208.4,,,,104283.3828125,159412.890625,94028.5703125
AO090001000024,,,,408.9,413.6,383.9,,,,2233601.0,2748837.25,1831174.625
AO090009000395,,,,421.3,694.7,384.0,,,,235348.046875,472215.84375,187320.234375
AO090038000561,,,,167.1,348.6,138.2,,,,47646.44140625,120888.6015625,34398.015625
AO090012000915,,,,349.6,669.0,387.4,,,,150715.53125,350959.15625,145871.109375
AO090005001486,,,,203.6,255.1,223.1,,,,310970.46875,474123.125,297595.34375
AO090026000450,,,,453.3,389.3,396.6,,,,176874.875,184821.984375,135129.375
AO090026000477,108.0,354.5,307.8,24.5,68.1,33.1,217738.5,879021.25,613457.625,64814.015625,219001.328125,76438.7265625
AO090003001514,27.4,35.1,,141.3,217.3,135.3,28958.37109375,45632.5625,,195574.859375,365810.53125,163527.484375
AO090011000351,,9.5,6.1,192.7,373.4,218.4,,17350.6640625,8903.341796875,374458.4375,883087.875,370619.15625
AO090003000054,,,,355.5,503.2,321.5,,,,569423.125,980793.25,449762.90625
AO090020000105,,,,122.7,122.5,128.9,,,,126310.25,153384.078125,115844.3359375
AO090003001096,,,28.6,348.8,450.7,271.1,,,7041.701171875,113975.6875,179193.21875,77358.7578125
AO090011000338,,,,554.0,462.6,483.4,,,,370417.96875,376271.625,282210.375
AO090003000236,,,,160.3,1127.8,211.8,,,,27546.509765625,235758.984375,31781.482421875
AO090102000653,42.9,,,274.7,755.0,282.8,28197.3984375,,,236653.296875,791361.375,212717.40625
AO090005000577,,,,493.5,426.9,546.3,,,,131083.765625,137947.84375,126723.421875
AO090012000188,352.2,125.9,193.8,,19.3,,359757.15625,158278.0,195698.78125,,31432.53125,
AO090011000635,,,,514.2,404.5,506.6,,,,521445.15625,499053.0,448627.53125
AO090023000696,,,,,678.6,327.9,,,,,216342.53125,75036.875
AO090001000143,96.3,85.2,58.6,168.0,159.7,155.4,90564.8984375,98585.7109375,54458.82421875,207093.34375,239549.484375,167322.796875
AO090005000888,,,,,644.8,,,,,,560798.125,
AO090001000627,31.5,,,220.0,383.8,243.8,17494.876953125,,,160353.1875,340403.21875,155179.15625
AO090003000018,,,,,1500.0,,,,,,290013.09375,
AO090138000075,,,,447.8,340.9,534.5,,,,280395.84375,259671.828125,292234.8125
AO090166000081,117.2,77.2,87.6,,,,88268.796875,71535.859375,65259.78515625,,,
AO090103000342,18.3,127.7,22.1,417.5,309.2,474.5,13455.6396484375,115367.8828125,16075.4189453125,401822.46875,362113.25,398858.375
AO090026000119,,36.9,35.1,275.0,200.9,218.8,,14774.52734375,11288.2265625,117193.953125,104196.6328125,81433.9296875
AO090011000846,,,,290.7,716.4,320.2,,,,69571.265625,208610.984375,66914.5234375
AO090020000395,,,,319.6,515.3,329.8,,,,117806.7890625,231114.9375,106145.2734375
AO090020000405,561.6,,744.3,66.0,128.1,,161073.734375,,211076.265625,24833.166015625,58609.93359375,
AO090003001326,,,,587.7,,912.3,,,,468314.3125,,634783.875
AO090023000698,,,,492.2,502.6,420.9,,,,318743.90625,395970.03125,237996.875
AO090003000005,,,,428.1,321.7,487.9,,,,1076274.0,984113.875,1071283.0
AO090011000717,,30.6,24.9,233.8,412.9,365.8,,18612.37890625,12178.9609375,151338.59375,325121.6875,206720.859375
AO090009000483,136.7,184.6,183.9,86.2,112.9,81.7,495624.0,823102.5625,658956.125,409746.625,652442.1875,338966.625
AO090701000002,,,,356.3,736.6,407.1,,,,127730.03125,321248.53125,127420.1796875
AO090001000083,22.7,15.6,32.6,340.2,83.1,418.9,938495.125,793410.625,1330511.75,18400638.0,5466843.0,19782490.0
AO090011000782,24.6,,,121.2,666.3,126.1,25611.4375,,,165576.96875,1107490.0,150369.125
AO090026000145,,,51.0,84.0,24.3,111.8,,,16132.1923828125,35258.69140625,12389.8369140625,40984.28125
AO090005001595,10.3,15.6,20.0,174.3,287.7,184.9,13907.92578125,25911.16015625,26690.58984375,308250.125,619188.375,285575.03125
AO090124000065,,,,471.1,517.3,462.0,,,,723752.6875,966953.6875,619885.3125
AO090701000517,23.7,6.3,10.2,52.4,114.4,66.4,201334.609375,65571.8984375,86194.671875,585001.5,1553623.875,646500.3125
AO090005001467,,13.2,76.9,41.8,52.8,44.9,,8209.1376953125,38317.66015625,27570.931640625,42411.8515625,25884.619140625
AO090001000240,,,,,,,,,,,,
AO090005001351,,,,481.4,456.9,545.3,,,,1642673.25,1896802.625,1624660.625
AO090026000292,,,,394.9,674.5,430.6,,,,84571.4765625,175730.640625,80516.6640625
AO090701000885,21.0,42.5,27.0,32.2,38.1,30.7,11439.8056640625,28476.99609375,14545.966796875,22965.94921875,33069.59765625,19144.373046875
AO090010000210,,,,253.5,192.5,213.9,,,,410266.65625,379033.625,302296.125
AO090009000211,,,,513.3,309.5,337.1,,,,129392.125,94913.078125,74202.9375
AO090010000764,,,,362.3,366.6,371.0,,,,263364.59375,324194.0,235469.296875
AO090026000815,,,,632.7,412.9,454.3,,,,77552.96875,61583.1171875,48630.67578125
AO090026000452,,,,174.5,200.4,212.5,,,,354432.3125,495106.15625,376811.3125
AO090009000474,,,,,,,,,,,,
AO090701000742,,,,,363.7,,,,,,123826.1015625,
AO090011000875,,,,326.3,885.5,288.2,,,,70160.53125,231684.078125,54125.69921875
AO090010000689,,,,,863.2,,,,,,367855.3125,
AO090020000676,21.2,62.6,9.7,123.8,105.0,110.7,59344.53515625,215938.78125,26788.03125,455108.90625,469697.84375,355445.5625
AO090026000785,,,,,,,,,,,,
AO090102000585,,,,373.7,420.8,340.7,,,,255728.765625,350336.03125,203605.40625
AO090011000446,,,,454.7,495.9,504.1,,,,406435.5,539236.5,393414.21875
AO090005001272,,,,390.7,772.9,336.4,,,,178294.34375,429097.15625,134032.59375
AO090011000364,68.8,75.0,87.0,,123.0,,27044.904296875,36268.65625,33818.7265625,,77128.75,
AO090005001653,103.2,125.0,104.7,,,,2118455.0,3158032.75,2126187.5,,,
AO090020000279,,,,110.2,78.9,127.4,,,,180560.65625,157208.890625,182175.140625
AO090011000866,,316.0,396.2,,,,,230401.890625,232166.34375,,,
AO090102000239,,,,374.9,684.6,405.5,,,,1972172.125,4381779.0,1862807.125
AO090113000083,185.4,175.1,200.3,139.3,152.2,127.9,252966.125,294054.375,270179.65625,249125.015625,331184.28125,199800.40625
AO090005000892,17.8,9.1,11.1,204.4,340.8,204.9,55761.27734375,35121.97265625,34317.80078125,840438.75,1704672.875,735626.375
AO090102000136,,,,,93.6,,,,,,249908.90625,
AO090701000577,,,,,,,,,,,,
AO090011000174,,,,339.1,456.8,299.0,,,,189982.421875,311410.9375,146313.046875
AO090103000169,,,,405.2,525.9,304.2,,,,161792.28125,255501.921875,106088.1640625
AO090103000170,,,,247.2,967.7,285.1,,,,90039.15625,428738.71875,90662.75
AO090120000041,,,,454.3,663.9,381.8,,,,162374.28125,288670.03125,119158.8125
AO090020000555,,,,,,,,,,,,
AO090020000013,,,,454.9,453.0,427.6,,,,78950.734375,95659.9296875,64799.046875
AO090001000710,48.3,16.2,48.2,278.5,632.4,372.3,17651.6796875,7295.54150390625,17414.21875,133519.21875,368851.46875,155858.8125
AO090003000975,7.7,14.2,17.1,52.5,185.4,49.1,8056.43017578125,18235.083984375,17678.796875,71906.421875,309202.3125,58737.7265625
AO090023000946,,,9.5,,,,,,15860.4814453125,,,
AO090038000296,,,,505.7,534.4,459.9,,,,120476.140625,154903.5625,95683.7890625
AO090023000365,,,,,,,,,,,,
AO090001000196,,,,356.6,312.0,316.4,,,,89425.953125,95216.671875,69296.234375
AO090001000192,,,,,,,,,,,,
AO090038000451,,,,280.1,526.2,298.3,,,,189516.921875,433201.34375,176268.8125
AO090005001491,,,,246.1,268.5,257.4,,,,156345.765625,207579.34375,142820.515625
AO090120000273,,,,324.3,849.7,326.0,,,,63623.57421875,202826.46875,55859.546875
AO090120000078,,,,433.9,384.0,424.1,,,,155662.875,167605.46875,132855.0625
AO090010000562,83.0,73.3,85.6,37.6,72.2,63.7,50666.82421875,55032.12109375,51650.8515625,30045.740234375,70279.609375,44491.48046875
AO090001000293,72.2,48.6,26.8,33.1,45.3,42.7,156601.515625,129798.78125,57528.78515625,94195.6015625,156781.171875,106148.7578125
AO090023000500,,,,424.3,626.4,449.3,,,,76763.734375,137864.140625,70977.1015625
AO090023000303,,,,452.9,568.9,446.0,,,,180222.671875,275432.375,154992.15625
AO090026000443,230.9,359.8,,,,,26299.416015625,50436.76953125,,,,
AO090011000493,,,,135.9,75.7,117.5,,,,144755.955078125,98129.078125,109279.42578125
AO090701000149,60.7,70.7,,341.4,433.9,346.9,11344.587890625,16257.16015625,,83637.7578125,129344.53125,74214.25
AO090010000464,,,,418.1,525.2,405.2,,,,118201.8203125,180654.78125,100030.0546875
AO090009000715,,,,196.5,325.0,217.1,,,,407288.28125,819586.125,393025.15625
AO090001000350,9.4,31.3,18.2,22.0,24.2,21.8,8935.0625,36695.27734375,17144.4921875,27518.193359375,36795.96875,23758.84375
AO090026000725,,,,591.7,390.3,518.0,,,,315047.3125,252847.421875,240828.75
AO090012000802,,,,359.8,508.4,406.4,,,,151674.0625,260727.5,149582.34375
AO090001000075,201.7,18.7,,239.4,431.0,261.4,181930.453125,20709.77734375,,283039.21875,619916.375,269852.9375
AO090005001355,64.6,146.2,,,184.2,,21046.822265625,58645.26171875,,,95751.8671875,
AO090003000247,,,,,,,,,,,,
AO090001000680,,,,250.9,673.0,244.1,,,,57615.375,187992.984375,48948.3125
AO090020000232,265.1,263.7,267.0,,,,217387.28125,266130.25,216499.1875,,,
